Starting Job
/esat/smcdata/users/kkontras/Image_Dataset/no_backup/git/Synergy/train.py
/esat/smcdata/users/kkontras/Image_Dataset/no_backup/envs/synergy_new/bin/python
Python 3.10.19
/esat/smcdata/users/kkontras/Image_Dataset/no_backup/git/Synergy
We have 1 GPU
/esat/smcdata/users/kkontras/Image_Dataset/no_backup/git/Synergy/train.py
config-./configs/CREMA_D/synergy/jan/synprom_RMask.json
Executing command: python /esat/smcdata/users/kkontras/Image_Dataset/no_backup/git/Synergy/train.py --config ./configs/CREMA_D/synergy/jan/synprom_RMask.json --default_config ./configs/CREMA_D/default_config_cremadplus_res_syn.json --fold 0 --l 0 --lr 0.0001 --wd 0.0001 --cls mlp --batch_size 64
Namespace(config='./configs/CREMA_D/synergy/jan/synprom_RMask.json', default_config='./configs/CREMA_D/default_config_cremadplus_res_syn.json', fold='0', alpha=None, tanh_mode=None, tanh_mode_beta=None, regby=None, clip=None, batch_size='64', l='0', multil=None, l_diffsq=None, lib=None, ratio_us=None, ratio_snr=None, kmepoch=None, num_samples=None, pow=None, nstep=None, contrcoeff=None, kde_coeff=None, etube=None, temperature=None, contr_type=None, shuffle_type=None, validate_with=None, transform_type=None, trasform_before=None, num_classes=None, base_alpha=None, alpha_var=None, base_beta=None, beta_var=None, optim_method=None, ilr_c=None, ilr_g=None, mmcosine_scaling=None, ending_epoch=None, load_ongoing=None, commonlayers=None, recon_weight1=None, recon_weight2=None, recon_epochstages=None, recon_ensemblestages=None, lr='0.0001', wd='0.0001', mm=None, cls='mlp', perturb=None, perturb_fill=None, perturb_pmax=None, perturb_pmin=None, perturb_lsparse=None, pre=False, frozen=False, tdqm_disable=False, start_over=False)
2026-01-15 08:53:17,687 - Config - INFO - ./configs/CREMA_D/synergy/jan/synprom_RMask.json
2026-01-15 08:53:17,690 - Config - INFO -  THE Configuration of your experiment ..
{'agent': 'Agent',
 'dataset': {'data_roots': '/esat/smcdata/users/kkontras/Image_Dataset/no_backup/CremaD/CREMA-D',
             'data_split': {'fold': 0, 'method': 'non_inclusive'},
             'dataloader_class': 'CramedDPlus_Dataloader',
             'fps': 1,
             'ironic_label_name': 'SARCASM',
             'ironic_modes': ['train', 'val', 'test'],
             'ironic_rate': 1.0,
             'norm': False,
             'norm_face_path': './mydatasets/CREMAD/norm_face_path_fold{}.pkl',
             'norm_wav_path': './mydatasets/CREMAD/wav_norm_22050_fold{}.pkl',
             'num_frame': 3,
             'return_data': {'audio': False,
                             'face': False,
                             'spectrogram': True,
                             'video': True},
             'sampling_rate': 22050},
 'early_stopping': {'end_of_epoch_check': True,
                    'log_interval': 10,
                    'max_epoch': 1500,
                    'n_steps_stop': 30,
                    'n_steps_stop_after': 0,
                    'save_every_step': 3000,
                    'save_every_valstep': 10,
                    'validate_after': 0,
                    'validate_every': 25,
                    'validate_with': 'accuracy'},
 'exp_name': 'CREMAD Experiment',
 'model': {'args': {'bias_infusion': {'contrcoeff': 0.0, 'l': 1.0},
                    'cls_type': 'mlp',
                    'd_model': 512,
                    'dropout': 0.1,
                    'fc_inner': 64,
                    'in_dim': 64,
                    'multi_loss': {'multi_supervised_w': {'c': 1,
                                                          'combined': 1,
                                                          'g': 1}},
                    'norm_decision': False,
                    'num_classes': 7,
                    'synergy_type': 'gaussian'},
           'ceu': {'test': './cremadplus_ceu_test_res.pkl',
                   'val': './cremadplus_ceu_val_res.pkl'},
           'encoders': [{'args': {'d_model': 512,
                                  'dropout': 0.1,
                                  'fc_inner': 64,
                                  'freeze_encoder': False,
                                  'num_classes': 7},
                         'model': 'Audio_ResNet',
                         'name': 'enc_0_modality1_encoder',
                         'pretrainedEncoder': {'dir': 'unimodal_audio_fold{}_lr0.001_wd0.0001_bs64.pth.tar',
                                               'use': True},
                         'save_encoder': False},
                        {'args': {'d_model': 512,
                                  'dropout': 0.1,
                                  'fc_inner': 64,
                                  'freeze_encoder': False,
                                  'num_classes': 7},
                         'model': 'Video_ResNet',
                         'name': 'enc_1_modality2_encoder',
                         'pretrainedEncoder': {'dir': 'unimodal_video_fold{}_lr0.0001_wd0.0001_bs64.pth.tar',
                                               'use': True},
                         'save_encoder': False},
                        {'args': {'d_model': 512,
                                  'dropout': 0.1,
                                  'fc_inner': 64,
                                  'freeze_encoder': False},
                         'model': 'FusionTrunkLinear',
                         'name': 'enc_2_fusion_trunk',
                         'pretrainedEncoder': {'dir': 'enc_2_fusion_trunk_fold{}.pth.tar',
                                               'use': False},
                         'save_encoder': False},
                        {'args': {'freeze_encoder': False,
                                  'in_dim': 64,
                                  'num_classes': 7},
                         'model': 'LinearHead',
                         'name': 'enc_3_fusion_head',
                         'pretrainedEncoder': {'dir': 'enc_3_fusion_head_fold{}.pth.tar',
                                               'use': False},
                         'save_encoder': False},
                        {'args': {'dropout': 0.1,
                                  'freeze_encoder': False,
                                  'hidden_dim': 64,
                                  'in_dim': 512,
                                  'num_classes': 7},
                         'model': 'MLPHead',
                         'name': 'enc_4_unimodal_head_1',
                         'pretrainedEncoder': {'dir': 'enc_4_unimodal1_fold{}.pth.tar',
                                               'use': False},
                         'save_encoder': False},
                        {'args': {'dropout': 0.1,
                                  'freeze_encoder': False,
                                  'hidden_dim': 64,
                                  'in_dim': 512,
                                  'num_classes': 7},
                         'model': 'MLPHead',
                         'name': 'enc_5_unimodal_head_2',
                         'pretrainedEncoder': {'dir': 'enc_5_unimodal2_fold{}.pth.tar',
                                               'use': False},
                         'save_encoder': False}],
           'load_ongoing': False,
           'model_class': 'FusionIBModel_Mask',
           'save_base_dir': '/esat/smcdata/users/kkontras/Image_Dataset/no_backup/data/2025_data/synergy/CremadPlus/v2',
           'save_dir': 'SynIB_RMask_{}.pth.tar'},
 'optimizer': {'beta1': 0.9,
               'beta2': 0.999,
               'learning_rate': 1e-05,
               'momentum': 0.9,
               'type': 'Adam',
               'weight_decay': 1e-05},
 'scheduler': {'max_lr': 0.03, 'type': 'cosanneal', 'warm_up_steps': 780},
 'training_params': {'async_loading': True,
                     'batch_size': 128,
                     'cuda': True,
                     'data_loader_workers': 8,
                     'gpu_device': [0],
                     'pin_memory': False,
                     'rec_test': True,
                     'res': True,
                     'seed': 109,
                     'tdqm_disable': False,
                     'test_batch_size': 128,
                     'test_on_bottoms': True,
                     'use_test_set': True,
                     'validation': True,
                     'verbose': True,
                     'wandb_disable': False}}
2026-01-15 08:53:17,706 - Config - INFO -  *************************************** 
2026-01-15 08:53:17,706 - Config - INFO - The experiment name is CREMAD Experiment
2026-01-15 08:53:17,706 - Config - INFO -  *************************************** 
2026-01-15 08:53:17,707 - root - INFO - save_dir: SynIB_RMask_fold0_l0_lr0.0001_wd0.0001_clsmlp_bs64.pth.tar
2026-01-15 08:53:17,805 - Cuda Statistics - INFO - __Python VERSION:  3.10.19 (main, Oct 21 2025, 16:43:05) [GCC 11.2.0]
2026-01-15 08:53:17,806 - Cuda Statistics - INFO - __pyTorch VERSION:  2.9.1+cu128
2026-01-15 08:53:17,806 - Cuda Statistics - INFO - __CUDA VERSION
2026-01-15 08:53:17,809 - Cuda Statistics - INFO - __CUDNN VERSION:  91002
2026-01-15 08:53:17,844 - Cuda Statistics - INFO - __Number CUDA Devices:  1
2026-01-15 08:53:17,844 - Cuda Statistics - INFO - __Devices
2026-01-15 08:53:17,844 - Cuda Statistics - INFO - index, name, driver_version, memory.total [MiB], memory.used [MiB], memory.free [MiB]
2026-01-15 08:53:17,844 - Cuda Statistics - INFO - 0, NVIDIA GeForce RTX 2080 Ti, 570.153.02, 11264 MiB, 4 MiB, 10820 MiB
2026-01-15 08:53:17,850 - Cuda Statistics - INFO - Active CUDA Device: GPU 0
2026-01-15 08:53:17,851 - Cuda Statistics - INFO - Available devices  1
2026-01-15 08:53:17,851 - Cuda Statistics - INFO - Current cuda device  0
2026-01-15 08:53:18,793 - CREMADPlusDataset - INFO - Loaded wav norm from ./mydatasets/CREMAD/wav_norm_22050_fold0.pkl
2026-01-15 08:53:18,812 - CREMADPlusDataset - INFO - [train] Ironic pairing enabled: ironic_rate=1.000, target≈673.7, requested_k=674, applied_k=674
2026-01-15 08:53:18,812 - CREMADPlusDataset - INFO - [train] Flipped-to-sarcasm counts by original class: {0: 135, 1: 143, 2: 94, 3: 111, 4: 98, 5: 93}
2026-01-15 08:53:18,812 - CREMADPlusDataset - INFO - [train] Top (orig_label -> donor_label) sarcasm pairs: [('FEA->HAP', 111), ('DIS->HAP', 98), ('SAD->HAP', 94), ('HAP->ANG', 55), ('HAP->DIS', 47), ('HAP->SAD', 41), ('ANG->HAP', 35), ('ANG->NEU', 35), ('NEU->HAP', 32), ('NEU->FEA', 28)]
2026-01-15 08:53:18,813 - CREMADPlusDataset - INFO - [train] Top donor indices reused (idx, times): [(1334, 4), (3408, 3), (2650, 3), (3255, 3), (3446, 3), (3674, 3), (1379, 3), (2982, 3), (4022, 3), (3631, 3)]
2026-01-15 08:53:18,813 - CREMADPlusDataset - INFO - [train] Label distribution after applying ironic pairs: {0: 570, 1: 695, 2: 476, 3: 512, 4: 525, 5: 590, 6: 674}
2026-01-15 08:53:18,833 - CREMADPlusDataset - INFO - Loaded wav norm from ./mydatasets/CREMAD/wav_norm_22050_fold0.pkl
2026-01-15 08:53:18,836 - CREMADPlusDataset - INFO - [val] Ironic pairing enabled: ironic_rate=1.000, target≈146.3, requested_k=146, applied_k=146
2026-01-15 08:53:18,836 - CREMADPlusDataset - INFO - [val] Flipped-to-sarcasm counts by original class: {0: 27, 1: 31, 2: 19, 3: 21, 4: 23, 5: 25}
2026-01-15 08:53:18,836 - CREMADPlusDataset - INFO - [val] Top (orig_label -> donor_label) sarcasm pairs: [('DIS->HAP', 23), ('FEA->HAP', 21), ('SAD->HAP', 19), ('HAP->DIS', 14), ('HAP->ANG', 12), ('NEU->HAP', 10), ('ANG->NEU', 9), ('ANG->SAD', 8), ('ANG->HAP', 8), ('HAP->SAD', 5)]
2026-01-15 08:53:18,836 - CREMADPlusDataset - INFO - [val] Top donor indices reused (idx, times): [(255, 3), (225, 3), (61, 2), (121, 2), (812, 2), (694, 2), (304, 2), (510, 2), (209, 2), (189, 2)]
2026-01-15 08:53:18,836 - CREMADPlusDataset - INFO - [val] Label distribution after applying ironic pairs: {0: 123, 1: 157, 2: 93, 3: 117, 4: 129, 5: 113, 6: 146}
2026-01-15 08:53:18,869 - CREMADPlusDataset - INFO - Loaded wav norm from ./mydatasets/CREMAD/wav_norm_22050_fold0.pkl
2026-01-15 08:53:18,888 - CREMADPlusDataset - INFO - [test] Ironic pairing enabled: ironic_rate=1.000, target≈149.8, requested_k=150, applied_k=150
2026-01-15 08:53:18,889 - CREMADPlusDataset - INFO - [test] Flipped-to-sarcasm counts by original class: {0: 22, 1: 28, 2: 23, 3: 18, 4: 29, 5: 30}
2026-01-15 08:53:18,889 - CREMADPlusDataset - INFO - [test] Top (orig_label -> donor_label) sarcasm pairs: [('DIS->HAP', 29), ('SAD->HAP', 23), ('FEA->HAP', 18), ('ANG->NEU', 13), ('HAP->ANG', 11), ('ANG->HAP', 11), ('HAP->SAD', 9), ('HAP->DIS', 8), ('NEU->HAP', 8), ('ANG->SAD', 6)]
2026-01-15 08:53:18,889 - CREMADPlusDataset - INFO - [test] Top donor indices reused (idx, times): [(606, 3), (246, 2), (796, 2), (75, 2), (612, 2), (686, 2), (425, 2), (281, 2), (501, 2), (115, 2)]
2026-01-15 08:53:18,889 - CREMADPlusDataset - INFO - [test] Label distribution after applying ironic pairs: {0: 125, 1: 162, 2: 95, 3: 123, 4: 109, 5: 135, 6: 150}
2026-01-15 08:53:18,898 - Agent - INFO - Device: cuda:0
2026-01-15 08:53:18,899 - Agent - INFO - Total training batches: 64, validate every 25 batches, steps per epoch: 3
2026-01-15 08:53:21,839 - Agent - INFO - Loss Weights are {'total': 1, 'combined': 1, 'c': 1, 'g': 1}
2026-01-15 08:53:24,128 - root - INFO - Loading enc best model state dict from /esat/smcdata/users/kkontras/Image_Dataset/no_backup/data/2025_data/synergy/CremadPlus/v2/unimodal_audio_fold0_lr0.001_wd0.0001_bs64.pth.tar
2026-01-15 08:53:25,212 - root - INFO - Loading enc best model state dict from /esat/smcdata/users/kkontras/Image_Dataset/no_backup/data/2025_data/synergy/CremadPlus/v2/unimodal_video_fold0_lr0.0001_wd0.0001_bs64.pth.tar
2026-01-15 08:53:25,296 - Agent - INFO - Total number of trainable parameters are: 22487018
2026-01-15 08:54:32,421 - Agent - INFO - [37mVal Epoch 0 step 0 with [31mce_loss_combined : 2.045220 [31mce_loss_c : 1.383450 [31mce_loss_g : 1.751162 [31mtotal : 2.045220 [94mAcc_combined: 12.19 [94mAcc_c: 53.08 [94mAcc_g: 43.28 [97mS:[93m3.8%[97m([91m1.1c[97m-[94mF1:4.1%) [97mU1:[93m13.9%[97m([91m3.3c[97m) [97mU2:[93m10.9%[97m([91m2.2c[97m) [97mR:[93m20.9%[97m([91m5.6c[97m) [97mS-L: [92m0:[96m50% [92m2:[96m3% [92m3:[96m16% [92m5:[96m5% [92m6:[96m1%[39m [34mF1_perclass: 29.3-1.7-1.8-8.4-0.0-2.4-1.3 [39m[39m
2026-01-15 08:54:32,446 - Agent - INFO - [37mTest Epoch 0 step 0 with [31mce_loss_combined : 2.022011 [31mce_loss_c : 1.492977 [31mce_loss_g : 1.984664 [31mtotal : 2.022011 [94mAcc_combined: 14.57 [94mAcc_c: 46.38 [94mAcc_g: 39.38 [97mS:[93m6.2%[97m([91m1.8c[97m-[94mF1:5.8%) [97mU1:[93m22.9%[97m([91m5.6c[97m) [97mU2:[93m11.0%[97m([91m2.7c[97m) [97mR:[93m20.0%[97m([91m4.6c[97m) [97mS-L: [92m0:[96m42% [92m2:[96m3% [92m3:[96m19% [92m4:[96m4% [92m5:[96m5% [92m6:[96m1%[39m [34mF1_perclass: 27.5-0.0-2.1-22.0-5.6-1.3-1.3 [39m[39m
2026-01-15 08:54:32,775 - Agent - INFO - [37mModel saved successfully at: /esat/smcdata/users/kkontras/Image_Dataset/no_backup/data/2025_data/synergy/CremadPlus/v2/SynIB_RMask_fold0_l0_lr0.0001_wd0.0001_clsmlp_bs64.pth.tar[39m
2026-01-15 08:54:32,784 - Agent - INFO - Total number of trainable parameters are: 22487018
2026-01-15 08:56:28,284 - Agent - INFO - [37mVal Epoch 1 step 1 with [31mce_loss_combined : 1.105580 [31mce_loss_c : 1.455226 [31mce_loss_g : 1.939005 [31mtotal : 1.105580 [94mAcc_combined: 59.00 [94mAcc_c: 51.71 [94mAcc_g: 32.00 [97mS:[93m30.7%[97m([91m9.1c[97m-[94mF1:28.7%) [97mU1:[93m64.6%[97m([91m15.4c[97m) [97mU2:[93m51.7%[97m([91m10.3c[97m) [97mR:[93m91.0%[97m([91m24.3c[97m) [97mS-L: [92m0:[96m50% [92m1:[96m48% [92m2:[96m16% [92m3:[96m52% [92m4:[96m13% [92m5:[96m35% [92m6:[96m29%[39m [34mF1_perclass: 68.6-70.4-39.2-52.8-67.5-76.2-29.5 [39m[39m
2026-01-15 08:56:28,336 - Agent - INFO - [37mTest Epoch 1 step 1 with [31mce_loss_combined : 1.165573 [31mce_loss_c : 1.609750 [31mce_loss_g : 1.720712 [31mtotal : 1.165573 [94mAcc_combined: 59.18 [94mAcc_c: 44.61 [94mAcc_g: 33.26 [97mS:[93m26.1%[97m([91m7.5c[97m-[94mF1:19.9%) [97mU1:[93m69.7%[97m([91m16.9c[97m) [97mU2:[93m60.7%[97m([91m14.8c[97m) [97mR:[93m87.8%[97m([91m20.0c[97m) [97mS-L: [92m0:[96m8% [92m1:[96m25% [92m2:[96m11% [92m3:[96m58% [92m4:[96m8% [92m5:[96m38% [92m6:[96m25%[39m [34mF1_perclass: 69.8-80.6-37.8-52.3-65.7-66.0-28.8 [39m[39m
2026-01-15 08:56:30,260 - Agent - INFO - [37mModel saved successfully at: /esat/smcdata/users/kkontras/Image_Dataset/no_backup/data/2025_data/synergy/CremadPlus/v2/SynIB_RMask_fold0_l0_lr0.0001_wd0.0001_clsmlp_bs64.pth.tar[39m
2026-01-15 08:56:30,267 - Agent - INFO - Total number of trainable parameters are: 22487018
2026-01-15 08:58:39,065 - Agent - INFO - [37mVal Epoch 2 step 2 with [31mce_loss_combined : 1.146354 [31mce_loss_c : 1.477895 [31mce_loss_g : 1.688907 [31mtotal : 1.146354 [94mAcc_combined: 59.45 [94mAcc_c: 49.66 [94mAcc_g: 35.31 [97mS:[93m34.9%[97m([91m10.4c[97m-[94mF1:31.1%) [97mU1:[93m67.0%[97m([91m15.9c[97m) [97mU2:[93m47.1%[97m([91m9.3c[97m) [97mR:[93m89.3%[97m([91m23.8c[97m) [97mS-L: [92m0:[96m25% [92m1:[96m57% [92m2:[96m27% [92m3:[96m39% [92m4:[96m30% [92m5:[96m20% [92m6:[96m36%[39m [34mF1_perclass: 66.2-73.0-48.2-56.7-67.4-72.6-32.1 [39m[39m
2026-01-15 08:58:39,151 - Agent - INFO - [37mTest Epoch 2 step 2 with [31mce_loss_combined : 1.364851 [31mce_loss_c : 1.700553 [31mce_loss_g : 1.691718 [31mtotal : 1.364851 [94mAcc_combined: 57.95 [94mAcc_c: 43.27 [94mAcc_g: 38.04 [97mS:[93m25.3%[97m([91m7.2c[97m-[94mF1:16.8%) [97mU1:[93m72.5%[97m([91m17.6c[97m) [97mU2:[93m57.1%[97m([91m13.9c[97m) [97mR:[93m84.4%[97m([91m19.2c[97m) [97mS-L: [92m1:[96m12% [92m2:[96m3% [92m3:[96m47% [92m4:[96m21% [92m5:[96m19% [92m6:[96m31%[39m [34mF1_perclass: 62.2-76.4-42.9-52.6-61.5-66.4-35.5 [39m[39m
2026-01-15 08:58:40,222 - Agent - INFO - [37mModel saved successfully at: /esat/smcdata/users/kkontras/Image_Dataset/no_backup/data/2025_data/synergy/CremadPlus/v2/SynIB_RMask_fold0_l0_lr0.0001_wd0.0001_clsmlp_bs64.pth.tar[39m
2026-01-15 08:58:40,231 - Agent - INFO - Total number of trainable parameters are: 22487018
2026-01-15 09:00:47,515 - Agent - INFO - [37mVal Epoch 3 step 3 with [31mce_loss_combined : 1.322214 [31mce_loss_c : 1.529901 [31mce_loss_g : 1.607716 [31mtotal : 1.322214 [94mAcc_combined: 57.40 [94mAcc_c: 49.54 [94mAcc_g: 41.00 [97mS:[93m27.2%[97m([91m8.1c[97m-[94mF1:21.7%) [97mU1:[93m67.9%[97m([91m16.2c[97m) [97mU2:[93m47.1%[97m([91m9.3c[97m) [97mR:[93m89.3%[97m([91m23.8c[97m) [97mS-L: [92m0:[96m25% [92m1:[96m96% [92m2:[96m19% [92m3:[96m23% [92m4:[96m7% [92m5:[96m10% [92m6:[96m26%[39m [34mF1_perclass: 67.3-68.6-53.3-47.9-59.9-71.6-25.3 [39m[39m
2026-01-15 09:00:47,828 - Agent - INFO - [37mTest Epoch 3 step 3 with [31mce_loss_combined : 1.668363 [31mce_loss_c : 1.598790 [31mce_loss_g : 1.861084 [31mtotal : 1.668363 [94mAcc_combined: 52.50 [94mAcc_c: 43.72 [94mAcc_g: 33.15 [97mS:[93m22.2%[97m([91m6.3c[97m-[94mF1:15.0%) [97mU1:[93m63.3%[97m([91m15.4c[97m) [97mU2:[93m52.1%[97m([91m12.7c[97m) [97mR:[93m79.5%[97m([91m18.1c[97m) [97mS-L: [92m0:[96m25% [92m1:[96m62% [92m2:[96m5% [92m3:[96m6% [92m5:[96m24% [92m6:[96m34%[39m [34mF1_perclass: 66.1-61.2-42.9-35.0-42.9-68.3-33.4 [39m[39m
2026-01-15 09:00:47,833 - Agent - INFO - Total number of trainable parameters are: 22487018
2026-01-15 09:03:21,549 - Agent - INFO - [37mVal Epoch 4 step 4 with [31mce_loss_combined : 1.294106 [31mce_loss_c : 1.549675 [31mce_loss_g : 1.615952 [31mtotal : 1.294106 [94mAcc_combined: 57.97 [94mAcc_c: 47.84 [94mAcc_g: 40.43 [97mS:[93m34.1%[97m([91m10.1c[97m-[94mF1:30.3%) [97mU1:[93m63.2%[97m([91m15.0c[97m) [97mU2:[93m50.0%[97m([91m9.9c[97m) [97mR:[93m85.9%[97m([91m22.9c[97m) [97mS-L: [92m0:[96m25% [92m1:[96m65% [92m2:[96m32% [92m3:[96m55% [92m4:[96m17% [92m5:[96m20% [92m6:[96m30%[39m [34mF1_perclass: 65.1-73.7-43.4-51.3-70.2-69.5-32.0 [39m[39m
2026-01-15 09:03:21,649 - Agent - INFO - [37mTest Epoch 4 step 4 with [31mce_loss_combined : 1.452001 [31mce_loss_c : 1.657026 [31mce_loss_g : 1.686369 [31mtotal : 1.452001 [94mAcc_combined: 54.28 [94mAcc_c: 40.93 [94mAcc_g: 35.82 [97mS:[93m24.9%[97m([91m7.1c[97m-[94mF1:17.8%) [97mU1:[93m66.1%[97m([91m16.0c[97m) [97mU2:[93m53.0%[97m([91m12.9c[97m) [97mR:[93m80.0%[97m([91m18.2c[97m) [97mS-L: [92m0:[96m17% [92m1:[96m12% [92m2:[96m21% [92m3:[96m44% [92m4:[96m12% [92m5:[96m5% [92m6:[96m28%[39m [34mF1_perclass: 62.8-72.9-41.0-47.1-57.0-63.2-30.8 [39m[39m
2026-01-15 09:03:21,652 - Agent - INFO - Total number of trainable parameters are: 22487018
2026-01-15 09:06:16,370 - Agent - INFO - [37mVal Epoch 5 step 5 with [31mce_loss_combined : 1.402746 [31mce_loss_c : 1.557159 [31mce_loss_g : 2.004087 [31mtotal : 1.402746 [94mAcc_combined: 55.69 [94mAcc_c: 48.18 [94mAcc_g: 32.92 [97mS:[93m31.0%[97m([91m9.2c[97m-[94mF1:27.8%) [97mU1:[93m66.0%[97m([91m15.7c[97m) [97mU2:[93m43.7%[97m([91m8.7c[97m) [97mR:[93m82.9%[97m([91m22.1c[97m) [97mS-L: [92m1:[96m48% [92m2:[96m16% [92m3:[96m35% [92m4:[96m37% [92m5:[96m55% [92m6:[96m27%[39m [34mF1_perclass: 62.7-59.8-40.3-59.1-65.5-68.3-26.6 [39m[39m
2026-01-15 09:06:16,502 - Agent - INFO - [37mTest Epoch 5 step 5 with [31mce_loss_combined : 1.797724 [31mce_loss_c : 1.782208 [31mce_loss_g : 1.982963 [31mtotal : 1.797724 [94mAcc_combined: 50.06 [94mAcc_c: 40.04 [94mAcc_g: 35.60 [97mS:[93m23.0%[97m([91m6.6c[97m-[94mF1:18.3%) [97mU1:[93m64.7%[97m([91m15.7c[97m) [97mU2:[93m40.2%[97m([91m9.8c[97m) [97mR:[93m79.0%[97m([91m18.0c[97m) [97mS-L: [92m1:[96m38% [92m2:[96m3% [92m3:[96m31% [92m4:[96m25% [92m5:[96m43% [92m6:[96m25%[39m [34mF1_perclass: 58.3-65.5-33.8-44.1-55.3-56.4-26.9 [39m[39m
2026-01-15 09:06:16,505 - Agent - INFO - Total number of trainable parameters are: 22487018
2026-01-15 09:08:28,223 - Agent - INFO - [37mVal Epoch 6 step 6 with [31mce_loss_combined : 1.352645 [31mce_loss_c : 1.503532 [31mce_loss_g : 1.705580 [31mtotal : 1.352645 [94mAcc_combined: 56.95 [94mAcc_c: 49.32 [94mAcc_g: 37.36 [97mS:[93m30.3%[97m([91m9.0c[97m-[94mF1:27.2%) [97mU1:[93m67.5%[97m([91m16.1c[97m) [97mU2:[93m44.8%[97m([91m8.9c[97m) [97mR:[93m86.3%[97m([91m23.0c[97m) [97mS-L: [92m1:[96m61% [92m2:[96m14% [92m3:[96m39% [92m4:[96m40% [92m5:[96m35% [92m6:[96m25%[39m [34mF1_perclass: 62.0-69.7-42.2-57.5-63.4-72.9-25.7 [39m[39m
2026-01-15 09:08:28,344 - Agent - INFO - [37mTest Epoch 6 step 6 with [31mce_loss_combined : 1.852936 [31mce_loss_c : 1.765738 [31mce_loss_g : 1.790400 [31mtotal : 1.852936 [94mAcc_combined: 53.50 [94mAcc_c: 40.93 [94mAcc_g: 38.71 [97mS:[93m23.7%[97m([91m6.8c[97m-[94mF1:17.9%) [97mU1:[93m64.7%[97m([91m15.7c[97m) [97mU2:[93m50.2%[97m([91m12.2c[97m) [97mR:[93m82.4%[97m([91m18.8c[97m) [97mS-L: [92m1:[96m25% [92m2:[96m11% [92m3:[96m36% [92m4:[96m33% [92m5:[96m19% [92m6:[96m25%[39m [34mF1_perclass: 56.5-70.0-42.1-47.6-58.0-63.9-28.0 [39m[39m
2026-01-15 09:08:28,347 - Agent - INFO - Total number of trainable parameters are: 22487018
2026-01-15 09:10:36,120 - Agent - INFO - [37mVal Epoch 7 step 7 with [31mce_loss_combined : 1.447119 [31mce_loss_c : 1.551274 [31mce_loss_g : 1.561231 [31mtotal : 1.447119 [94mAcc_combined: 58.88 [94mAcc_c: 48.86 [94mAcc_g: 41.57 [97mS:[93m35.2%[97m([91m10.5c[97m-[94mF1:26.1%) [97mU1:[93m73.7%[97m([91m17.5c[97m) [97mU2:[93m40.2%[97m([91m8.0c[97m) [97mR:[93m85.9%[97m([91m22.9c[97m) [97mS-L: [92m0:[96m25% [92m1:[96m83% [92m2:[96m19% [92m3:[96m19% [92m4:[96m7% [92m5:[96m20% [92m6:[96m46%[39m [34mF1_perclass: 66.7-68.7-50.9-51.9-63.2-76.1-37.0 [39m[39m
2026-01-15 09:10:36,187 - Agent - INFO - [37mTest Epoch 7 step 7 with [31mce_loss_combined : 2.028521 [31mce_loss_c : 1.672362 [31mce_loss_g : 2.050461 [31mtotal : 2.028521 [94mAcc_combined: 47.27 [94mAcc_c: 41.60 [94mAcc_g: 32.04 [97mS:[93m26.5%[97m([91m7.6c[97m-[94mF1:12.1%) [97mU1:[93m50.0%[97m([91m12.1c[97m) [97mU2:[93m45.2%[97m([91m11.0c[97m) [97mR:[93m72.7%[97m([91m16.6c[97m) [97mS-L: [92m1:[96m62% [92m2:[96m5% [92m3:[96m3% [92m5:[96m10% [92m6:[96m49%[39m [34mF1_perclass: 57.3-61.0-27.9-27.2-44.8-65.1-33.0 [39m[39m
2026-01-15 09:10:36,188 - Agent - INFO - Total number of trainable parameters are: 22487018
2026-01-15 09:12:38,970 - Agent - INFO - [37mVal Epoch 8 step 8 with [31mce_loss_combined : 1.668455 [31mce_loss_c : 1.479828 [31mce_loss_g : 1.907964 [31mtotal : 1.668455 [94mAcc_combined: 52.62 [94mAcc_c: 50.23 [94mAcc_g: 28.70 [97mS:[93m34.5%[97m([91m10.3c[97m-[94mF1:29.8%) [97mU1:[93m59.8%[97m([91m14.2c[97m) [97mU2:[93m38.5%[97m([91m7.6c[97m) [97mR:[93m76.9%[97m([91m20.5c[97m) [97mS-L: [92m0:[96m25% [92m1:[96m26% [92m2:[96m35% [92m3:[96m39% [92m4:[96m33% [92m5:[96m25% [92m6:[96m37%[39m [34mF1_perclass: 59.7-49.5-45.3-53.9-61.4-72.0-31.5 [39m[39m
2026-01-15 09:12:39,292 - Agent - INFO - [37mTest Epoch 8 step 8 with [31mce_loss_combined : 1.719936 [31mce_loss_c : 1.709900 [31mce_loss_g : 1.672968 [31mtotal : 1.719936 [94mAcc_combined: 51.28 [94mAcc_c: 40.27 [94mAcc_g: 36.26 [97mS:[93m28.4%[97m([91m8.1c[97m-[94mF1:23.8%) [97mU1:[93m65.6%[97m([91m15.9c[97m) [97mU2:[93m40.6%[97m([91m9.9c[97m) [97mR:[93m76.1%[97m([91m17.4c[97m) [97mS-L: [92m1:[96m25% [92m2:[96m26% [92m3:[96m39% [92m4:[96m25% [92m5:[96m29% [92m6:[96m30%[39m [34mF1_perclass: 55.9-68.3-46.6-45.4-55.9-62.1-28.4 [39m[39m
2026-01-15 09:12:39,304 - Agent - INFO - Total number of trainable parameters are: 22487018
2026-01-15 09:15:08,323 - Agent - INFO - [37mVal Epoch 9 step 9 with [31mce_loss_combined : 1.571402 [31mce_loss_c : 1.645289 [31mce_loss_g : 1.742512 [31mtotal : 1.571402 [94mAcc_combined: 57.52 [94mAcc_c: 46.58 [94mAcc_g: 37.47 [97mS:[93m37.2%[97m([91m11.0c[97m-[94mF1:32.2%) [97mU1:[93m68.9%[97m([91m16.4c[97m) [97mU2:[93m41.4%[97m([91m8.2c[97m) [97mR:[93m82.1%[97m([91m21.9c[97m) [97mS-L: [92m1:[96m52% [92m2:[96m16% [92m3:[96m29% [92m4:[96m37% [92m5:[96m65% [92m6:[96m40%[39m [34mF1_perclass: 63.7-70.1-42.0-55.6-69.0-65.6-33.3 [39m[39m
2026-01-15 09:15:08,554 - Agent - INFO - [37mTest Epoch 9 step 9 with [31mce_loss_combined : 1.899086 [31mce_loss_c : 1.859920 [31mce_loss_g : 1.954328 [31mtotal : 1.899086 [94mAcc_combined: 47.72 [94mAcc_c: 39.04 [94mAcc_g: 38.26 [97mS:[93m21.0%[97m([91m6.0c[97m-[94mF1:13.5%) [97mU1:[93m63.3%[97m([91m15.4c[97m) [97mU2:[93m36.5%[97m([91m8.9c[97m) [97mR:[93m76.6%[97m([91m17.5c[97m) [97mS-L: [92m1:[96m25% [92m2:[96m3% [92m3:[96m8% [92m4:[96m8% [92m5:[96m57% [92m6:[96m29%[39m [34mF1_perclass: 56.9-60.3-36.5-38.2-49.5-59.2-26.0 [39m[39m
2026-01-15 09:15:08,559 - Agent - INFO - Total number of trainable parameters are: 22487018
2026-01-15 09:17:31,141 - Agent - INFO - [37mVal Epoch 10 step 10 with [31mce_loss_combined : 1.571100 [31mce_loss_c : 1.631461 [31mce_loss_g : 2.053809 [31mtotal : 1.571100 [94mAcc_combined: 57.52 [94mAcc_c: 49.09 [94mAcc_g: 30.64 [97mS:[93m29.1%[97m([91m8.7c[97m-[94mF1:27.3%) [97mU1:[93m72.2%[97m([91m17.2c[97m) [97mU2:[93m42.0%[97m([91m8.3c[97m) [97mR:[93m87.6%[97m([91m23.3c[97m) [97mS-L: [92m1:[96m57% [92m2:[96m19% [92m3:[96m26% [92m4:[96m40% [92m5:[96m50% [92m6:[96m22%[39m [34mF1_perclass: 65.7-67.7-42.7-53.2-64.8-70.1-25.3 [39m[39m
2026-01-15 09:17:31,201 - Agent - INFO - [37mTest Epoch 10 step 10 with [31mce_loss_combined : 1.842573 [31mce_loss_c : 1.707200 [31mce_loss_g : 2.412438 [31mtotal : 1.842573 [94mAcc_combined: 51.17 [94mAcc_c: 42.60 [94mAcc_g: 30.81 [97mS:[93m26.1%[97m([91m7.5c[97m-[94mF1:21.2%) [97mU1:[93m65.1%[97m([91m15.8c[97m) [97mU2:[93m43.4%[97m([91m10.6c[97m) [97mR:[93m76.1%[97m([91m17.4c[97m) [97mS-L: [92m0:[96m8% [92m1:[96m62% [92m2:[96m16% [92m3:[96m19% [92m4:[96m33% [92m5:[96m24% [92m6:[96m30%[39m [34mF1_perclass: 60.5-66.8-47.8-37.0-50.8-57.3-29.1 [39m[39m
2026-01-15 09:17:32,794 - Agent - INFO - Total number of trainable parameters are: 22487018
2026-01-15 09:19:26,315 - Agent - INFO - [37mVal Epoch 11 step 11 with [31mce_loss_combined : 1.655551 [31mce_loss_c : 1.561069 [31mce_loss_g : 1.845976 [31mtotal : 1.655551 [94mAcc_combined: 54.90 [94mAcc_c: 48.06 [94mAcc_g: 35.99 [97mS:[93m36.8%[97m([91m10.9c[97m-[94mF1:28.0%) [97mU1:[93m63.2%[97m([91m15.0c[97m) [97mU2:[93m40.2%[97m([91m8.0c[97m) [97mR:[93m78.6%[97m([91m21.0c[97m) [97mS-L: [92m1:[96m78% [92m2:[96m30% [92m3:[96m23% [92m4:[96m47% [92m5:[96m5% [92m6:[96m39%[39m [34mF1_perclass: 58.9-65.5-49.7-50.5-61.9-66.3-33.3 [39m[39m
2026-01-15 09:19:26,479 - Agent - INFO - [37mTest Epoch 11 step 11 with [31mce_loss_combined : 2.106166 [31mce_loss_c : 1.710420 [31mce_loss_g : 2.321213 [31mtotal : 2.106166 [94mAcc_combined: 49.05 [94mAcc_c: 39.60 [94mAcc_g: 32.70 [97mS:[93m28.8%[97m([91m8.2c[97m-[94mF1:17.6%) [97mU1:[93m53.7%[97m([91m13.0c[97m) [97mU2:[93m42.9%[97m([91m10.5c[97m) [97mR:[93m76.1%[97m([91m17.4c[97m) [97mS-L: [92m1:[96m50% [92m2:[96m21% [92m3:[96m6% [92m4:[96m29% [92m5:[96m5% [92m6:[96m44%[39m [34mF1_perclass: 52.1-66.7-46.0-28.7-52.6-55.5-35.1 [39m[39m
2026-01-15 09:19:26,483 - Agent - INFO - Total number of trainable parameters are: 22487018
2026-01-15 09:21:39,234 - Agent - INFO - [37mVal Epoch 12 step 12 with [31mce_loss_combined : 1.767860 [31mce_loss_c : 1.592744 [31mce_loss_g : 1.693498 [31mtotal : 1.767860 [94mAcc_combined: 56.04 [94mAcc_c: 50.00 [94mAcc_g: 33.60 [97mS:[93m30.7%[97m([91m9.1c[97m-[94mF1:27.9%) [97mU1:[93m71.8%[97m([91m17.1c[97m) [97mU2:[93m35.6%[97m([91m7.1c[97m) [97mR:[93m85.5%[97m([91m22.8c[97m) [97mS-L: [92m0:[96m25% [92m1:[96m43% [92m2:[96m14% [92m3:[96m29% [92m4:[96m20% [92m5:[96m35% [92m6:[96m36%[39m [34mF1_perclass: 63.3-64.5-48.2-57.1-60.9-69.4-30.4 [39m[39m
2026-01-15 09:21:39,330 - Agent - INFO - [37mTest Epoch 12 step 12 with [31mce_loss_combined : 1.873535 [31mce_loss_c : 1.699973 [31mce_loss_g : 1.768633 [31mtotal : 1.873535 [94mAcc_combined: 56.17 [94mAcc_c: 42.05 [94mAcc_g: 38.04 [97mS:[93m25.7%[97m([91m7.3c[97m-[94mF1:19.8%) [97mU1:[93m75.7%[97m([91m18.4c[97m) [97mU2:[93m45.7%[97m([91m11.1c[97m) [97mR:[93m84.9%[97m([91m19.4c[97m) [97mS-L: [92m1:[96m38% [92m2:[96m8% [92m3:[96m14% [92m4:[96m29% [92m5:[96m38% [92m6:[96m34%[39m [34mF1_perclass: 62.6-75.2-49.4-41.3-57.6-66.9-34.3 [39m[39m
2026-01-15 09:21:39,333 - Agent - INFO - Total number of trainable parameters are: 22487018
2026-01-15 09:24:18,209 - Agent - INFO - [37mVal Epoch 13 step 13 with [31mce_loss_combined : 1.545123 [31mce_loss_c : 1.546864 [31mce_loss_g : 1.529488 [31mtotal : 1.545123 [94mAcc_combined: 58.77 [94mAcc_c: 48.29 [94mAcc_g: 39.64 [97mS:[93m37.5%[97m([91m11.2c[97m-[94mF1:33.9%) [97mU1:[93m67.0%[97m([91m15.9c[97m) [97mU2:[93m45.4%[97m([91m9.0c[97m) [97mR:[93m85.0%[97m([91m22.7c[97m) [97mS-L: [92m0:[96m25% [92m1:[96m70% [92m2:[96m22% [92m3:[96m32% [92m4:[96m37% [92m5:[96m40% [92m6:[96m38%[39m [34mF1_perclass: 66.4-70.7-45.3-58.4-66.7-71.1-33.1 [39m[39m
2026-01-15 09:24:18,442 - Agent - INFO - [37mTest Epoch 13 step 13 with [31mce_loss_combined : 1.939545 [31mce_loss_c : 1.761542 [31mce_loss_g : 1.718599 [31mtotal : 1.939545 [94mAcc_combined: 52.61 [94mAcc_c: 41.71 [94mAcc_g: 41.49 [97mS:[93m22.2%[97m([91m6.3c[97m-[94mF1:15.4%) [97mU1:[93m67.4%[97m([91m16.4c[97m) [97mU2:[93m45.2%[97m([91m11.0c[97m) [97mR:[93m82.9%[97m([91m18.9c[97m) [97mS-L: [92m1:[96m25% [92m2:[96m3% [92m3:[96m14% [92m4:[96m29% [92m5:[96m29% [92m6:[96m31%[39m [34mF1_perclass: 58.4-67.3-41.1-43.3-60.5-65.1-29.2 [39m[39m
2026-01-15 09:24:18,449 - Agent - INFO - Total number of trainable parameters are: 22487018
2026-01-15 09:26:22,836 - Agent - INFO - [37mVal Epoch 14 step 14 with [31mce_loss_combined : 1.605572 [31mce_loss_c : 1.602262 [31mce_loss_g : 1.503847 [31mtotal : 1.605572 [94mAcc_combined: 59.79 [94mAcc_c: 49.89 [94mAcc_g: 41.46 [97mS:[93m36.0%[97m([91m10.7c[97m-[94mF1:31.5%) [97mU1:[93m73.7%[97m([91m17.5c[97m) [97mU2:[93m43.1%[97m([91m8.5c[97m) [97mR:[93m86.3%[97m([91m23.0c[97m) [97mS-L: [92m0:[96m25% [92m1:[96m65% [92m2:[96m19% [92m3:[96m32% [92m4:[96m20% [92m5:[96m35% [92m6:[96m41%[39m [34mF1_perclass: 66.7-70.9-48.8-58.2-67.2-74.6-34.4 [39m[39m
2026-01-15 09:26:22,884 - Agent - INFO - [37mTest Epoch 14 step 14 with [31mce_loss_combined : 1.907696 [31mce_loss_c : 1.761073 [31mce_loss_g : 1.689375 [31mtotal : 1.907696 [94mAcc_combined: 53.73 [94mAcc_c: 42.05 [94mAcc_g: 40.04 [97mS:[93m23.7%[97m([91m6.8c[97m-[94mF1:16.9%) [97mU1:[93m69.7%[97m([91m16.9c[97m) [97mU2:[93m44.7%[97m([91m10.9c[97m) [97mR:[93m83.9%[97m([91m19.1c[97m) [97mS-L: [92m0:[96m8% [92m1:[96m38% [92m2:[96m5% [92m3:[96m14% [92m4:[96m12% [92m5:[96m33% [92m6:[96m34%[39m [34mF1_perclass: 63.9-71.7-41.9-40.7-56.6-66.7-31.4 [39m[39m
2026-01-15 09:26:24,786 - Agent - INFO - [37mModel saved successfully at: /esat/smcdata/users/kkontras/Image_Dataset/no_backup/data/2025_data/synergy/CremadPlus/v2/SynIB_RMask_fold0_l0_lr0.0001_wd0.0001_clsmlp_bs64.pth.tar[39m
2026-01-15 09:26:24,791 - Agent - INFO - Total number of trainable parameters are: 22487018
2026-01-15 09:28:29,569 - Agent - INFO - [37mVal Epoch 15 step 15 with [31mce_loss_combined : 1.585250 [31mce_loss_c : 1.586751 [31mce_loss_g : 1.492348 [31mtotal : 1.585250 [94mAcc_combined: 59.45 [94mAcc_c: 49.32 [94mAcc_g: 41.91 [97mS:[93m36.4%[97m([91m10.8c[97m-[94mF1:31.9%) [97mU1:[93m71.8%[97m([91m17.1c[97m) [97mU2:[93m43.1%[97m([91m8.5c[97m) [97mR:[93m86.3%[97m([91m23.0c[97m) [97mS-L: [92m0:[96m25% [92m1:[96m70% [92m2:[96m19% [92m3:[96m32% [92m4:[96m23% [92m5:[96m35% [92m6:[96m41%[39m [34mF1_perclass: 67.6-72.5-45.1-57.8-67.5-72.8-33.6 [39m[39m
2026-01-15 09:28:29,595 - Agent - INFO - [37mTest Epoch 15 step 15 with [31mce_loss_combined : 1.914574 [31mce_loss_c : 1.753790 [31mce_loss_g : 1.650733 [31mtotal : 1.914574 [94mAcc_combined: 53.73 [94mAcc_c: 41.82 [94mAcc_g: 41.71 [97mS:[93m23.0%[97m([91m6.6c[97m-[94mF1:15.9%) [97mU1:[93m71.6%[97m([91m17.4c[97m) [97mU2:[93m44.3%[97m([91m10.8c[97m) [97mR:[93m83.4%[97m([91m19.0c[97m) [97mS-L: [92m1:[96m38% [92m2:[96m3% [92m3:[96m14% [92m4:[96m17% [92m5:[96m33% [92m6:[96m33%[39m [34mF1_perclass: 61.7-69.9-43.2-42.9-57.4-68.5-30.4 [39m[39m
2026-01-15 09:28:29,597 - Agent - INFO - Total number of trainable parameters are: 22487018
2026-01-15 09:30:26,296 - Agent - INFO - [37mVal Epoch 16 step 16 with [31mce_loss_combined : 1.606473 [31mce_loss_c : 1.604784 [31mce_loss_g : 1.470606 [31mtotal : 1.606473 [94mAcc_combined: 58.88 [94mAcc_c: 48.86 [94mAcc_g: 43.17 [97mS:[93m36.0%[97m([91m10.7c[97m-[94mF1:30.3%) [97mU1:[93m66.5%[97m([91m15.8c[97m) [97mU2:[93m42.5%[97m([91m8.4c[97m) [97mR:[93m89.7%[97m([91m23.9c[97m) [97mS-L: [92m0:[96m25% [92m1:[96m70% [92m2:[96m16% [92m3:[96m35% [92m4:[96m17% [92m5:[96m30% [92m6:[96m42%[39m [34mF1_perclass: 67.4-72.1-43.2-56.6-66.7-72.7-33.9 [39m[39m
2026-01-15 09:30:26,352 - Agent - INFO - [37mTest Epoch 16 step 16 with [31mce_loss_combined : 1.922851 [31mce_loss_c : 1.742304 [31mce_loss_g : 1.674582 [31mtotal : 1.922851 [94mAcc_combined: 54.62 [94mAcc_c: 41.49 [94mAcc_g: 40.93 [97mS:[93m25.3%[97m([91m7.2c[97m-[94mF1:17.0%) [97mU1:[93m67.9%[97m([91m16.5c[97m) [97mU2:[93m48.4%[97m([91m11.8c[97m) [97mR:[93m83.9%[97m([91m19.1c[97m) [97mS-L: [92m0:[96m8% [92m1:[96m38% [92m2:[96m3% [92m3:[96m14% [92m4:[96m17% [92m5:[96m24% [92m6:[96m39%[39m [34mF1_perclass: 62.7-72.2-42.6-45.1-57.3-65.9-33.8 [39m[39m
2026-01-15 09:30:26,355 - Agent - INFO - Total number of trainable parameters are: 22487018
2026-01-15 09:32:19,679 - Agent - INFO - [37mVal Epoch 17 step 17 with [31mce_loss_combined : 1.763973 [31mce_loss_c : 1.710150 [31mce_loss_g : 1.720024 [31mtotal : 1.763973 [94mAcc_combined: 57.63 [94mAcc_c: 49.43 [94mAcc_g: 37.59 [97mS:[93m28.7%[97m([91m8.5c[97m-[94mF1:27.9%) [97mU1:[93m73.2%[97m([91m17.4c[97m) [97mU2:[93m42.5%[97m([91m8.4c[97m) [97mR:[93m87.2%[97m([91m23.2c[97m) [97mS-L: [92m0:[96m25% [92m1:[96m61% [92m2:[96m11% [92m3:[96m26% [92m4:[96m30% [92m5:[96m55% [92m6:[96m24%[39m [34mF1_perclass: 63.8-66.9-47.7-54.9-67.2-68.2-26.9 [39m[39m
2026-01-15 09:32:19,784 - Agent - INFO - [37mTest Epoch 17 step 17 with [31mce_loss_combined : 1.795569 [31mce_loss_c : 1.726745 [31mce_loss_g : 1.936135 [31mtotal : 1.795569 [94mAcc_combined: 51.61 [94mAcc_c: 42.27 [94mAcc_g: 37.04 [97mS:[93m20.6%[97m([91m5.9c[97m-[94mF1:14.6%) [97mU1:[93m68.3%[97m([91m16.6c[97m) [97mU2:[93m43.4%[97m([91m10.6c[97m) [97mR:[93m81.5%[97m([91m18.6c[97m) [97mS-L: [92m0:[96m8% [92m1:[96m38% [92m2:[96m5% [92m3:[96m11% [92m4:[96m12% [92m5:[96m24% [92m6:[96m30%[39m [34mF1_perclass: 63.5-61.9-43.7-39.8-58.4-59.6-28.7 [39m[39m
2026-01-15 09:32:19,786 - Agent - INFO - Total number of trainable parameters are: 22487018
2026-01-15 09:34:50,528 - Agent - INFO - [37mVal Epoch 18 step 18 with [31mce_loss_combined : 1.705297 [31mce_loss_c : 1.715433 [31mce_loss_g : 1.629371 [31mtotal : 1.705297 [94mAcc_combined: 55.81 [94mAcc_c: 46.01 [94mAcc_g: 40.09 [97mS:[93m33.3%[97m([91m9.9c[97m-[94mF1:24.6%) [97mU1:[93m67.9%[97m([91m16.2c[97m) [97mU2:[93m36.2%[97m([91m7.2c[97m) [97mR:[93m84.6%[97m([91m22.6c[97m) [97mS-L: [92m0:[96m25% [92m1:[96m61% [92m2:[96m16% [92m3:[96m23% [92m4:[96m10% [92m5:[96m10% [92m6:[96m47%[39m [34mF1_perclass: 66.2-66.9-47.8-50.0-63.3-68.7-33.8 [39m[39m
2026-01-15 09:34:50,615 - Agent - INFO - [37mTest Epoch 18 step 18 with [31mce_loss_combined : 1.823970 [31mce_loss_c : 1.708288 [31mce_loss_g : 1.732292 [31mtotal : 1.823970 [94mAcc_combined: 53.73 [94mAcc_c: 41.94 [94mAcc_g: 37.82 [97mS:[93m28.8%[97m([91m8.2c[97m-[94mF1:16.6%) [97mU1:[93m67.0%[97m([91m16.2c[97m) [97mU2:[93m44.3%[97m([91m10.8c[97m) [97mR:[93m81.0%[97m([91m18.5c[97m) [97mS-L: [92m0:[96m8% [92m1:[96m50% [92m2:[96m8% [92m3:[96m8% [92m4:[96m8% [92m5:[96m10% [92m6:[96m50%[39m [34mF1_perclass: 62.7-71.4-44.6-39.8-55.2-66.1-37.1 [39m[39m
2026-01-15 09:34:50,620 - Agent - INFO - Total number of trainable parameters are: 22487018
2026-01-15 09:37:14,169 - Agent - INFO - [37mVal Epoch 19 step 19 with [31mce_loss_combined : 1.732727 [31mce_loss_c : 1.702152 [31mce_loss_g : 1.540779 [31mtotal : 1.732727 [94mAcc_combined: 55.47 [94mAcc_c: 45.79 [94mAcc_g: 40.66 [97mS:[93m37.9%[97m([91m11.3c[97m-[94mF1:30.5%) [97mU1:[93m59.8%[97m([91m14.2c[97m) [97mU2:[93m40.8%[97m([91m8.1c[97m) [97mR:[93m82.1%[97m([91m21.9c[97m) [97mS-L: [92m1:[96m65% [92m2:[96m11% [92m3:[96m29% [92m4:[96m30% [92m5:[96m35% [92m6:[96m47%[39m [34mF1_perclass: 63.2-69.3-31.8-48.2-68.0-73.5-34.8 [39m[39m
2026-01-15 09:37:14,302 - Agent - INFO - [37mTest Epoch 19 step 19 with [31mce_loss_combined : 1.919013 [31mce_loss_c : 1.904507 [31mce_loss_g : 1.551754 [31mtotal : 1.919013 [94mAcc_combined: 55.17 [94mAcc_c: 40.82 [94mAcc_g: 43.83 [97mS:[93m25.7%[97m([91m7.3c[97m-[94mF1:18.5%) [97mU1:[93m69.3%[97m([91m16.8c[97m) [97mU2:[93m49.3%[97m([91m12.0c[97m) [97mR:[93m83.4%[97m([91m19.0c[97m) [97mS-L: [92m1:[96m38% [92m2:[96m5% [92m3:[96m31% [92m4:[96m12% [92m5:[96m33% [92m6:[96m34%[39m [34mF1_perclass: 60.7-74.1-45.2-47.8-59.2-66.0-32.8 [39m[39m
2026-01-15 09:37:14,313 - Agent - INFO - Total number of trainable parameters are: 22487018
2026-01-15 09:39:19,774 - Agent - INFO - [37mVal Epoch 20 step 20 with [31mce_loss_combined : 2.082129 [31mce_loss_c : 1.790878 [31mce_loss_g : 1.672557 [31mtotal : 2.082129 [94mAcc_combined: 51.59 [94mAcc_c: 44.99 [94mAcc_g: 35.76 [97mS:[93m31.4%[97m([91m9.3c[97m-[94mF1:25.9%) [97mU1:[93m67.9%[97m([91m16.2c[97m) [97mU2:[93m28.7%[97m([91m5.7c[97m) [97mR:[93m76.5%[97m([91m20.4c[97m) [97mS-L: [92m1:[96m26% [92m2:[96m14% [92m3:[96m19% [92m4:[96m13% [92m5:[96m55% [92m6:[96m43%[39m [34mF1_perclass: 60.4-59.5-45.8-38.5-58.3-66.9-32.4 [39m[39m
2026-01-15 09:39:19,927 - Agent - INFO - [37mTest Epoch 20 step 20 with [31mce_loss_combined : 2.132860 [31mce_loss_c : 1.971736 [31mce_loss_g : 1.710726 [31mtotal : 2.132860 [94mAcc_combined: 46.94 [94mAcc_c: 39.60 [94mAcc_g: 39.71 [97mS:[93m24.5%[97m([91m7.0c[97m-[94mF1:16.1%) [97mU1:[93m67.9%[97m([91m16.5c[97m) [97mU2:[93m29.2%[97m([91m7.1c[97m) [97mR:[93m71.7%[97m([91m16.4c[97m) [97mS-L: [92m1:[96m38% [92m2:[96m3% [92m3:[96m6% [92m4:[96m4% [92m5:[96m52% [92m6:[96m38%[39m [34mF1_perclass: 61.4-52.6-38.5-31.3-44.4-61.1-30.0 [39m[39m
2026-01-15 09:39:21,399 - Agent - INFO - Total number of trainable parameters are: 22487018
2026-01-15 09:41:23,674 - Agent - INFO - [37mVal Epoch 21 step 21 with [31mce_loss_combined : 1.755561 [31mce_loss_c : 1.633670 [31mce_loss_g : 1.667944 [31mtotal : 1.755561 [94mAcc_combined: 58.31 [94mAcc_c: 46.70 [94mAcc_g: 34.97 [97mS:[93m38.7%[97m([91m11.5c[97m-[94mF1:31.8%) [97mU1:[93m63.6%[97m([91m15.1c[97m) [97mU2:[93m44.3%[97m([91m8.8c[97m) [97mR:[93m85.9%[97m([91m22.9c[97m) [97mS-L: [92m1:[96m52% [92m2:[96m19% [92m3:[96m26% [92m4:[96m30% [92m5:[96m25% [92m6:[96m52%[39m [34mF1_perclass: 63.5-69.2-42.4-58.2-63.0-74.1-41.5 [39m[39m
2026-01-15 09:41:23,823 - Agent - INFO - [37mTest Epoch 21 step 21 with [31mce_loss_combined : 1.979379 [31mce_loss_c : 1.709885 [31mce_loss_g : 1.845926 [31mtotal : 1.979379 [94mAcc_combined: 54.06 [94mAcc_c: 42.16 [94mAcc_g: 35.82 [97mS:[93m30.7%[97m([91m8.8c[97m-[94mF1:23.0%) [97mU1:[93m67.9%[97m([91m16.5c[97m) [97mU2:[93m45.7%[97m([91m11.1c[97m) [97mR:[93m77.6%[97m([91m17.7c[97m) [97mS-L: [92m1:[96m38% [92m2:[96m16% [92m3:[96m22% [92m4:[96m33% [92m5:[96m14% [92m6:[96m43%[39m [34mF1_perclass: 60.4-73.8-48.0-43.9-54.6-66.7-35.7 [39m[39m
2026-01-15 09:41:23,826 - Agent - INFO - Total number of trainable parameters are: 22487018
2026-01-15 09:43:46,825 - Agent - INFO - [37mVal Epoch 22 step 22 with [31mce_loss_combined : 1.824961 [31mce_loss_c : 1.669845 [31mce_loss_g : 1.652097 [31mtotal : 1.824961 [94mAcc_combined: 57.97 [94mAcc_c: 48.18 [94mAcc_g: 37.47 [97mS:[93m34.5%[97m([91m10.3c[97m-[94mF1:30.7%) [97mU1:[93m71.3%[97m([91m17.0c[97m) [97mU2:[93m40.2%[97m([91m8.0c[97m) [97mR:[93m85.5%[97m([91m22.8c[97m) [97mS-L: [92m0:[96m25% [92m1:[96m35% [92m2:[96m24% [92m3:[96m35% [92m4:[96m17% [92m5:[96m35% [92m6:[96m42%[39m [34mF1_perclass: 62.5-68.3-46.2-57.0-64.2-71.7-38.0 [39m[39m
2026-01-15 09:43:46,978 - Agent - INFO - [37mTest Epoch 22 step 22 with [31mce_loss_combined : 1.946841 [31mce_loss_c : 1.786580 [31mce_loss_g : 1.791639 [31mtotal : 1.946841 [94mAcc_combined: 54.06 [94mAcc_c: 41.94 [94mAcc_g: 41.38 [97mS:[93m24.9%[97m([91m7.1c[97m-[94mF1:18.1%) [97mU1:[93m75.2%[97m([91m18.2c[97m) [97mU2:[93m41.6%[97m([91m10.1c[97m) [97mR:[93m81.5%[97m([91m18.6c[97m) [97mS-L: [92m0:[96m8% [92m1:[96m12% [92m2:[96m32% [92m3:[96m8% [92m4:[96m17% [92m5:[96m24% [92m6:[96m32%[39m [34mF1_perclass: 64.5-65.2-52.2-39.8-57.8-69.4-30.4 [39m[39m
2026-01-15 09:43:46,981 - Agent - INFO - Total number of trainable parameters are: 22487018
2026-01-15 09:45:50,521 - Agent - INFO - [37mVal Epoch 23 step 23 with [31mce_loss_combined : 1.879096 [31mce_loss_c : 1.732624 [31mce_loss_g : 1.576897 [31mtotal : 1.879096 [94mAcc_combined: 56.83 [94mAcc_c: 47.95 [94mAcc_g: 37.70 [97mS:[93m31.8%[97m([91m9.5c[97m-[94mF1:28.2%) [97mU1:[93m70.3%[97m([91m16.7c[97m) [97mU2:[93m40.8%[97m([91m8.1c[97m) [97mR:[93m84.6%[97m([91m22.6c[97m) [97mS-L: [92m0:[96m25% [92m1:[96m35% [92m2:[96m14% [92m3:[96m26% [92m4:[96m23% [92m5:[96m40% [92m6:[96m40%[39m [34mF1_perclass: 63.8-63.5-47.9-51.7-65.1-73.2-34.2 [39m[39m
2026-01-15 09:45:50,571 - Agent - INFO - [37mTest Epoch 23 step 23 with [31mce_loss_combined : 1.966844 [31mce_loss_c : 1.839076 [31mce_loss_g : 1.689789 [31mtotal : 1.966844 [94mAcc_combined: 53.17 [94mAcc_c: 41.49 [94mAcc_g: 40.93 [97mS:[93m21.8%[97m([91m6.2c[97m-[94mF1:16.6%) [97mU1:[93m73.9%[97m([91m17.9c[97m) [97mU2:[93m43.8%[97m([91m10.7c[97m) [97mR:[93m80.5%[97m([91m18.4c[97m) [97mS-L: [92m0:[96m17% [92m1:[96m25% [92m2:[96m11% [92m3:[96m8% [92m4:[96m17% [92m5:[96m24% [92m6:[96m31%[39m [34mF1_perclass: 64.9-66.9-45.8-39.0-57.5-66.7-29.5 [39m[39m
2026-01-15 09:45:50,573 - Agent - INFO - Total number of trainable parameters are: 22487018
2026-01-15 09:48:06,882 - Agent - INFO - [37mVal Epoch 24 step 24 with [31mce_loss_combined : 1.760581 [31mce_loss_c : 1.644260 [31mce_loss_g : 1.598811 [31mtotal : 1.760581 [94mAcc_combined: 59.45 [94mAcc_c: 48.41 [94mAcc_g: 37.70 [97mS:[93m36.8%[97m([91m10.9c[97m-[94mF1:32.2%) [97mU1:[93m71.3%[97m([91m17.0c[97m) [97mU2:[93m43.1%[97m([91m8.5c[97m) [97mR:[93m86.3%[97m([91m23.0c[97m) [97mS-L: [92m0:[96m25% [92m1:[96m52% [92m2:[96m22% [92m3:[96m29% [92m4:[96m33% [92m5:[96m25% [92m6:[96m44%[39m [34mF1_perclass: 67.2-71.8-48.6-56.5-64.4-74.7-36.9 [39m[39m
2026-01-15 09:48:06,984 - Agent - INFO - [37mTest Epoch 24 step 24 with [31mce_loss_combined : 1.983341 [31mce_loss_c : 1.745282 [31mce_loss_g : 1.829821 [31mtotal : 1.983341 [94mAcc_combined: 53.17 [94mAcc_c: 41.94 [94mAcc_g: 38.60 [97mS:[93m26.8%[97m([91m7.7c[97m-[94mF1:19.1%) [97mU1:[93m67.0%[97m([91m16.2c[97m) [97mU2:[93m45.7%[97m([91m11.1c[97m) [97mR:[93m79.5%[97m([91m18.1c[97m) [97mS-L: [92m1:[96m25% [92m2:[96m18% [92m3:[96m19% [92m4:[96m21% [92m5:[96m24% [92m6:[96m36%[39m [34mF1_perclass: 59.8-71.9-48.4-41.8-54.3-65.0-32.4 [39m[39m
2026-01-15 09:48:06,987 - Agent - INFO - Total number of trainable parameters are: 22487018
2026-01-15 09:50:05,552 - Agent - INFO - [37mVal Epoch 25 step 25 with [31mce_loss_combined : 1.902551 [31mce_loss_c : 1.674322 [31mce_loss_g : 1.593061 [31mtotal : 1.902551 [94mAcc_combined: 57.74 [94mAcc_c: 50.68 [94mAcc_g: 35.88 [97mS:[93m31.8%[97m([91m9.5c[97m-[94mF1:27.6%) [97mU1:[93m72.7%[97m([91m17.3c[97m) [97mU2:[93m43.1%[97m([91m8.5c[97m) [97mR:[93m84.2%[97m([91m22.4c[97m) [97mS-L: [92m0:[96m25% [92m1:[96m39% [92m2:[96m16% [92m3:[96m23% [92m4:[96m27% [92m5:[96m20% [92m6:[96m41%[39m [34mF1_perclass: 64.0-65.9-48.9-53.6-64.4-74.6-36.1 [39m[39m
2026-01-15 09:50:05,614 - Agent - INFO - [37mTest Epoch 25 step 25 with [31mce_loss_combined : 1.797184 [31mce_loss_c : 1.713705 [31mce_loss_g : 1.661924 [31mtotal : 1.797184 [94mAcc_combined: 54.84 [94mAcc_c: 43.38 [94mAcc_g: 38.60 [97mS:[93m25.7%[97m([91m7.3c[97m-[94mF1:19.8%) [97mU1:[93m73.9%[97m([91m17.9c[97m) [97mU2:[93m44.3%[97m([91m10.8c[97m) [97mR:[93m82.4%[97m([91m18.8c[97m) [97mS-L: [92m0:[96m17% [92m1:[96m38% [92m2:[96m13% [92m3:[96m14% [92m4:[96m21% [92m5:[96m14% [92m6:[96m36%[39m [34mF1_perclass: 64.9-71.2-48.3-43.0-56.4-66.7-33.8 [39m[39m
2026-01-15 09:50:05,619 - Agent - INFO - Total number of trainable parameters are: 22487018
2026-01-15 09:52:01,869 - Agent - INFO - [37mVal Epoch 26 step 26 with [31mce_loss_combined : 1.807103 [31mce_loss_c : 1.661952 [31mce_loss_g : 1.495051 [31mtotal : 1.807103 [94mAcc_combined: 58.31 [94mAcc_c: 50.46 [94mAcc_g: 43.17 [97mS:[93m31.4%[97m([91m9.3c[97m-[94mF1:29.0%) [97mU1:[93m71.8%[97m([91m17.1c[97m) [97mU2:[93m45.4%[97m([91m9.0c[97m) [97mR:[93m85.9%[97m([91m22.9c[97m) [97mS-L: [92m0:[96m25% [92m1:[96m61% [92m2:[96m19% [92m3:[96m29% [92m4:[96m30% [92m5:[96m30% [92m6:[96m31%[39m [34mF1_perclass: 66.9-69.6-48.6-55.2-65.4-71.8-28.7 [39m[39m
2026-01-15 09:52:01,995 - Agent - INFO - [37mTest Epoch 26 step 26 with [31mce_loss_combined : 1.984914 [31mce_loss_c : 1.776368 [31mce_loss_g : 1.775436 [31mtotal : 1.984914 [94mAcc_combined: 52.17 [94mAcc_c: 42.94 [94mAcc_g: 41.60 [97mS:[93m21.8%[97m([91m6.2c[97m-[94mF1:15.2%) [97mU1:[93m69.7%[97m([91m16.9c[97m) [97mU2:[93m42.9%[97m([91m10.5c[97m) [97mR:[93m81.5%[97m([91m18.6c[97m) [97mS-L: [92m1:[96m25% [92m2:[96m5% [92m3:[96m14% [92m4:[96m21% [92m5:[96m24% [92m6:[96m31%[39m [34mF1_perclass: 64.5-65.5-43.6-42.7-54.6-64.1-28.1 [39m[39m
2026-01-15 09:52:01,999 - Agent - INFO - Total number of trainable parameters are: 22487018
2026-01-15 09:54:27,654 - Agent - INFO - [37mVal Epoch 27 step 27 with [31mce_loss_combined : 1.850889 [31mce_loss_c : 1.666985 [31mce_loss_g : 1.484810 [31mtotal : 1.850889 [94mAcc_combined: 59.00 [94mAcc_c: 50.00 [94mAcc_g: 41.57 [97mS:[93m31.4%[97m([91m9.3c[97m-[94mF1:28.8%) [97mU1:[93m70.8%[97m([91m16.9c[97m) [97mU2:[93m47.1%[97m([91m9.3c[97m) [97mR:[93m88.0%[97m([91m23.5c[97m) [97mS-L: [92m0:[96m25% [92m1:[96m61% [92m2:[96m16% [92m3:[96m29% [92m4:[96m23% [92m5:[96m35% [92m6:[96m33%[39m [34mF1_perclass: 66.2-71.9-46.6-54.8-66.4-73.5-30.6 [39m[39m
2026-01-15 09:54:27,789 - Agent - INFO - [37mTest Epoch 27 step 27 with [31mce_loss_combined : 2.000365 [31mce_loss_c : 1.801489 [31mce_loss_g : 1.735736 [31mtotal : 2.000365 [94mAcc_combined: 52.73 [94mAcc_c: 41.71 [94mAcc_g: 41.27 [97mS:[93m20.2%[97m([91m5.8c[97m-[94mF1:13.6%) [97mU1:[93m69.3%[97m([91m16.8c[97m) [97mU2:[93m46.1%[97m([91m11.2c[97m) [97mR:[93m82.9%[97m([91m18.9c[97m) [97mS-L: [92m1:[96m25% [92m2:[96m8% [92m3:[96m17% [92m4:[96m12% [92m5:[96m14% [92m6:[96m30%[39m [34mF1_perclass: 62.6-68.4-45.0-42.2-53.7-66.2-29.5 [39m[39m
2026-01-15 09:54:27,809 - Agent - INFO - Total number of trainable parameters are: 22487018
2026-01-15 09:56:59,114 - Agent - INFO - [37mVal Epoch 28 step 28 with [31mce_loss_combined : 1.824063 [31mce_loss_c : 1.676062 [31mce_loss_g : 1.505646 [31mtotal : 1.824063 [94mAcc_combined: 58.88 [94mAcc_c: 49.09 [94mAcc_g: 42.60 [97mS:[93m33.7%[97m([91m10.0c[97m-[94mF1:29.5%) [97mU1:[93m69.4%[97m([91m16.5c[97m) [97mU2:[93m44.3%[97m([91m8.8c[97m) [97mR:[93m88.5%[97m([91m23.6c[97m) [97mS-L: [92m0:[96m25% [92m1:[96m65% [92m2:[96m19% [92m3:[96m26% [92m4:[96m37% [92m5:[96m25% [92m6:[96m35%[39m [34mF1_perclass: 68.4-71.7-48.2-53.8-65.7-72.1-30.9 [39m[39m
2026-01-15 09:56:59,335 - Agent - INFO - [37mTest Epoch 28 step 28 with [31mce_loss_combined : 2.156784 [31mce_loss_c : 1.834854 [31mce_loss_g : 1.865868 [31mtotal : 2.156784 [94mAcc_combined: 53.28 [94mAcc_c: 40.93 [94mAcc_g: 39.60 [97mS:[93m24.5%[97m([91m7.0c[97m-[94mF1:17.2%) [97mU1:[93m67.0%[97m([91m16.2c[97m) [97mU2:[93m45.2%[97m([91m11.0c[97m) [97mR:[93m83.4%[97m([91m19.0c[97m) [97mS-L: [92m1:[96m38% [92m2:[96m8% [92m3:[96m14% [92m4:[96m29% [92m5:[96m19% [92m6:[96m35%[39m [34mF1_perclass: 60.3-68.1-47.1-40.9-57.5-66.2-31.5 [39m[39m
2026-01-15 09:56:59,339 - Agent - INFO - Total number of trainable parameters are: 22487018
2026-01-15 09:59:04,052 - Agent - INFO - [37mVal Epoch 29 step 29 with [31mce_loss_combined : 1.819478 [31mce_loss_c : 1.673153 [31mce_loss_g : 1.472320 [31mtotal : 1.819478 [94mAcc_combined: 59.68 [94mAcc_c: 50.00 [94mAcc_g: 42.03 [97mS:[93m35.6%[97m([91m10.6c[97m-[94mF1:31.1%) [97mU1:[93m71.3%[97m([91m17.0c[97m) [97mU2:[93m44.3%[97m([91m8.8c[97m) [97mR:[93m87.6%[97m([91m23.3c[97m) [97mS-L: [92m0:[96m25% [92m1:[96m61% [92m2:[96m19% [92m3:[96m29% [92m4:[96m30% [92m5:[96m30% [92m6:[96m41%[39m [34mF1_perclass: 68.1-72.3-47.5-54.9-66.4-73.3-34.6 [39m[39m
2026-01-15 09:59:04,170 - Agent - INFO - [37mTest Epoch 29 step 29 with [31mce_loss_combined : 2.046178 [31mce_loss_c : 1.791958 [31mce_loss_g : 1.846157 [31mtotal : 2.046178 [94mAcc_combined: 53.84 [94mAcc_c: 42.71 [94mAcc_g: 40.71 [97mS:[93m23.7%[97m([91m6.8c[97m-[94mF1:16.7%) [97mU1:[93m69.3%[97m([91m16.8c[97m) [97mU2:[93m46.6%[97m([91m11.3c[97m) [97mR:[93m82.9%[97m([91m18.9c[97m) [97mS-L: [92m1:[96m25% [92m2:[96m11% [92m3:[96m14% [92m4:[96m21% [92m5:[96m24% [92m6:[96m34%[39m [34mF1_perclass: 60.8-69.3-46.5-42.4-56.5-67.8-32.6 [39m[39m
2026-01-15 09:59:04,174 - Agent - INFO - Total number of trainable parameters are: 22487018
2026-01-15 10:01:18,366 - Agent - INFO - [37mVal Epoch 30 step 30 with [31mce_loss_combined : 1.845046 [31mce_loss_c : 1.685008 [31mce_loss_g : 1.475156 [31mtotal : 1.845046 [94mAcc_combined: 59.91 [94mAcc_c: 50.23 [94mAcc_g: 42.26 [97mS:[93m36.0%[97m([91m10.7c[97m-[94mF1:30.9%) [97mU1:[93m72.2%[97m([91m17.2c[97m) [97mU2:[93m45.4%[97m([91m9.0c[97m) [97mR:[93m86.3%[97m([91m23.0c[97m) [97mS-L: [92m0:[96m25% [92m1:[96m57% [92m2:[96m19% [92m3:[96m29% [92m4:[96m30% [92m5:[96m25% [92m6:[96m43%[39m [34mF1_perclass: 67.6-72.7-48.6-55.1-65.9-73.5-36.2 [39m[39m
2026-01-15 10:01:18,475 - Agent - INFO - [37mTest Epoch 30 step 30 with [31mce_loss_combined : 2.055019 [31mce_loss_c : 1.822340 [31mce_loss_g : 1.803265 [31mtotal : 2.055019 [94mAcc_combined: 53.28 [94mAcc_c: 41.60 [94mAcc_g: 42.05 [97mS:[93m23.3%[97m([91m6.7c[97m-[94mF1:16.1%) [97mU1:[93m71.1%[97m([91m17.2c[97m) [97mU2:[93m43.8%[97m([91m10.7c[97m) [97mR:[93m82.0%[97m([91m18.7c[97m) [97mS-L: [92m1:[96m25% [92m2:[96m5% [92m3:[96m11% [92m4:[96m21% [92m5:[96m29% [92m6:[96m35%[39m [34mF1_perclass: 62.2-69.4-45.1-40.2-55.8-67.6-32.2 [39m[39m
2026-01-15 10:01:20,793 - Agent - INFO - [37mModel saved successfully at: /esat/smcdata/users/kkontras/Image_Dataset/no_backup/data/2025_data/synergy/CremadPlus/v2/SynIB_RMask_fold0_l0_lr0.0001_wd0.0001_clsmlp_bs64.pth.tar[39m
2026-01-15 10:01:20,811 - Agent - INFO - Total number of trainable parameters are: 22487018
2026-01-15 10:03:27,925 - Agent - INFO - [37mVal Epoch 31 step 31 with [31mce_loss_combined : 1.855490 [31mce_loss_c : 1.695339 [31mce_loss_g : 1.500470 [31mtotal : 1.855490 [94mAcc_combined: 59.23 [94mAcc_c: 49.32 [94mAcc_g: 41.80 [97mS:[93m34.1%[97m([91m10.1c[97m-[94mF1:30.1%) [97mU1:[93m71.3%[97m([91m17.0c[97m) [97mU2:[93m44.8%[97m([91m8.9c[97m) [97mR:[93m87.2%[97m([91m23.2c[97m) [97mS-L: [92m0:[96m25% [92m1:[96m61% [92m2:[96m19% [92m3:[96m26% [92m4:[96m33% [92m5:[96m30% [92m6:[96m37%[39m [34mF1_perclass: 67.4-71.8-49.1-54.7-64.9-71.9-32.9 [39m[39m
2026-01-15 10:03:28,155 - Agent - INFO - [37mTest Epoch 31 step 31 with [31mce_loss_combined : 2.117653 [31mce_loss_c : 1.827533 [31mce_loss_g : 1.879791 [31mtotal : 2.117653 [94mAcc_combined: 53.28 [94mAcc_c: 40.82 [94mAcc_g: 41.49 [97mS:[93m23.3%[97m([91m6.7c[97m-[94mF1:16.2%) [97mU1:[93m67.4%[97m([91m16.4c[97m) [97mU2:[93m45.7%[97m([91m11.1c[97m) [97mR:[93m83.9%[97m([91m19.1c[97m) [97mS-L: [92m1:[96m25% [92m2:[96m5% [92m3:[96m14% [92m4:[96m25% [92m5:[96m29% [92m6:[96m33%[39m [34mF1_perclass: 61.3-68.8-44.7-41.2-56.7-67.8-30.4 [39m[39m
2026-01-15 10:03:28,160 - Agent - INFO - Total number of trainable parameters are: 22487018
2026-01-15 10:05:37,677 - Agent - INFO - [37mVal Epoch 32 step 32 with [31mce_loss_combined : 1.886749 [31mce_loss_c : 1.711550 [31mce_loss_g : 1.605105 [31mtotal : 1.886749 [94mAcc_combined: 59.11 [94mAcc_c: 49.66 [94mAcc_g: 40.89 [97mS:[93m30.3%[97m([91m9.0c[97m-[94mF1:27.6%) [97mU1:[93m72.2%[97m([91m17.2c[97m) [97mU2:[93m47.1%[97m([91m9.3c[97m) [97mR:[93m88.5%[97m([91m23.6c[97m) [97mS-L: [92m0:[96m25% [92m1:[96m57% [92m2:[96m19% [92m3:[96m29% [92m4:[96m37% [92m5:[96m20% [92m6:[96m29%[39m [34mF1_perclass: 67.3-70.0-46.7-57.8-63.1-73.0-30.4 [39m[39m
2026-01-15 10:05:37,879 - Agent - INFO - [37mTest Epoch 32 step 32 with [31mce_loss_combined : 2.089195 [31mce_loss_c : 1.823295 [31mce_loss_g : 1.887423 [31mtotal : 2.089195 [94mAcc_combined: 53.39 [94mAcc_c: 42.60 [94mAcc_g: 38.04 [97mS:[93m21.8%[97m([91m6.2c[97m-[94mF1:16.2%) [97mU1:[93m69.3%[97m([91m16.8c[97m) [97mU2:[93m46.1%[97m([91m11.2c[97m) [97mR:[93m83.9%[97m([91m19.1c[97m) [97mS-L: [92m1:[96m25% [92m2:[96m8% [92m3:[96m17% [92m4:[96m29% [92m5:[96m24% [92m6:[96m28%[39m [34mF1_perclass: 61.2-70.0-46.6-41.1-55.2-66.7-27.9 [39m[39m
2026-01-15 10:05:37,883 - Agent - INFO - Total number of trainable parameters are: 22487018
2026-01-15 10:07:50,761 - Agent - INFO - [37mVal Epoch 33 step 33 with [31mce_loss_combined : 2.686224 [31mce_loss_c : 1.796146 [31mce_loss_g : 3.792879 [31mtotal : 2.686224 [94mAcc_combined: 42.48 [94mAcc_c: 43.85 [94mAcc_g: 19.13 [97mS:[93m32.6%[97m([91m9.7c[97m-[94mF1:22.0%) [97mU1:[93m49.8%[97m([91m11.8c[97m) [97mU2:[93m28.7%[97m([91m5.7c[97m) [97mR:[93m57.3%[97m([91m15.3c[97m) [97mS-L: [92m2:[96m35% [92m3:[96m35% [92m4:[96m43% [92m5:[96m15% [92m6:[96m39%[39m [34mF1_perclass: 43.6-13.1-34.4-52.8-52.4-70.0-29.2 [39m[39m
2026-01-15 10:07:50,937 - Agent - INFO - [37mTest Epoch 33 step 33 with [31mce_loss_combined : 2.744847 [31mce_loss_c : 1.935443 [31mce_loss_g : 2.806264 [31mtotal : 2.744847 [94mAcc_combined: 39.82 [94mAcc_c: 39.82 [94mAcc_g: 20.47 [97mS:[93m26.8%[97m([91m7.7c[97m-[94mF1:19.1%) [97mU1:[93m50.5%[97m([91m12.2c[97m) [97mU2:[93m30.6%[97m([91m7.5c[97m) [97mR:[93m54.6%[97m([91m12.5c[97m) [97mS-L: [92m0:[96m8% [92m2:[96m26% [92m3:[96m25% [92m4:[96m42% [92m5:[96m19% [92m6:[96m30%[39m [34mF1_perclass: 41.1-36.4-34.5-38.1-44.1-58.6-27.1 [39m[39m
2026-01-15 10:07:50,953 - Agent - INFO - Total number of trainable parameters are: 22487018
2026-01-15 10:09:53,367 - Agent - INFO - [37mVal Epoch 34 step 34 with [31mce_loss_combined : 2.023059 [31mce_loss_c : 1.826657 [31mce_loss_g : 1.616515 [31mtotal : 2.023059 [94mAcc_combined: 55.35 [94mAcc_c: 47.27 [94mAcc_g: 39.75 [97mS:[93m28.0%[97m([91m8.3c[97m-[94mF1:25.4%) [97mU1:[93m72.2%[97m([91m17.2c[97m) [97mU2:[93m37.4%[97m([91m7.4c[97m) [97mR:[93m84.2%[97m([91m22.4c[97m) [97mS-L: [92m0:[96m25% [92m1:[96m48% [92m2:[96m16% [92m3:[96m26% [92m4:[96m13% [92m5:[96m35% [92m6:[96m31%[39m [34mF1_perclass: 61.9-65.2-46.3-52.1-62.2-68.5-29.7 [39m[39m
2026-01-15 10:09:53,420 - Agent - INFO - [37mTest Epoch 34 step 34 with [31mce_loss_combined : 1.976290 [31mce_loss_c : 1.945792 [31mce_loss_g : 1.740024 [31mtotal : 1.976290 [94mAcc_combined: 51.28 [94mAcc_c: 41.60 [94mAcc_g: 35.82 [97mS:[93m21.8%[97m([91m6.2c[97m-[94mF1:15.8%) [97mU1:[93m72.0%[97m([91m17.5c[97m) [97mU2:[93m39.3%[97m([91m9.6c[97m) [97mR:[93m79.0%[97m([91m18.0c[97m) [97mS-L: [92m1:[96m38% [92m2:[96m13% [92m3:[96m17% [92m4:[96m4% [92m5:[96m33% [92m6:[96m29%[39m [34mF1_perclass: 61.0-61.0-48.3-44.0-47.1-63.6-28.6 [39m[39m
2026-01-15 10:09:53,427 - Agent - INFO - Total number of trainable parameters are: 22487018
2026-01-15 10:11:56,407 - Agent - INFO - [37mVal Epoch 35 step 35 with [31mce_loss_combined : 1.947635 [31mce_loss_c : 1.795149 [31mce_loss_g : 1.837290 [31mtotal : 1.947635 [94mAcc_combined: 56.26 [94mAcc_c: 48.41 [94mAcc_g: 31.21 [97mS:[93m32.2%[97m([91m9.6c[97m-[94mF1:29.3%) [97mU1:[93m68.4%[97m([91m16.3c[97m) [97mU2:[93m37.4%[97m([91m7.4c[97m) [97mR:[93m86.3%[97m([91m23.0c[97m) [97mS-L: [92m0:[96m50% [92m1:[96m52% [92m2:[96m14% [92m3:[96m35% [92m4:[96m10% [92m5:[96m50% [92m6:[96m35%[39m [34mF1_perclass: 62.3-66.4-44.0-56.9-58.0-71.0-32.6 [39m[39m
2026-01-15 10:11:56,452 - Agent - INFO - [37mTest Epoch 35 step 35 with [31mce_loss_combined : 2.037061 [31mce_loss_c : 1.972057 [31mce_loss_g : 1.909213 [31mtotal : 2.037061 [94mAcc_combined: 52.17 [94mAcc_c: 40.60 [94mAcc_g: 32.48 [97mS:[93m25.7%[97m([91m7.3c[97m-[94mF1:21.1%) [97mU1:[93m72.9%[97m([91m17.7c[97m) [97mU2:[93m39.7%[97m([91m9.7c[97m) [97mR:[93m76.6%[97m([91m17.5c[97m) [97mS-L: [92m0:[96m8% [92m1:[96m38% [92m2:[96m11% [92m3:[96m17% [92m4:[96m8% [92m5:[96m57% [92m6:[96m32%[39m [34mF1_perclass: 62.8-62.3-48.0-44.3-52.1-64.4-30.6 [39m[39m
2026-01-15 10:11:56,453 - Agent - INFO - Total number of trainable parameters are: 22487018
2026-01-15 10:14:18,895 - Agent - INFO - [37mVal Epoch 36 step 36 with [31mce_loss_combined : 1.940623 [31mce_loss_c : 1.737757 [31mce_loss_g : 2.492597 [31mtotal : 1.940623 [94mAcc_combined: 56.26 [94mAcc_c: 49.20 [94mAcc_g: 27.56 [97mS:[93m32.6%[97m([91m9.7c[97m-[94mF1:32.2%) [97mU1:[93m66.5%[97m([91m15.8c[97m) [97mU2:[93m45.4%[97m([91m9.0c[97m) [97mR:[93m81.6%[97m([91m21.8c[97m) [97mS-L: [92m0:[96m25% [92m1:[96m70% [92m2:[96m35% [92m3:[96m39% [92m4:[96m40% [92m5:[96m35% [92m6:[96m21%[39m [34mF1_perclass: 57.3-70.1-48.6-52.2-62.1-74.3-25.3 [39m[39m
2026-01-15 10:14:19,029 - Agent - INFO - [37mTest Epoch 36 step 36 with [31mce_loss_combined : 2.288408 [31mce_loss_c : 1.880604 [31mce_loss_g : 2.767251 [31mtotal : 2.288408 [94mAcc_combined: 49.94 [94mAcc_c: 41.82 [94mAcc_g: 31.92 [97mS:[93m24.9%[97m([91m7.1c[97m-[94mF1:19.9%) [97mU1:[93m63.3%[97m([91m15.4c[97m) [97mU2:[93m41.1%[97m([91m10.0c[97m) [97mR:[93m76.6%[97m([91m17.5c[97m) [97mS-L: [92m1:[96m25% [92m2:[96m21% [92m3:[96m31% [92m4:[96m46% [92m5:[96m24% [92m6:[96m23%[39m [34mF1_perclass: 45.3-64.3-46.5-43.8-54.9-64.1-22.8 [39m[39m
2026-01-15 10:14:19,045 - Agent - INFO - Total number of trainable parameters are: 22487018
2026-01-15 10:16:29,332 - Agent - INFO - [37mVal Epoch 37 step 37 with [31mce_loss_combined : 1.803355 [31mce_loss_c : 1.728252 [31mce_loss_g : 1.741302 [31mtotal : 1.803355 [94mAcc_combined: 59.79 [94mAcc_c: 50.23 [94mAcc_g: 37.24 [97mS:[93m30.3%[97m([91m9.0c[97m-[94mF1:30.3%) [97mU1:[93m71.8%[97m([91m17.1c[97m) [97mU2:[93m50.6%[97m([91m10.0c[97m) [97mR:[93m88.9%[97m([91m23.7c[97m) [97mS-L: [92m0:[96m25% [92m1:[96m74% [92m2:[96m32% [92m3:[96m32% [92m4:[96m37% [92m5:[96m40% [92m6:[96m17%[39m [34mF1_perclass: 67.2-74.0-52.8-53.8-65.7-72.3-21.7 [39m[39m
2026-01-15 10:16:29,429 - Agent - INFO - [37mTest Epoch 37 step 37 with [31mce_loss_combined : 2.130669 [31mce_loss_c : 1.861951 [31mce_loss_g : 2.042859 [31mtotal : 2.130669 [94mAcc_combined: 51.39 [94mAcc_c: 43.27 [94mAcc_g: 37.26 [97mS:[93m21.0%[97m([91m6.0c[97m-[94mF1:17.1%) [97mU1:[93m66.5%[97m([91m16.1c[97m) [97mU2:[93m43.4%[97m([91m10.6c[97m) [97mR:[93m82.0%[97m([91m18.7c[97m) [97mS-L: [92m1:[96m25% [92m2:[96m16% [92m3:[96m25% [92m4:[96m21% [92m5:[96m38% [92m6:[96m20%[39m [34mF1_perclass: 55.3-68.4-47.3-40.6-55.4-63.2-21.6 [39m[39m
2026-01-15 10:16:29,440 - Agent - INFO - Total number of trainable parameters are: 22487018
2026-01-15 10:18:47,363 - Agent - INFO - [37mVal Epoch 38 step 38 with [31mce_loss_combined : 1.922894 [31mce_loss_c : 1.760445 [31mce_loss_g : 1.583821 [31mtotal : 1.922894 [94mAcc_combined: 57.97 [94mAcc_c: 46.81 [94mAcc_g: 39.98 [97mS:[93m32.2%[97m([91m9.6c[97m-[94mF1:29.4%) [97mU1:[93m70.8%[97m([91m16.9c[97m) [97mU2:[93m43.7%[97m([91m8.7c[97m) [97mR:[93m85.9%[97m([91m22.9c[97m) [97mS-L: [92m0:[96m25% [92m1:[96m39% [92m2:[96m19% [92m3:[96m26% [92m4:[96m23% [92m5:[96m45% [92m6:[96m37%[39m [34mF1_perclass: 64.7-67.2-46.9-52.2-67.2-75.1-33.0 [39m[39m
2026-01-15 10:18:47,539 - Agent - INFO - [37mTest Epoch 38 step 38 with [31mce_loss_combined : 2.035232 [31mce_loss_c : 2.018554 [31mce_loss_g : 1.640420 [31mtotal : 2.035232 [94mAcc_combined: 52.28 [94mAcc_c: 42.60 [94mAcc_g: 41.05 [97mS:[93m23.3%[97m([91m6.7c[97m-[94mF1:18.9%) [97mU1:[93m68.8%[97m([91m16.7c[97m) [97mU2:[93m40.6%[97m([91m9.9c[97m) [97mR:[93m83.4%[97m([91m19.0c[97m) [97mS-L: [92m0:[96m25% [92m1:[96m38% [92m2:[96m11% [92m3:[96m11% [92m4:[96m17% [92m5:[96m33% [92m6:[96m30%[39m [34mF1_perclass: 63.8-64.7-41.5-40.9-57.4-68.8-28.2 [39m[39m
2026-01-15 10:18:47,559 - Agent - INFO - Total number of trainable parameters are: 22487018
2026-01-15 10:20:38,437 - Agent - INFO - [37mVal Epoch 39 step 39 with [31mce_loss_combined : 1.985449 [31mce_loss_c : 1.803098 [31mce_loss_g : 1.476390 [31mtotal : 1.985449 [94mAcc_combined: 55.92 [94mAcc_c: 44.53 [94mAcc_g: 42.03 [97mS:[93m36.4%[97m([91m10.8c[97m-[94mF1:28.9%) [97mU1:[93m64.1%[97m([91m15.3c[97m) [97mU2:[93m39.1%[97m([91m7.7c[97m) [97mR:[93m82.9%[97m([91m22.1c[97m) [97mS-L: [92m0:[96m25% [92m1:[96m43% [92m2:[96m14% [92m3:[96m26% [92m4:[96m10% [92m5:[96m50% [92m6:[96m50%[39m [34mF1_perclass: 66.2-66.7-40.7-50.7-62.0-73.2-35.7 [39m[39m
2026-01-15 10:20:38,517 - Agent - INFO - [37mTest Epoch 39 step 39 with [31mce_loss_combined : 2.192713 [31mce_loss_c : 1.975129 [31mce_loss_g : 1.756436 [31mtotal : 2.192713 [94mAcc_combined: 49.83 [94mAcc_c: 41.16 [94mAcc_g: 39.82 [97mS:[93m21.8%[97m([91m6.2c[97m-[94mF1:13.5%) [97mU1:[93m65.6%[97m([91m15.9c[97m) [97mU2:[93m38.4%[97m([91m9.3c[97m) [97mR:[93m80.5%[97m([91m18.4c[97m) [97mS-L: [92m1:[96m25% [92m2:[96m3% [92m3:[96m11% [92m4:[96m8% [92m5:[96m29% [92m6:[96m35%[39m [34mF1_perclass: 59.9-63.7-35.1-41.7-54.8-64.3-30.0 [39m[39m
2026-01-15 10:20:38,520 - Agent - INFO - Total number of trainable parameters are: 22487018
2026-01-15 10:22:39,772 - Agent - INFO - [37mVal Epoch 40 step 40 with [31mce_loss_combined : 1.915169 [31mce_loss_c : 1.800789 [31mce_loss_g : 2.058426 [31mtotal : 1.915169 [94mAcc_combined: 56.83 [94mAcc_c: 47.84 [94mAcc_g: 34.17 [97mS:[93m31.0%[97m([91m9.2c[97m-[94mF1:25.9%) [97mU1:[93m65.1%[97m([91m15.5c[97m) [97mU2:[93m48.3%[97m([91m9.6c[97m) [97mR:[93m84.6%[97m([91m22.6c[97m) [97mS-L: [92m0:[96m25% [92m1:[96m57% [92m2:[96m38% [92m3:[96m35% [92m4:[96m20% [92m5:[96m5% [92m6:[96m30%[39m [34mF1_perclass: 63.2-70.1-52.4-57.3-60.8-67.4-28.1 [39m[39m
2026-01-15 10:22:39,906 - Agent - INFO - [37mTest Epoch 40 step 40 with [31mce_loss_combined : 2.098291 [31mce_loss_c : 1.797095 [31mce_loss_g : 2.846518 [31mtotal : 2.098291 [94mAcc_combined: 50.83 [94mAcc_c: 42.16 [94mAcc_g: 34.93 [97mS:[93m24.5%[97m([91m7.0c[97m-[94mF1:17.7%) [97mU1:[93m62.4%[97m([91m15.1c[97m) [97mU2:[93m47.5%[97m([91m11.6c[97m) [97mR:[93m75.1%[97m([91m17.1c[97m) [97mS-L: [92m0:[96m8% [92m1:[96m25% [92m2:[96m21% [92m3:[96m25% [92m4:[96m25% [92m5:[96m5% [92m6:[96m31%[39m [34mF1_perclass: 52.2-71.5-45.2-38.3-51.4-60.6-32.4 [39m[39m
2026-01-15 10:22:41,383 - Agent - INFO - Total number of trainable parameters are: 22487018
2026-01-15 10:24:54,718 - Agent - INFO - [37mVal Epoch 41 step 41 with [31mce_loss_combined : 2.025524 [31mce_loss_c : 1.787533 [31mce_loss_g : 1.832398 [31mtotal : 2.025524 [94mAcc_combined: 56.61 [94mAcc_c: 46.47 [94mAcc_g: 34.85 [97mS:[93m34.1%[97m([91m10.1c[97m-[94mF1:29.0%) [97mU1:[93m67.0%[97m([91m15.9c[97m) [97mU2:[93m42.5%[97m([91m8.4c[97m) [97mR:[93m82.9%[97m([91m22.1c[97m) [97mS-L: [92m0:[96m25% [92m1:[96m39% [92m2:[96m16% [92m3:[96m29% [92m4:[96m40% [92m5:[96m25% [92m6:[96m41%[39m [34mF1_perclass: 67.4-64.8-42.7-55.0-63.7-71.5-32.4 [39m[39m
2026-01-15 10:24:54,876 - Agent - INFO - [37mTest Epoch 41 step 41 with [31mce_loss_combined : 2.234733 [31mce_loss_c : 1.950458 [31mce_loss_g : 1.761541 [31mtotal : 2.234733 [94mAcc_combined: 53.84 [94mAcc_c: 40.93 [94mAcc_g: 40.38 [97mS:[93m28.0%[97m([91m8.0c[97m-[94mF1:21.3%) [97mU1:[93m70.6%[97m([91m17.1c[97m) [97mU2:[93m44.7%[97m([91m10.9c[97m) [97mR:[93m78.0%[97m([91m17.8c[97m) [97mS-L: [92m0:[96m8% [92m1:[96m38% [92m2:[96m5% [92m3:[96m17% [92m4:[96m42% [92m5:[96m33% [92m6:[96m36%[39m [34mF1_perclass: 61.1-71.8-41.8-44.1-56.3-63.6-34.5 [39m[39m
2026-01-15 10:24:54,895 - Agent - INFO - Total number of trainable parameters are: 22487018
2026-01-15 10:27:23,950 - Agent - INFO - [37mVal Epoch 42 step 42 with [31mce_loss_combined : 1.873573 [31mce_loss_c : 1.759864 [31mce_loss_g : 1.503381 [31mtotal : 1.873573 [94mAcc_combined: 59.23 [94mAcc_c: 48.75 [94mAcc_g: 42.71 [97mS:[93m34.9%[97m([91m10.4c[97m-[94mF1:30.3%) [97mU1:[93m71.3%[97m([91m17.0c[97m) [97mU2:[93m42.0%[97m([91m8.3c[97m) [97mR:[93m88.5%[97m([91m23.6c[97m) [97mS-L: [92m0:[96m25% [92m1:[96m65% [92m2:[96m22% [92m3:[96m32% [92m4:[96m20% [92m5:[96m30% [92m6:[96m39%[39m [34mF1_perclass: 67.9-73.4-47.3-56.1-63.4-74.7-31.3 [39m[39m
2026-01-15 10:27:24,073 - Agent - INFO - [37mTest Epoch 42 step 42 with [31mce_loss_combined : 1.947015 [31mce_loss_c : 1.872568 [31mce_loss_g : 1.649866 [31mtotal : 1.947015 [94mAcc_combined: 55.39 [94mAcc_c: 42.05 [94mAcc_g: 41.82 [97mS:[93m26.8%[97m([91m7.7c[97m-[94mF1:21.7%) [97mU1:[93m71.1%[97m([91m17.2c[97m) [97mU2:[93m47.5%[97m([91m11.6c[97m) [97mR:[93m82.9%[97m([91m18.9c[97m) [97mS-L: [92m0:[96m17% [92m1:[96m38% [92m2:[96m11% [92m3:[96m28% [92m4:[96m25% [92m5:[96m33% [92m6:[96m31%[39m [34mF1_perclass: 65.0-75.2-44.4-45.0-58.0-65.2-31.0 [39m[39m
2026-01-15 10:27:24,079 - Agent - INFO - Total number of trainable parameters are: 22487018
2026-01-15 10:29:54,262 - Agent - INFO - [37mVal Epoch 43 step 43 with [31mce_loss_combined : 1.978840 [31mce_loss_c : 1.766789 [31mce_loss_g : 1.849469 [31mtotal : 1.978840 [94mAcc_combined: 58.66 [94mAcc_c: 49.43 [94mAcc_g: 34.17 [97mS:[93m34.5%[97m([91m10.3c[97m-[94mF1:31.2%) [97mU1:[93m71.8%[97m([91m17.1c[97m) [97mU2:[93m43.1%[97m([91m8.5c[97m) [97mR:[93m85.5%[97m([91m22.8c[97m) [97mS-L: [92m0:[96m25% [92m1:[96m57% [92m2:[96m27% [92m3:[96m35% [92m4:[96m40% [92m5:[96m25% [92m6:[96m33%[39m [34mF1_perclass: 63.4-69.3-52.6-57.5-64.8-72.3-30.5 [39m[39m
2026-01-15 10:29:54,429 - Agent - INFO - [37mTest Epoch 43 step 43 with [31mce_loss_combined : 2.223936 [31mce_loss_c : 1.826570 [31mce_loss_g : 1.836692 [31mtotal : 2.223936 [94mAcc_combined: 50.61 [94mAcc_c: 42.16 [94mAcc_g: 39.93 [97mS:[93m20.2%[97m([91m5.8c[97m-[94mF1:16.7%) [97mU1:[93m69.7%[97m([91m16.9c[97m) [97mU2:[93m42.0%[97m([91m10.2c[97m) [97mR:[93m77.6%[97m([91m17.7c[97m) [97mS-L: [92m1:[96m38% [92m2:[96m8% [92m3:[96m28% [92m4:[96m33% [92m5:[96m24% [92m6:[96m19%[39m [34mF1_perclass: 52.4-68.0-41.1-45.1-54.8-66.0-21.7 [39m[39m
2026-01-15 10:29:54,431 - Agent - INFO - Total number of trainable parameters are: 22487018
2026-01-15 10:32:00,307 - Agent - INFO - [37mVal Epoch 44 step 44 with [31mce_loss_combined : 1.961902 [31mce_loss_c : 1.779984 [31mce_loss_g : 1.487254 [31mtotal : 1.961902 [94mAcc_combined: 59.11 [94mAcc_c: 49.89 [94mAcc_g: 43.17 [97mS:[93m33.7%[97m([91m10.0c[97m-[94mF1:29.5%) [97mU1:[93m67.0%[97m([91m15.9c[97m) [97mU2:[93m48.9%[97m([91m9.7c[97m) [97mR:[93m88.0%[97m([91m23.5c[97m) [97mS-L: [92m0:[96m25% [92m1:[96m65% [92m2:[96m11% [92m3:[96m29% [92m4:[96m23% [92m5:[96m45% [92m6:[96m37%[39m [34mF1_perclass: 63.6-70.2-48.1-59.3-68.0-73.1-32.2 [39m[39m
2026-01-15 10:32:00,416 - Agent - INFO - [37mTest Epoch 44 step 44 with [31mce_loss_combined : 2.237005 [31mce_loss_c : 1.964972 [31mce_loss_g : 1.781592 [31mtotal : 2.237005 [94mAcc_combined: 54.51 [94mAcc_c: 41.49 [94mAcc_g: 41.27 [97mS:[93m25.3%[97m([91m7.2c[97m-[94mF1:19.1%) [97mU1:[93m69.7%[97m([91m16.9c[97m) [97mU2:[93m46.6%[97m([91m11.3c[97m) [97mR:[93m83.4%[97m([91m19.0c[97m) [97mS-L: [92m0:[96m8% [92m1:[96m38% [92m2:[96m8% [92m3:[96m17% [92m4:[96m25% [92m5:[96m33% [92m6:[96m33%[39m [34mF1_perclass: 61.5-71.3-41.7-44.8-59.4-68.7-30.7 [39m[39m
2026-01-15 10:32:00,420 - Agent - INFO - Total number of trainable parameters are: 22487018
2026-01-15 10:33:35,935 - Agent - INFO - [37mVal Epoch 45 step 45 with [31mce_loss_combined : 1.966999 [31mce_loss_c : 1.791214 [31mce_loss_g : 1.444821 [31mtotal : 1.966999 [94mAcc_combined: 59.00 [94mAcc_c: 47.49 [94mAcc_g: 42.71 [97mS:[93m37.9%[97m([91m11.3c[97m-[94mF1:32.5%) [97mU1:[93m68.9%[97m([91m16.4c[97m) [97mU2:[93m43.7%[97m([91m8.7c[97m) [97mR:[93m85.0%[97m([91m22.7c[97m) [97mS-L: [92m0:[96m25% [92m1:[96m57% [92m2:[96m22% [92m3:[96m26% [92m4:[96m23% [92m5:[96m45% [92m6:[96m46%[39m [34mF1_perclass: 65.6-72.5-47.5-54.0-65.3-73.3-36.9 [39m[39m
2026-01-15 10:33:35,962 - Agent - INFO - [37mTest Epoch 45 step 45 with [31mce_loss_combined : 2.155541 [31mce_loss_c : 1.974710 [31mce_loss_g : 1.578772 [31mtotal : 2.155541 [94mAcc_combined: 52.50 [94mAcc_c: 40.04 [94mAcc_g: 41.16 [97mS:[93m24.9%[97m([91m7.1c[97m-[94mF1:19.4%) [97mU1:[93m67.4%[97m([91m16.4c[97m) [97mU2:[93m45.2%[97m([91m11.0c[97m) [97mR:[93m79.0%[97m([91m18.0c[97m) [97mS-L: [92m0:[96m8% [92m1:[96m25% [92m2:[96m16% [92m3:[96m17% [92m4:[96m21% [92m5:[96m33% [92m6:[96m31%[39m [34mF1_perclass: 57.8-68.3-44.3-44.4-56.9-67.3-29.9 [39m[39m
2026-01-15 10:33:35,963 - Agent - INFO - Total number of trainable parameters are: 22487018
2026-01-15 10:35:15,622 - Agent - INFO - [37mVal Epoch 46 step 46 with [31mce_loss_combined : 2.138144 [31mce_loss_c : 1.864019 [31mce_loss_g : 1.582109 [31mtotal : 2.138144 [94mAcc_combined: 58.09 [94mAcc_c: 48.06 [94mAcc_g: 38.50 [97mS:[93m35.6%[97m([91m10.6c[97m-[94mF1:29.2%) [97mU1:[93m67.9%[97m([91m16.2c[97m) [97mU2:[93m42.0%[97m([91m8.3c[97m) [97mR:[93m86.3%[97m([91m23.0c[97m) [97mS-L: [92m0:[96m25% [92m1:[96m57% [92m2:[96m16% [92m3:[96m23% [92m4:[96m13% [92m5:[96m30% [92m6:[96m48%[39m [34mF1_perclass: 63.1-73.0-45.7-54.5-63.1-74.8-35.6 [39m[39m
2026-01-15 10:35:15,725 - Agent - INFO - [37mTest Epoch 46 step 46 with [31mce_loss_combined : 2.179618 [31mce_loss_c : 1.981679 [31mce_loss_g : 1.698448 [31mtotal : 2.179618 [94mAcc_combined: 55.06 [94mAcc_c: 40.93 [94mAcc_g: 41.60 [97mS:[93m25.3%[97m([91m7.2c[97m-[94mF1:17.3%) [97mU1:[93m72.0%[97m([91m17.5c[97m) [97mU2:[93m46.1%[97m([91m11.2c[97m) [97mR:[93m83.9%[97m([91m19.1c[97m) [97mS-L: [92m0:[96m17% [92m1:[96m38% [92m2:[96m8% [92m3:[96m8% [92m4:[96m8% [92m5:[96m24% [92m6:[96m40%[39m [34mF1_perclass: 62.9-73.4-44.0-43.9-53.7-69.9-35.3 [39m[39m
2026-01-15 10:35:15,727 - Agent - INFO - Total number of trainable parameters are: 22487018
2026-01-15 10:36:59,138 - Agent - INFO - [37mVal Epoch 47 step 47 with [31mce_loss_combined : 2.057975 [31mce_loss_c : 1.813230 [31mce_loss_g : 1.486938 [31mtotal : 2.057975 [94mAcc_combined: 60.25 [94mAcc_c: 49.66 [94mAcc_g: 40.55 [97mS:[93m36.0%[97m([91m10.7c[97m-[94mF1:30.0%) [97mU1:[93m70.8%[97m([91m16.9c[97m) [97mU2:[93m43.7%[97m([91m8.7c[97m) [97mR:[93m90.2%[97m([91m24.0c[97m) [97mS-L: [92m0:[96m25% [92m1:[96m57% [92m2:[96m16% [92m3:[96m29% [92m4:[96m17% [92m5:[96m35% [92m6:[96m46%[39m [34mF1_perclass: 67.3-73.0-46.4-56.0-68.1-73.8-37.0 [39m[39m
2026-01-15 10:36:59,246 - Agent - INFO - [37mTest Epoch 47 step 47 with [31mce_loss_combined : 2.087301 [31mce_loss_c : 1.856608 [31mce_loss_g : 1.695409 [31mtotal : 2.087301 [94mAcc_combined: 54.51 [94mAcc_c: 42.38 [94mAcc_g: 43.16 [97mS:[93m26.8%[97m([91m7.7c[97m-[94mF1:18.6%) [97mU1:[93m69.7%[97m([91m16.9c[97m) [97mU2:[93m46.6%[97m([91m11.3c[97m) [97mR:[93m81.5%[97m([91m18.6c[97m) [97mS-L: [92m0:[96m17% [92m1:[96m38% [92m2:[96m11% [92m3:[96m11% [92m4:[96m12% [92m5:[96m24% [92m6:[96m41%[39m [34mF1_perclass: 63.5-70.4-45.2-44.2-59.3-64.9-33.9 [39m[39m
2026-01-15 10:37:01,005 - Agent - INFO - [37mModel saved successfully at: /esat/smcdata/users/kkontras/Image_Dataset/no_backup/data/2025_data/synergy/CremadPlus/v2/SynIB_RMask_fold0_l0_lr0.0001_wd0.0001_clsmlp_bs64.pth.tar[39m
2026-01-15 10:37:01,018 - Agent - INFO - Total number of trainable parameters are: 22487018
2026-01-15 10:38:39,598 - Agent - INFO - [37mVal Epoch 48 step 48 with [31mce_loss_combined : 2.068037 [31mce_loss_c : 1.766422 [31mce_loss_g : 1.597206 [31mtotal : 2.068037 [94mAcc_combined: 58.09 [94mAcc_c: 49.09 [94mAcc_g: 36.56 [97mS:[93m38.3%[97m([91m11.4c[97m-[94mF1:32.7%) [97mU1:[93m67.9%[97m([91m16.2c[97m) [97mU2:[93m41.4%[97m([91m8.2c[97m) [97mR:[93m83.8%[97m([91m22.3c[97m) [97mS-L: [92m0:[96m25% [92m1:[96m43% [92m2:[96m16% [92m3:[96m29% [92m4:[96m33% [92m5:[96m35% [92m6:[96m49%[39m [34mF1_perclass: 64.3-66.4-45.8-56.3-66.9-77.1-36.6 [39m[39m
2026-01-15 10:38:39,702 - Agent - INFO - [37mTest Epoch 48 step 48 with [31mce_loss_combined : 2.199561 [31mce_loss_c : 1.896330 [31mce_loss_g : 1.819698 [31mtotal : 2.199561 [94mAcc_combined: 54.28 [94mAcc_c: 42.16 [94mAcc_g: 37.82 [97mS:[93m27.2%[97m([91m7.8c[97m-[94mF1:19.8%) [97mU1:[93m72.0%[97m([91m17.5c[97m) [97mU2:[93m43.4%[97m([91m10.6c[97m) [97mR:[93m81.0%[97m([91m18.5c[97m) [97mS-L: [92m0:[96m8% [92m1:[96m25% [92m2:[96m18% [92m3:[96m11% [92m4:[96m21% [92m5:[96m29% [92m6:[96m38%[39m [34mF1_perclass: 60.3-73.8-46.2-40.5-56.4-67.8-34.4 [39m[39m
2026-01-15 10:38:39,705 - Agent - INFO - Total number of trainable parameters are: 22487018
2026-01-15 10:40:28,677 - Agent - INFO - [37mVal Epoch 49 step 49 with [31mce_loss_combined : 2.052157 [31mce_loss_c : 1.842028 [31mce_loss_g : 1.489783 [31mtotal : 2.052157 [94mAcc_combined: 59.79 [94mAcc_c: 47.95 [94mAcc_g: 44.42 [97mS:[93m36.0%[97m([91m10.7c[97m-[94mF1:30.5%) [97mU1:[93m71.8%[97m([91m17.1c[97m) [97mU2:[93m44.8%[97m([91m8.9c[97m) [97mR:[93m86.8%[97m([91m23.1c[97m) [97mS-L: [92m0:[96m25% [92m1:[96m70% [92m2:[96m19% [92m3:[96m29% [92m4:[96m23% [92m5:[96m25% [92m6:[96m42%[39m [34mF1_perclass: 68.1-72.8-46.8-54.8-69.0-75.0-33.0 [39m[39m
2026-01-15 10:40:28,822 - Agent - INFO - [37mTest Epoch 49 step 49 with [31mce_loss_combined : 2.115608 [31mce_loss_c : 1.933231 [31mce_loss_g : 1.716237 [31mtotal : 2.115608 [94mAcc_combined: 54.95 [94mAcc_c: 42.27 [94mAcc_g: 41.60 [97mS:[93m24.9%[97m([91m7.1c[97m-[94mF1:18.4%) [97mU1:[93m75.2%[97m([91m18.2c[97m) [97mU2:[93m44.3%[97m([91m10.8c[97m) [97mR:[93m82.4%[97m([91m18.8c[97m) [97mS-L: [92m0:[96m8% [92m1:[96m25% [92m2:[96m11% [92m3:[96m14% [92m4:[96m17% [92m5:[96m38% [92m6:[96m34%[39m [34mF1_perclass: 61.1-71.9-44.8-45.0-57.9-71.1-31.6 [39m[39m
2026-01-15 10:40:28,830 - Agent - INFO - Total number of trainable parameters are: 22487018
2026-01-15 10:42:15,951 - Agent - INFO - [37mVal Epoch 50 step 50 with [31mce_loss_combined : 2.177452 [31mce_loss_c : 1.782711 [31mce_loss_g : 1.557471 [31mtotal : 2.177452 [94mAcc_combined: 59.11 [94mAcc_c: 48.86 [94mAcc_g: 42.14 [97mS:[93m35.6%[97m([91m10.6c[97m-[94mF1:30.3%) [97mU1:[93m70.3%[97m([91m16.7c[97m) [97mU2:[93m43.1%[97m([91m8.5c[97m) [97mR:[93m87.2%[97m([91m23.2c[97m) [97mS-L: [92m0:[96m50% [92m1:[96m43% [92m2:[96m16% [92m3:[96m29% [92m4:[96m20% [92m5:[96m30% [92m6:[96m47%[39m [34mF1_perclass: 66.0-70.5-46.5-56.1-66.1-74.0-37.3 [39m[39m
2026-01-15 10:42:15,982 - Agent - INFO - [37mTest Epoch 50 step 50 with [31mce_loss_combined : 2.184963 [31mce_loss_c : 1.939014 [31mce_loss_g : 1.646743 [31mtotal : 2.184963 [94mAcc_combined: 54.28 [94mAcc_c: 42.27 [94mAcc_g: 42.49 [97mS:[93m26.5%[97m([91m7.6c[97m-[94mF1:18.6%) [97mU1:[93m72.0%[97m([91m17.5c[97m) [97mU2:[93m43.8%[97m([91m10.7c[97m) [97mR:[93m81.5%[97m([91m18.6c[97m) [97mS-L: [92m0:[96m8% [92m1:[96m12% [92m2:[96m8% [92m3:[96m22% [92m4:[96m21% [92m5:[96m29% [92m6:[96m37%[39m [34mF1_perclass: 62.4-71.0-44.0-45.5-57.6-68.5-32.7 [39m[39m
2026-01-15 10:42:17,441 - Agent - INFO - Total number of trainable parameters are: 22487018
2026-01-15 10:43:55,352 - Agent - INFO - [37mVal Epoch 51 step 51 with [31mce_loss_combined : 2.123451 [31mce_loss_c : 1.812559 [31mce_loss_g : 1.563213 [31mtotal : 2.123451 [94mAcc_combined: 59.57 [94mAcc_c: 48.41 [94mAcc_g: 40.89 [97mS:[93m33.3%[97m([91m9.9c[97m-[94mF1:30.2%) [97mU1:[93m70.8%[97m([91m16.9c[97m) [97mU2:[93m47.1%[97m([91m9.3c[97m) [97mR:[93m88.0%[97m([91m23.5c[97m) [97mS-L: [92m0:[96m25% [92m1:[96m61% [92m2:[96m16% [92m3:[96m32% [92m4:[96m33% [92m5:[96m30% [92m6:[96m34%[39m [34mF1_perclass: 66.0-72.8-43.9-58.6-64.9-75.3-32.1 [39m[39m
2026-01-15 10:43:55,395 - Agent - INFO - [37mTest Epoch 51 step 51 with [31mce_loss_combined : 2.250138 [31mce_loss_c : 1.907055 [31mce_loss_g : 1.774718 [31mtotal : 2.250138 [94mAcc_combined: 55.06 [94mAcc_c: 42.49 [94mAcc_g: 41.94 [97mS:[93m27.6%[97m([91m7.9c[97m-[94mF1:21.8%) [97mU1:[93m72.9%[97m([91m17.7c[97m) [97mU2:[93m42.9%[97m([91m10.5c[97m) [97mR:[93m83.4%[97m([91m19.0c[97m) [97mS-L: [92m0:[96m8% [92m1:[96m38% [92m2:[96m18% [92m3:[96m14% [92m4:[96m29% [92m5:[96m33% [92m6:[96m35%[39m [34mF1_perclass: 60.6-73.9-46.2-41.4-58.0-67.1-33.4 [39m[39m
2026-01-15 10:43:55,399 - Agent - INFO - Total number of trainable parameters are: 22487018
2026-01-15 10:45:27,826 - Agent - INFO - [37mVal Epoch 52 step 52 with [31mce_loss_combined : 2.168177 [31mce_loss_c : 1.785874 [31mce_loss_g : 1.626204 [31mtotal : 2.168177 [94mAcc_combined: 58.20 [94mAcc_c: 49.20 [94mAcc_g: 37.93 [97mS:[93m34.5%[97m([91m10.3c[97m-[94mF1:30.8%) [97mU1:[93m68.9%[97m([91m16.4c[97m) [97mU2:[93m44.8%[97m([91m8.9c[97m) [97mR:[93m85.0%[97m([91m22.7c[97m) [97mS-L: [92m0:[96m25% [92m1:[96m43% [92m2:[96m19% [92m3:[96m32% [92m4:[96m27% [92m5:[96m35% [92m6:[96m41%[39m [34mF1_perclass: 63.1-68.2-46.1-56.9-67.8-73.8-34.1 [39m[39m
2026-01-15 10:45:27,917 - Agent - INFO - [37mTest Epoch 52 step 52 with [31mce_loss_combined : 2.276072 [31mce_loss_c : 1.916889 [31mce_loss_g : 1.879334 [31mtotal : 2.276072 [94mAcc_combined: 53.84 [94mAcc_c: 42.05 [94mAcc_g: 38.93 [97mS:[93m24.5%[97m([91m7.0c[97m-[94mF1:18.1%) [97mU1:[93m72.9%[97m([91m17.7c[97m) [97mU2:[93m43.4%[97m([91m10.6c[97m) [97mR:[93m81.5%[97m([91m18.6c[97m) [97mS-L: [92m1:[96m12% [92m2:[96m16% [92m3:[96m17% [92m4:[96m21% [92m5:[96m43% [92m6:[96m31%[39m [34mF1_perclass: 60.8-71.9-43.4-43.9-56.6-67.5-31.0 [39m[39m
2026-01-15 10:45:27,919 - Agent - INFO - Total number of trainable parameters are: 22487018
2026-01-15 10:47:01,661 - Agent - INFO - [37mVal Epoch 53 step 53 with [31mce_loss_combined : 2.121853 [31mce_loss_c : 1.781014 [31mce_loss_g : 1.504743 [31mtotal : 2.121853 [94mAcc_combined: 59.91 [94mAcc_c: 50.57 [94mAcc_g: 41.34 [97mS:[93m33.7%[97m([91m10.0c[97m-[94mF1:30.5%) [97mU1:[93m72.2%[97m([91m17.2c[97m) [97mU2:[93m47.1%[97m([91m9.3c[97m) [97mR:[93m87.6%[97m([91m23.3c[97m) [97mS-L: [92m0:[96m25% [92m1:[96m65% [92m2:[96m16% [92m3:[96m32% [92m4:[96m27% [92m5:[96m35% [92m6:[96m35%[39m [34mF1_perclass: 68.3-71.6-46.8-55.0-67.7-73.8-32.5 [39m[39m
2026-01-15 10:47:01,744 - Agent - INFO - [37mTest Epoch 53 step 53 with [31mce_loss_combined : 2.139180 [31mce_loss_c : 1.853823 [31mce_loss_g : 1.695760 [31mtotal : 2.139180 [94mAcc_combined: 54.84 [94mAcc_c: 42.94 [94mAcc_g: 41.71 [97mS:[93m24.9%[97m([91m7.1c[97m-[94mF1:18.4%) [97mU1:[93m72.0%[97m([91m17.5c[97m) [97mU2:[93m47.0%[97m([91m11.5c[97m) [97mR:[93m82.4%[97m([91m18.8c[97m) [97mS-L: [92m1:[96m12% [92m2:[96m18% [92m3:[96m19% [92m4:[96m21% [92m5:[96m38% [92m6:[96m31%[39m [34mF1_perclass: 61.9-73.0-46.3-45.6-55.9-68.0-30.2 [39m[39m
2026-01-15 10:47:01,747 - Agent - INFO - Total number of trainable parameters are: 22487018
2026-01-15 10:48:46,182 - Agent - INFO - [37mVal Epoch 54 step 54 with [31mce_loss_combined : 2.169945 [31mce_loss_c : 1.809030 [31mce_loss_g : 1.500689 [31mtotal : 2.169945 [94mAcc_combined: 60.82 [94mAcc_c: 49.20 [94mAcc_g: 42.26 [97mS:[93m34.5%[97m([91m10.3c[97m-[94mF1:31.7%) [97mU1:[93m73.7%[97m([91m17.5c[97m) [97mU2:[93m48.3%[97m([91m9.6c[97m) [97mR:[93m88.0%[97m([91m23.5c[97m) [97mS-L: [92m0:[96m50% [92m1:[96m61% [92m2:[96m22% [92m3:[96m32% [92m4:[96m23% [92m5:[96m35% [92m6:[96m36%[39m [34mF1_perclass: 67.8-74.1-49.1-56.0-70.3-74.7-32.3 [39m[39m
2026-01-15 10:48:46,225 - Agent - INFO - [37mTest Epoch 54 step 54 with [31mce_loss_combined : 2.154280 [31mce_loss_c : 1.897971 [31mce_loss_g : 1.715186 [31mtotal : 2.154280 [94mAcc_combined: 55.39 [94mAcc_c: 41.94 [94mAcc_g: 42.05 [97mS:[93m26.1%[97m([91m7.5c[97m-[94mF1:20.4%) [97mU1:[93m72.9%[97m([91m17.7c[97m) [97mU2:[93m45.2%[97m([91m11.0c[97m) [97mR:[93m84.4%[97m([91m19.2c[97m) [97mS-L: [92m0:[96m8% [92m1:[96m38% [92m2:[96m18% [92m3:[96m14% [92m4:[96m21% [92m5:[96m33% [92m6:[96m33%[39m [34mF1_perclass: 63.2-71.9-46.6-44.2-59.4-67.8-31.4 [39m[39m
2026-01-15 10:48:47,836 - Agent - INFO - [37mModel saved successfully at: /esat/smcdata/users/kkontras/Image_Dataset/no_backup/data/2025_data/synergy/CremadPlus/v2/SynIB_RMask_fold0_l0_lr0.0001_wd0.0001_clsmlp_bs64.pth.tar[39m
2026-01-15 10:48:47,848 - Agent - INFO - Total number of trainable parameters are: 22487018
2026-01-15 10:50:29,038 - Agent - INFO - [37mVal Epoch 55 step 55 with [31mce_loss_combined : 2.234057 [31mce_loss_c : 1.813116 [31mce_loss_g : 1.553643 [31mtotal : 2.234057 [94mAcc_combined: 58.77 [94mAcc_c: 48.52 [94mAcc_g: 40.21 [97mS:[93m31.8%[97m([91m9.5c[97m-[94mF1:29.0%) [97mU1:[93m72.2%[97m([91m17.2c[97m) [97mU2:[93m44.3%[97m([91m8.8c[97m) [97mR:[93m87.6%[97m([91m23.3c[97m) [97mS-L: [92m0:[96m25% [92m1:[96m52% [92m2:[96m19% [92m3:[96m32% [92m4:[96m23% [92m5:[96m35% [92m6:[96m34%[39m [34mF1_perclass: 66.9-71.0-48.0-53.0-67.8-72.3-30.2 [39m[39m
2026-01-15 10:50:29,084 - Agent - INFO - [37mTest Epoch 55 step 55 with [31mce_loss_combined : 2.262861 [31mce_loss_c : 1.918084 [31mce_loss_g : 1.713570 [31mtotal : 2.262861 [94mAcc_combined: 55.28 [94mAcc_c: 42.49 [94mAcc_g: 40.93 [97mS:[93m26.5%[97m([91m7.6c[97m-[94mF1:21.4%) [97mU1:[93m73.9%[97m([91m17.9c[97m) [97mU2:[93m45.7%[97m([91m11.1c[97m) [97mR:[93m82.0%[97m([91m18.7c[97m) [97mS-L: [92m0:[96m8% [92m1:[96m25% [92m2:[96m21% [92m3:[96m19% [92m4:[96m21% [92m5:[96m43% [92m6:[96m31%[39m [34mF1_perclass: 61.7-72.9-50.6-43.6-58.8-68.2-30.0 [39m[39m
2026-01-15 10:50:29,088 - Agent - INFO - Total number of trainable parameters are: 22487018
2026-01-15 10:52:14,936 - Agent - INFO - [37mVal Epoch 56 step 56 with [31mce_loss_combined : 2.152024 [31mce_loss_c : 1.809882 [31mce_loss_g : 1.544568 [31mtotal : 2.152024 [94mAcc_combined: 60.02 [94mAcc_c: 49.09 [94mAcc_g: 39.86 [97mS:[93m33.7%[97m([91m10.0c[97m-[94mF1:30.2%) [97mU1:[93m73.2%[97m([91m17.4c[97m) [97mU2:[93m46.6%[97m([91m9.2c[97m) [97mR:[93m87.6%[97m([91m23.3c[97m) [97mS-L: [92m0:[96m25% [92m1:[96m57% [92m2:[96m19% [92m3:[96m32% [92m4:[96m23% [92m5:[96m30% [92m6:[96m38%[39m [34mF1_perclass: 67.3-72.9-48.3-55.1-67.5-74.8-32.8 [39m[39m
2026-01-15 10:52:14,981 - Agent - INFO - [37mTest Epoch 56 step 56 with [31mce_loss_combined : 2.248380 [31mce_loss_c : 1.896656 [31mce_loss_g : 1.740739 [31mtotal : 2.248380 [94mAcc_combined: 55.06 [94mAcc_c: 42.83 [94mAcc_g: 40.16 [97mS:[93m25.7%[97m([91m7.3c[97m-[94mF1:20.9%) [97mU1:[93m72.9%[97m([91m17.7c[97m) [97mU2:[93m45.2%[97m([91m11.0c[97m) [97mR:[93m83.4%[97m([91m19.0c[97m) [97mS-L: [92m0:[96m8% [92m1:[96m38% [92m2:[96m18% [92m3:[96m14% [92m4:[96m21% [92m5:[96m43% [92m6:[96m31%[39m [34mF1_perclass: 61.7-74.0-48.0-42.8-57.4-68.5-29.9 [39m[39m
2026-01-15 10:52:14,983 - Agent - INFO - Total number of trainable parameters are: 22487018
2026-01-15 10:53:52,308 - Agent - INFO - [37mVal Epoch 57 step 57 with [31mce_loss_combined : 2.206388 [31mce_loss_c : 1.807140 [31mce_loss_g : 1.521478 [31mtotal : 2.206388 [94mAcc_combined: 60.36 [94mAcc_c: 48.75 [94mAcc_g: 40.43 [97mS:[93m33.7%[97m([91m10.0c[97m-[94mF1:30.9%) [97mU1:[93m70.8%[97m([91m16.9c[97m) [97mU2:[93m47.7%[97m([91m9.5c[97m) [97mR:[93m90.2%[97m([91m24.0c[97m) [97mS-L: [92m0:[96m25% [92m1:[96m65% [92m2:[96m19% [92m3:[96m32% [92m4:[96m23% [92m5:[96m40% [92m6:[96m34%[39m [34mF1_perclass: 66.9-74.2-46.2-54.4-69.2-74.9-32.1 [39m[39m
2026-01-15 10:53:52,378 - Agent - INFO - [37mTest Epoch 57 step 57 with [31mce_loss_combined : 2.220126 [31mce_loss_c : 1.890899 [31mce_loss_g : 1.761719 [31mtotal : 2.220126 [94mAcc_combined: 55.28 [94mAcc_c: 42.38 [94mAcc_g: 42.27 [97mS:[93m25.3%[97m([91m7.2c[97m-[94mF1:19.5%) [97mU1:[93m70.2%[97m([91m17.0c[97m) [97mU2:[93m47.0%[97m([91m11.5c[97m) [97mR:[93m85.9%[97m([91m19.6c[97m) [97mS-L: [92m0:[96m8% [92m1:[96m38% [92m2:[96m13% [92m3:[96m17% [92m4:[96m21% [92m5:[96m33% [92m6:[96m32%[39m [34mF1_perclass: 63.4-71.0-42.9-44.5-59.6-68.5-31.8 [39m[39m
2026-01-15 10:53:52,381 - Agent - INFO - Total number of trainable parameters are: 22487018
2026-01-15 10:56:05,250 - Agent - INFO - [37mVal Epoch 58 step 58 with [31mce_loss_combined : 2.146389 [31mce_loss_c : 1.795860 [31mce_loss_g : 1.544470 [31mtotal : 2.146389 [94mAcc_combined: 58.88 [94mAcc_c: 49.09 [94mAcc_g: 41.23 [97mS:[93m34.9%[97m([91m10.4c[97m-[94mF1:30.8%) [97mU1:[93m69.9%[97m([91m16.6c[97m) [97mU2:[93m46.0%[97m([91m9.1c[97m) [97mR:[93m85.5%[97m([91m22.8c[97m) [97mS-L: [92m0:[96m25% [92m1:[96m52% [92m2:[96m22% [92m3:[96m32% [92m4:[96m23% [92m5:[96m30% [92m6:[96m41%[39m [34mF1_perclass: 65.7-71.2-48.3-55.0-66.7-73.9-33.1 [39m[39m
2026-01-15 10:56:05,341 - Agent - INFO - [37mTest Epoch 58 step 58 with [31mce_loss_combined : 2.276755 [31mce_loss_c : 1.928838 [31mce_loss_g : 1.738662 [31mtotal : 2.276755 [94mAcc_combined: 54.62 [94mAcc_c: 41.71 [94mAcc_g: 40.82 [97mS:[93m26.1%[97m([91m7.5c[97m-[94mF1:18.8%) [97mU1:[93m71.6%[97m([91m17.4c[97m) [97mU2:[93m45.7%[97m([91m11.1c[97m) [97mR:[93m82.0%[97m([91m18.7c[97m) [97mS-L: [92m0:[96m8% [92m1:[96m12% [92m2:[96m13% [92m3:[96m19% [92m4:[96m21% [92m5:[96m33% [92m6:[96m35%[39m [34mF1_perclass: 61.6-73.5-43.7-43.5-57.1-68.3-32.4 [39m[39m
2026-01-15 10:56:05,353 - Agent - INFO - Total number of trainable parameters are: 22487018
2026-01-15 10:58:33,319 - Agent - INFO - [37mVal Epoch 59 step 59 with [31mce_loss_combined : 2.209685 [31mce_loss_c : 1.826388 [31mce_loss_g : 1.541044 [31mtotal : 2.209685 [94mAcc_combined: 60.14 [94mAcc_c: 49.20 [94mAcc_g: 40.43 [97mS:[93m34.5%[97m([91m10.3c[97m-[94mF1:31.6%) [97mU1:[93m73.2%[97m([91m17.4c[97m) [97mU2:[93m46.0%[97m([91m9.1c[97m) [97mR:[93m87.6%[97m([91m23.3c[97m) [97mS-L: [92m0:[96m25% [92m1:[96m57% [92m2:[96m22% [92m3:[96m32% [92m4:[96m23% [92m5:[96m35% [92m6:[96m38%[39m [34mF1_perclass: 66.2-73.4-48.9-54.5-68.3-73.8-33.8 [39m[39m
2026-01-15 10:58:33,447 - Agent - INFO - [37mTest Epoch 59 step 59 with [31mce_loss_combined : 2.184227 [31mce_loss_c : 1.883618 [31mce_loss_g : 1.713180 [31mtotal : 2.184227 [94mAcc_combined: 55.39 [94mAcc_c: 42.71 [94mAcc_g: 41.60 [97mS:[93m26.5%[97m([91m7.6c[97m-[94mF1:20.5%) [97mU1:[93m72.9%[97m([91m17.7c[97m) [97mU2:[93m45.2%[97m([91m11.0c[97m) [97mR:[93m83.9%[97m([91m19.1c[97m) [97mS-L: [92m0:[96m8% [92m1:[96m25% [92m2:[96m18% [92m3:[96m17% [92m4:[96m21% [92m5:[96m38% [92m6:[96m33%[39m [34mF1_perclass: 64.8-73.4-45.2-42.9-57.3-69.4-31.3 [39m[39m
2026-01-15 10:58:33,457 - Agent - INFO - Total number of trainable parameters are: 22487018
2026-01-15 11:00:55,988 - Agent - INFO - [37mVal Epoch 60 step 60 with [31mce_loss_combined : 2.205785 [31mce_loss_c : 1.826446 [31mce_loss_g : 1.542974 [31mtotal : 2.205785 [94mAcc_combined: 60.25 [94mAcc_c: 48.41 [94mAcc_g: 39.75 [97mS:[93m34.1%[97m([91m10.1c[97m-[94mF1:31.6%) [97mU1:[93m72.7%[97m([91m17.3c[97m) [97mU2:[93m47.7%[97m([91m9.5c[97m) [97mR:[93m87.6%[97m([91m23.3c[97m) [97mS-L: [92m0:[96m25% [92m1:[96m61% [92m2:[96m19% [92m3:[96m32% [92m4:[96m23% [92m5:[96m40% [92m6:[96m36%[39m [34mF1_perclass: 66.4-73.5-47.9-56.1-68.0-74.7-32.3 [39m[39m
2026-01-15 11:00:56,082 - Agent - INFO - [37mTest Epoch 60 step 60 with [31mce_loss_combined : 2.256265 [31mce_loss_c : 1.914729 [31mce_loss_g : 1.775693 [31mtotal : 2.256265 [94mAcc_combined: 54.62 [94mAcc_c: 42.94 [94mAcc_g: 40.60 [97mS:[93m25.7%[97m([91m7.3c[97m-[94mF1:20.4%) [97mU1:[93m71.1%[97m([91m17.2c[97m) [97mU2:[93m44.7%[97m([91m10.9c[97m) [97mR:[93m83.9%[97m([91m19.1c[97m) [97mS-L: [92m0:[96m8% [92m1:[96m38% [92m2:[96m16% [92m3:[96m17% [92m4:[96m21% [92m5:[96m38% [92m6:[96m31%[39m [34mF1_perclass: 61.2-74.0-45.4-42.6-57.4-66.7-30.8 [39m[39m
2026-01-15 11:00:58,436 - Agent - INFO - Total number of trainable parameters are: 22487018
2026-01-15 11:03:06,197 - Agent - INFO - [37mVal Epoch 61 step 61 with [31mce_loss_combined : 2.202088 [31mce_loss_c : 1.849268 [31mce_loss_g : 1.538419 [31mtotal : 2.202088 [94mAcc_combined: 60.36 [94mAcc_c: 48.75 [94mAcc_g: 41.12 [97mS:[93m34.9%[97m([91m10.4c[97m-[94mF1:32.4%) [97mU1:[93m73.7%[97m([91m17.5c[97m) [97mU2:[93m46.6%[97m([91m9.2c[97m) [97mR:[93m87.2%[97m([91m23.2c[97m) [97mS-L: [92m0:[96m25% [92m1:[96m61% [92m2:[96m19% [92m3:[96m32% [92m4:[96m27% [92m5:[96m40% [92m6:[96m37%[39m [34mF1_perclass: 66.9-73.6-48.3-54.4-68.0-75.5-33.1 [39m[39m
2026-01-15 11:03:06,344 - Agent - INFO - [37mTest Epoch 61 step 61 with [31mce_loss_combined : 2.259132 [31mce_loss_c : 1.919370 [31mce_loss_g : 1.798390 [31mtotal : 2.259132 [94mAcc_combined: 54.95 [94mAcc_c: 42.49 [94mAcc_g: 40.16 [97mS:[93m26.1%[97m([91m7.5c[97m-[94mF1:20.8%) [97mU1:[93m72.0%[97m([91m17.5c[97m) [97mU2:[93m44.3%[97m([91m10.8c[97m) [97mR:[93m84.4%[97m([91m19.2c[97m) [97mS-L: [92m0:[96m8% [92m1:[96m38% [92m2:[96m18% [92m3:[96m17% [92m4:[96m21% [92m5:[96m38% [92m6:[96m31%[39m [34mF1_perclass: 63.2-73.8-46.8-42.3-58.4-66.2-30.0 [39m[39m
2026-01-15 11:03:06,347 - Agent - INFO - Total number of trainable parameters are: 22487018
2026-01-15 11:05:12,128 - Agent - INFO - [37mVal Epoch 62 step 62 with [31mce_loss_combined : 2.149938 [31mce_loss_c : 1.811683 [31mce_loss_g : 1.542580 [31mtotal : 2.149938 [94mAcc_combined: 60.36 [94mAcc_c: 48.29 [94mAcc_g: 40.32 [97mS:[93m34.9%[97m([91m10.4c[97m-[94mF1:30.1%) [97mU1:[93m70.8%[97m([91m16.9c[97m) [97mU2:[93m47.7%[97m([91m9.5c[97m) [97mR:[93m88.9%[97m([91m23.7c[97m) [97mS-L: [92m0:[96m25% [92m1:[96m65% [92m2:[96m19% [92m3:[96m32% [92m4:[96m23% [92m5:[96m25% [92m6:[96m40%[39m [34mF1_perclass: 66.9-74.8-48.3-54.9-67.5-74.3-34.7 [39m[39m
2026-01-15 11:05:12,199 - Agent - INFO - [37mTest Epoch 62 step 62 with [31mce_loss_combined : 2.242978 [31mce_loss_c : 1.897203 [31mce_loss_g : 1.811077 [31mtotal : 2.242978 [94mAcc_combined: 54.95 [94mAcc_c: 42.49 [94mAcc_g: 40.71 [97mS:[93m26.8%[97m([91m7.7c[97m-[94mF1:20.7%) [97mU1:[93m69.3%[97m([91m16.8c[97m) [97mU2:[93m46.1%[97m([91m11.2c[97m) [97mR:[93m84.4%[97m([91m19.2c[97m) [97mS-L: [92m0:[96m8% [92m1:[96m38% [92m2:[96m16% [92m3:[96m17% [92m4:[96m21% [92m5:[96m33% [92m6:[96m35%[39m [34mF1_perclass: 61.3-73.5-45.0-42.8-58.0-68.3-33.0 [39m[39m
2026-01-15 11:05:12,203 - Agent - INFO - Total number of trainable parameters are: 22487018
2026-01-15 11:07:19,777 - Agent - INFO - [37mVal Epoch 63 step 63 with [31mce_loss_combined : 2.177877 [31mce_loss_c : 1.829472 [31mce_loss_g : 1.532279 [31mtotal : 2.177877 [94mAcc_combined: 60.14 [94mAcc_c: 48.29 [94mAcc_g: 39.86 [97mS:[93m34.9%[97m([91m10.4c[97m-[94mF1:31.7%) [97mU1:[93m71.3%[97m([91m17.0c[97m) [97mU2:[93m47.1%[97m([91m9.3c[97m) [97mR:[93m88.0%[97m([91m23.5c[97m) [97mS-L: [92m0:[96m25% [92m1:[96m61% [92m2:[96m19% [92m3:[96m32% [92m4:[96m23% [92m5:[96m40% [92m6:[96m38%[39m [34mF1_perclass: 66.4-74.1-48.6-55.7-67.8-74.5-32.8 [39m[39m
2026-01-15 11:07:19,912 - Agent - INFO - [37mTest Epoch 63 step 63 with [31mce_loss_combined : 2.240722 [31mce_loss_c : 1.909182 [31mce_loss_g : 1.793744 [31mtotal : 2.240722 [94mAcc_combined: 54.39 [94mAcc_c: 42.71 [94mAcc_g: 40.49 [97mS:[93m25.7%[97m([91m7.3c[97m-[94mF1:19.8%) [97mU1:[93m70.6%[97m([91m17.1c[97m) [97mU2:[93m43.8%[97m([91m10.7c[97m) [97mR:[93m84.4%[97m([91m19.2c[97m) [97mS-L: [92m0:[96m8% [92m1:[96m38% [92m2:[96m13% [92m3:[96m17% [92m4:[96m21% [92m5:[96m33% [92m6:[96m33%[39m [34mF1_perclass: 61.7-73.0-43.6-42.8-57.9-67.1-30.9 [39m[39m
2026-01-15 11:07:19,923 - Agent - INFO - Total number of trainable parameters are: 22487018
2026-01-15 11:09:44,140 - Agent - INFO - [37mVal Epoch 64 step 64 with [31mce_loss_combined : 2.153991 [31mce_loss_c : 1.790624 [31mce_loss_g : 1.654566 [31mtotal : 2.153991 [94mAcc_combined: 59.00 [94mAcc_c: 48.86 [94mAcc_g: 38.95 [97mS:[93m34.1%[97m([91m10.1c[97m-[94mF1:29.8%) [97mU1:[93m70.3%[97m([91m16.7c[97m) [97mU2:[93m46.6%[97m([91m9.2c[97m) [97mR:[93m85.9%[97m([91m22.9c[97m) [97mS-L: [92m0:[96m25% [92m1:[96m52% [92m2:[96m19% [92m3:[96m32% [92m4:[96m27% [92m5:[96m20% [92m6:[96m41%[39m [34mF1_perclass: 66.7-69.4-48.6-57.3-64.2-74.3-35.2 [39m[39m
2026-01-15 11:09:44,288 - Agent - INFO - [37mTest Epoch 64 step 64 with [31mce_loss_combined : 2.307329 [31mce_loss_c : 1.881852 [31mce_loss_g : 1.853040 [31mtotal : 2.307329 [94mAcc_combined: 53.73 [94mAcc_c: 41.82 [94mAcc_g: 39.27 [97mS:[93m24.9%[97m([91m7.1c[97m-[94mF1:17.6%) [97mU1:[93m68.3%[97m([91m16.6c[97m) [97mU2:[93m46.1%[97m([91m11.2c[97m) [97mR:[93m82.4%[97m([91m18.8c[97m) [97mS-L: [92m0:[96m8% [92m1:[96m12% [92m2:[96m18% [92m3:[96m22% [92m4:[96m21% [92m5:[96m14% [92m6:[96m33%[39m [34mF1_perclass: 60.0-75.2-46.2-43.7-54.5-66.2-30.1 [39m[39m
2026-01-15 11:09:44,292 - Agent - INFO - Total number of trainable parameters are: 22487018
2026-01-15 11:11:56,634 - Agent - INFO - [37mVal Epoch 65 step 65 with [31mce_loss_combined : 2.687382 [31mce_loss_c : 2.216264 [31mce_loss_g : 2.191616 [31mtotal : 2.687382 [94mAcc_combined: 52.16 [94mAcc_c: 46.13 [94mAcc_g: 35.54 [97mS:[93m25.7%[97m([91m7.6c[97m-[94mF1:23.1%) [97mU1:[93m55.5%[97m([91m13.2c[97m) [97mU2:[93m44.8%[97m([91m8.9c[97m) [97mR:[93m84.2%[97m([91m22.4c[97m) [97mS-L: [92m0:[96m25% [92m1:[96m96% [92m2:[96m16% [92m3:[96m16% [92m4:[96m30% [92m5:[96m25% [92m6:[96m16%[39m [34mF1_perclass: 65.6-57.5-27.5-44.9-62.0-68.9-18.4 [39m[39m
2026-01-15 11:11:56,750 - Agent - INFO - [37mTest Epoch 65 step 65 with [31mce_loss_combined : 3.322753 [31mce_loss_c : 2.249614 [31mce_loss_g : 2.658570 [31mtotal : 3.322753 [94mAcc_combined: 47.39 [94mAcc_c: 42.71 [94mAcc_g: 30.92 [97mS:[93m19.5%[97m([91m5.6c[97m-[94mF1:17.6%) [97mU1:[93m53.7%[97m([91m13.0c[97m) [97mU2:[93m47.9%[97m([91m11.7c[97m) [97mR:[93m75.1%[97m([91m17.1c[97m) [97mS-L: [92m0:[96m33% [92m1:[96m75% [92m2:[96m5% [92m3:[96m17% [92m4:[96m17% [92m5:[96m19% [92m6:[96m20%[39m [34mF1_perclass: 62.1-53.8-32.3-35.2-50.6-57.5-24.5 [39m[39m
2026-01-15 11:11:56,754 - Agent - INFO - Total number of trainable parameters are: 22487018
2026-01-15 11:14:11,261 - Agent - INFO - [37mVal Epoch 66 step 66 with [31mce_loss_combined : 2.471628 [31mce_loss_c : 2.025774 [31mce_loss_g : 2.004867 [31mtotal : 2.471628 [94mAcc_combined: 51.48 [94mAcc_c: 44.42 [94mAcc_g: 27.56 [97mS:[93m28.4%[97m([91m8.4c[97m-[94mF1:24.8%) [97mU1:[93m66.5%[97m([91m15.8c[97m) [97mU2:[93m32.8%[97m([91m6.5c[97m) [97mR:[93m77.8%[97m([91m20.7c[97m) [97mS-L: [92m0:[96m25% [92m1:[96m13% [92m2:[96m22% [92m3:[96m26% [92m4:[96m23% [92m5:[96m60% [92m6:[96m30%[39m [34mF1_perclass: 64.4-47.3-43.0-47.6-62.7-67.6-26.2 [39m[39m
2026-01-15 11:14:11,410 - Agent - INFO - [37mTest Epoch 66 step 66 with [31mce_loss_combined : 2.690739 [31mce_loss_c : 2.365642 [31mce_loss_g : 1.860014 [31mtotal : 2.690739 [94mAcc_combined: 48.72 [94mAcc_c: 40.60 [94mAcc_g: 32.70 [97mS:[93m25.3%[97m([91m7.2c[97m-[94mF1:19.1%) [97mU1:[93m71.1%[97m([91m17.2c[97m) [97mU2:[93m32.4%[97m([91m7.9c[97m) [97mR:[93m71.7%[97m([91m16.4c[97m) [97mS-L: [92m0:[96m33% [92m2:[96m26% [92m3:[96m11% [92m4:[96m17% [92m5:[96m57% [92m6:[96m26%[39m [34mF1_perclass: 60.6-50.0-44.8-37.3-52.3-61.8-29.1 [39m[39m
2026-01-15 11:14:11,443 - Agent - INFO - Total number of trainable parameters are: 22487018
2026-01-15 11:16:35,486 - Agent - INFO - [37mVal Epoch 67 step 67 with [31mce_loss_combined : 2.324754 [31mce_loss_c : 1.877704 [31mce_loss_g : 1.748943 [31mtotal : 2.324754 [94mAcc_combined: 52.96 [94mAcc_c: 47.61 [94mAcc_g: 36.56 [97mS:[93m29.5%[97m([91m8.8c[97m-[94mF1:23.9%) [97mU1:[93m63.6%[97m([91m15.1c[97m) [97mU2:[93m37.4%[97m([91m7.4c[97m) [97mR:[93m81.2%[97m([91m21.6c[97m) [97mS-L: [92m0:[96m25% [92m1:[96m17% [92m2:[96m14% [92m3:[96m29% [92m4:[96m13% [92m5:[96m60% [92m6:[96m36%[39m [34mF1_perclass: 68.5-52.3-43.2-49.6-60.7-63.8-30.4 [39m[39m
2026-01-15 11:16:35,549 - Agent - INFO - [37mTest Epoch 67 step 67 with [31mce_loss_combined : 2.295822 [31mce_loss_c : 2.051520 [31mce_loss_g : 1.686027 [31mtotal : 2.295822 [94mAcc_combined: 50.17 [94mAcc_c: 41.71 [94mAcc_g: 39.82 [97mS:[93m24.5%[97m([91m7.0c[97m-[94mF1:16.2%) [97mU1:[93m71.1%[97m([91m17.2c[97m) [97mU2:[93m36.5%[97m([91m8.9c[97m) [97mR:[93m74.6%[97m([91m17.0c[97m) [97mS-L: [92m2:[96m13% [92m3:[96m28% [92m4:[96m8% [92m5:[96m62% [92m6:[96m28%[39m [34mF1_perclass: 65.0-60.6-47.1-46.0-44.4-58.7-27.3 [39m[39m
2026-01-15 11:16:35,554 - Agent - INFO - Total number of trainable parameters are: 22487018
2026-01-15 11:18:56,707 - Agent - INFO - [37mVal Epoch 68 step 68 with [31mce_loss_combined : 2.215132 [31mce_loss_c : 1.807539 [31mce_loss_g : 2.242754 [31mtotal : 2.215132 [94mAcc_combined: 56.15 [94mAcc_c: 49.66 [94mAcc_g: 33.03 [97mS:[93m28.4%[97m([91m8.4c[97m-[94mF1:25.3%) [97mU1:[93m68.9%[97m([91m16.4c[97m) [97mU2:[93m46.0%[97m([91m9.1c[97m) [97mR:[93m83.3%[97m([91m22.2c[97m) [97mS-L: [92m0:[96m25% [92m1:[96m78% [92m2:[96m11% [92m3:[96m35% [92m4:[96m30% [92m5:[96m20% [92m6:[96m23%[39m [34mF1_perclass: 63.6-66.0-42.9-54.4-64.1-68.7-23.9 [39m[39m
2026-01-15 11:18:56,804 - Agent - INFO - [37mTest Epoch 68 step 68 with [31mce_loss_combined : 2.590860 [31mce_loss_c : 1.907094 [31mce_loss_g : 2.863587 [31mtotal : 2.590860 [94mAcc_combined: 48.28 [94mAcc_c: 43.49 [94mAcc_g: 30.81 [97mS:[93m20.6%[97m([91m5.9c[97m-[94mF1:16.6%) [97mU1:[93m54.1%[97m([91m13.1c[97m) [97mU2:[93m47.0%[97m([91m11.5c[97m) [97mR:[93m78.0%[97m([91m17.8c[97m) [97mS-L: [92m0:[96m8% [92m1:[96m62% [92m2:[96m5% [92m3:[96m25% [92m4:[96m29% [92m5:[96m14% [92m6:[96m22%[39m [34mF1_perclass: 60.8-61.8-28.4-42.5-52.1-58.4-21.8 [39m[39m
2026-01-15 11:18:56,805 - Agent - INFO - Total number of trainable parameters are: 22487018
2026-01-15 11:21:03,317 - Agent - INFO - [37mVal Epoch 69 step 69 with [31mce_loss_combined : 2.110879 [31mce_loss_c : 1.931597 [31mce_loss_g : 1.719894 [31mtotal : 2.110879 [94mAcc_combined: 55.13 [94mAcc_c: 45.56 [94mAcc_g: 38.61 [97mS:[93m45.6%[97m([91m13.6c[97m-[94mF1:33.6%) [97mU1:[93m60.8%[97m([91m14.5c[97m) [97mU2:[93m39.7%[97m([91m7.9c[97m) [97mR:[93m72.2%[97m([91m19.2c[97m) [97mS-L: [92m1:[96m35% [92m2:[96m27% [92m3:[96m19% [92m4:[96m37% [92m5:[96m55% [92m6:[96m63%[39m [34mF1_perclass: 50.5-60.2-52.7-50.3-69.0-71.2-38.9 [39m[39m
2026-01-15 11:21:03,421 - Agent - INFO - [37mTest Epoch 69 step 69 with [31mce_loss_combined : 2.458542 [31mce_loss_c : 2.171986 [31mce_loss_g : 1.909722 [31mtotal : 2.458542 [94mAcc_combined: 47.16 [94mAcc_c: 38.71 [94mAcc_g: 40.04 [97mS:[93m31.5%[97m([91m9.0c[97m-[94mF1:20.0%) [97mU1:[93m62.4%[97m([91m15.1c[97m) [97mU2:[93m29.2%[97m([91m7.1c[97m) [97mR:[93m69.8%[97m([91m15.9c[97m) [97mS-L: [92m1:[96m12% [92m2:[96m18% [92m3:[96m8% [92m4:[96m21% [92m5:[96m57% [92m6:[96m45%[39m [34mF1_perclass: 35.7-61.4-45.0-30.0-51.2-65.5-32.8 [39m[39m
2026-01-15 11:21:03,424 - Agent - INFO - Total number of trainable parameters are: 22487018
2026-01-15 11:23:17,330 - Agent - INFO - [37mVal Epoch 70 step 70 with [31mce_loss_combined : 2.332898 [31mce_loss_c : 1.895538 [31mce_loss_g : 1.716912 [31mtotal : 2.332898 [94mAcc_combined: 56.83 [94mAcc_c: 48.86 [94mAcc_g: 37.24 [97mS:[93m26.4%[97m([91m7.9c[97m-[94mF1:25.4%) [97mU1:[93m68.4%[97m([91m16.3c[97m) [97mU2:[93m46.6%[97m([91m9.2c[97m) [97mR:[93m88.0%[97m([91m23.5c[97m) [97mS-L: [92m0:[96m25% [92m1:[96m74% [92m2:[96m14% [92m3:[96m19% [92m4:[96m23% [92m5:[96m40% [92m6:[96m22%[39m [34mF1_perclass: 63.2-65.3-43.9-46.3-70.0-73.1-23.1 [39m[39m
2026-01-15 11:23:17,385 - Agent - INFO - [37mTest Epoch 70 step 70 with [31mce_loss_combined : 2.352376 [31mce_loss_c : 1.978588 [31mce_loss_g : 1.949906 [31mtotal : 2.352376 [94mAcc_combined: 53.84 [94mAcc_c: 44.05 [94mAcc_g: 36.71 [97mS:[93m20.2%[97m([91m5.8c[97m-[94mF1:16.7%) [97mU1:[93m71.1%[97m([91m17.2c[97m) [97mU2:[93m48.4%[97m([91m11.8c[97m) [97mR:[93m83.4%[97m([91m19.0c[97m) [97mS-L: [92m0:[96m17% [92m1:[96m50% [92m2:[96m8% [92m3:[96m11% [92m4:[96m17% [92m5:[96m33% [92m6:[96m24%[39m [34mF1_perclass: 64.1-66.2-42.6-40.9-53.8-66.7-27.3 [39m[39m
2026-01-15 11:23:19,892 - Agent - INFO - Total number of trainable parameters are: 22487018
2026-01-15 11:25:43,223 - Agent - INFO - [37mVal Epoch 71 step 71 with [31mce_loss_combined : 2.362980 [31mce_loss_c : 1.855164 [31mce_loss_g : 1.860665 [31mtotal : 2.362980 [94mAcc_combined: 57.52 [94mAcc_c: 48.29 [94mAcc_g: 34.62 [97mS:[93m31.8%[97m([91m9.5c[97m-[94mF1:27.4%) [97mU1:[93m65.1%[97m([91m15.5c[97m) [97mU2:[93m44.8%[97m([91m8.9c[97m) [97mR:[93m88.9%[97m([91m23.7c[97m) [97mS-L: [92m1:[96m61% [92m2:[96m5% [92m3:[96m32% [92m4:[96m17% [92m5:[96m50% [92m6:[96m36%[39m [34mF1_perclass: 64.6-72.6-32.6-50.4-67.6-70.9-33.7 [39m[39m
2026-01-15 11:25:43,291 - Agent - INFO - [37mTest Epoch 71 step 71 with [31mce_loss_combined : 2.680830 [31mce_loss_c : 2.160511 [31mce_loss_g : 1.973241 [31mtotal : 2.680830 [94mAcc_combined: 51.84 [94mAcc_c: 42.05 [94mAcc_g: 40.71 [97mS:[93m24.5%[97m([91m7.0c[97m-[94mF1:17.3%) [97mU1:[93m67.4%[97m([91m16.4c[97m) [97mU2:[93m39.7%[97m([91m9.7c[97m) [97mR:[93m82.4%[97m([91m18.8c[97m) [97mS-L: [92m1:[96m25% [92m2:[96m8% [92m3:[96m25% [92m4:[96m17% [92m5:[96m33% [92m6:[96m32%[39m [34mF1_perclass: 62.9-64.0-37.7-42.7-54.1-64.7-30.1 [39m[39m
2026-01-15 11:25:43,294 - Agent - INFO - Total number of trainable parameters are: 22487018
2026-01-15 11:28:00,772 - Agent - INFO - [37mVal Epoch 72 step 72 with [31mce_loss_combined : 2.123442 [31mce_loss_c : 2.028644 [31mce_loss_g : 1.660071 [31mtotal : 2.123442 [94mAcc_combined: 58.77 [94mAcc_c: 46.92 [94mAcc_g: 39.41 [97mS:[93m39.5%[97m([91m11.7c[97m-[94mF1:29.6%) [97mU1:[93m69.9%[97m([91m16.6c[97m) [97mU2:[93m39.7%[97m([91m7.9c[97m) [97mR:[93m84.6%[97m([91m22.6c[97m) [97mS-L: [92m0:[96m25% [92m1:[96m65% [92m2:[96m22% [92m3:[96m23% [92m4:[96m23% [92m5:[96m10% [92m6:[96m54%[39m [34mF1_perclass: 65.9-73.1-52.7-46.7-66.1-70.1-38.9 [39m[39m
2026-01-15 11:28:00,843 - Agent - INFO - [37mTest Epoch 72 step 72 with [31mce_loss_combined : 2.188470 [31mce_loss_c : 2.032618 [31mce_loss_g : 1.735645 [31mtotal : 2.188470 [94mAcc_combined: 53.73 [94mAcc_c: 41.38 [94mAcc_g: 41.71 [97mS:[93m30.7%[97m([91m8.8c[97m-[94mF1:20.9%) [97mU1:[93m66.1%[97m([91m16.0c[97m) [97mU2:[93m42.9%[97m([91m10.5c[97m) [97mR:[93m81.0%[97m([91m18.5c[97m) [97mS-L: [92m0:[96m8% [92m1:[96m38% [92m2:[96m13% [92m3:[96m8% [92m4:[96m25% [92m5:[96m29% [92m6:[96m47%[39m [34mF1_perclass: 57.5-69.3-49.2-35.9-55.1-67.6-38.8 [39m[39m
2026-01-15 11:28:00,846 - Agent - INFO - Total number of trainable parameters are: 22487018
2026-01-15 11:30:14,781 - Agent - INFO - [37mVal Epoch 73 step 73 with [31mce_loss_combined : 2.161283 [31mce_loss_c : 1.811371 [31mce_loss_g : 1.793634 [31mtotal : 2.161283 [94mAcc_combined: 56.49 [94mAcc_c: 45.33 [94mAcc_g: 38.38 [97mS:[93m35.6%[97m([91m10.6c[97m-[94mF1:28.3%) [97mU1:[93m59.8%[97m([91m14.2c[97m) [97mU2:[93m42.0%[97m([91m8.3c[97m) [97mR:[93m87.6%[97m([91m23.3c[97m) [97mS-L: [92m1:[96m61% [92m2:[96m16% [92m3:[96m35% [92m4:[96m17% [92m5:[96m20% [92m6:[96m46%[39m [34mF1_perclass: 64.1-69.3-43.6-51.3-62.4-72.2-36.6 [39m[39m
2026-01-15 11:30:14,922 - Agent - INFO - [37mTest Epoch 73 step 73 with [31mce_loss_combined : 2.259975 [31mce_loss_c : 1.975828 [31mce_loss_g : 1.769603 [31mtotal : 2.259975 [94mAcc_combined: 53.73 [94mAcc_c: 41.71 [94mAcc_g: 37.93 [97mS:[93m29.6%[97m([91m8.5c[97m-[94mF1:18.8%) [97mU1:[93m60.6%[97m([91m14.7c[97m) [97mU2:[93m49.8%[97m([91m12.1c[97m) [97mR:[93m81.0%[97m([91m18.5c[97m) [97mS-L: [92m1:[96m25% [92m2:[96m8% [92m3:[96m42% [92m4:[96m17% [92m5:[96m14% [92m6:[96m42%[39m [34mF1_perclass: 63.1-71.7-42.3-47.3-53.6-64.1-35.5 [39m[39m
2026-01-15 11:30:14,929 - Agent - INFO - Total number of trainable parameters are: 22487018
2026-01-15 11:32:35,837 - Agent - INFO - [37mVal Epoch 74 step 74 with [31mce_loss_combined : 2.666076 [31mce_loss_c : 1.848482 [31mce_loss_g : 2.127912 [31mtotal : 2.666076 [94mAcc_combined: 53.87 [94mAcc_c: 48.41 [94mAcc_g: 25.06 [97mS:[93m26.8%[97m([91m8.0c[97m-[94mF1:23.0%) [97mU1:[93m70.8%[97m([91m16.9c[97m) [97mU2:[93m35.6%[97m([91m7.1c[97m) [97mR:[93m82.5%[97m([91m22.0c[97m) [97mS-L: [92m0:[96m25% [92m1:[96m26% [92m2:[96m14% [92m3:[96m32% [92m4:[96m7% [92m5:[96m35% [92m6:[96m34%[39m [34mF1_perclass: 59.3-58.0-47.3-52.3-59.6-67.4-32.5 [39m[39m
2026-01-15 11:32:35,960 - Agent - INFO - [37mTest Epoch 74 step 74 with [31mce_loss_combined : 2.386066 [31mce_loss_c : 2.021300 [31mce_loss_g : 1.864937 [31mtotal : 2.386066 [94mAcc_combined: 51.39 [94mAcc_c: 42.49 [94mAcc_g: 34.15 [97mS:[93m24.1%[97m([91m6.9c[97m-[94mF1:18.7%) [97mU1:[93m72.0%[97m([91m17.5c[97m) [97mU2:[93m37.4%[97m([91m9.1c[97m) [97mR:[93m78.5%[97m([91m17.9c[97m) [97mS-L: [92m0:[96m33% [92m1:[96m25% [92m2:[96m8% [92m3:[96m19% [92m4:[96m4% [92m5:[96m43% [92m6:[96m31%[39m [34mF1_perclass: 65.5-59.9-39.5-42.6-48.0-62.9-33.1 [39m[39m
2026-01-15 11:32:35,962 - Agent - INFO - Total number of trainable parameters are: 22487018
2026-01-15 11:34:50,109 - Agent - INFO - [37mVal Epoch 75 step 75 with [31mce_loss_combined : 2.233162 [31mce_loss_c : 1.814259 [31mce_loss_g : 1.737977 [31mtotal : 2.233162 [94mAcc_combined: 58.09 [94mAcc_c: 48.29 [94mAcc_g: 36.45 [97mS:[93m31.0%[97m([91m9.2c[97m-[94mF1:27.8%) [97mU1:[93m71.3%[97m([91m17.0c[97m) [97mU2:[93m43.7%[97m([91m8.7c[97m) [97mR:[93m87.2%[97m([91m23.2c[97m) [97mS-L: [92m0:[96m25% [92m1:[96m70% [92m2:[96m19% [92m3:[96m26% [92m4:[96m33% [92m5:[96m25% [92m6:[96m29%[39m [34mF1_perclass: 64.7-67.9-44.6-56.3-63.0-75.6-30.3 [39m[39m
2026-01-15 11:34:50,226 - Agent - INFO - [37mTest Epoch 75 step 75 with [31mce_loss_combined : 2.456145 [31mce_loss_c : 1.946589 [31mce_loss_g : 1.845270 [31mtotal : 2.456145 [94mAcc_combined: 52.73 [94mAcc_c: 43.38 [94mAcc_g: 39.27 [97mS:[93m20.2%[97m([91m5.8c[97m-[94mF1:16.0%) [97mU1:[93m67.4%[97m([91m16.4c[97m) [97mU2:[93m47.9%[97m([91m11.7c[97m) [97mR:[93m82.9%[97m([91m18.9c[97m) [97mS-L: [92m1:[96m25% [92m2:[96m18% [92m3:[96m11% [92m4:[96m29% [92m5:[96m24% [92m6:[96m23%[39m [34mF1_perclass: 59.7-66.5-45.7-40.0-57.4-67.5-26.1 [39m[39m
2026-01-15 11:34:50,229 - Agent - INFO - Total number of trainable parameters are: 22487018
2026-01-15 11:36:45,160 - Agent - INFO - [37mVal Epoch 76 step 76 with [31mce_loss_combined : 2.543257 [31mce_loss_c : 2.041372 [31mce_loss_g : 1.899446 [31mtotal : 2.543257 [94mAcc_combined: 51.59 [94mAcc_c: 46.13 [94mAcc_g: 31.55 [97mS:[93m36.8%[97m([91m10.9c[97m-[94mF1:26.2%) [97mU1:[93m63.6%[97m([91m15.1c[97m) [97mU2:[93m28.7%[97m([91m5.7c[97m) [97mR:[93m74.4%[97m([91m19.8c[97m) [97mS-L: [92m0:[96m25% [92m1:[96m26% [92m2:[96m24% [92m3:[96m26% [92m5:[96m30% [92m6:[96m57%[39m [34mF1_perclass: 61.3-50.7-53.3-50.5-48.1-71.3-36.4 [39m[39m
2026-01-15 11:36:45,327 - Agent - INFO - [37mTest Epoch 76 step 76 with [31mce_loss_combined : 2.339823 [31mce_loss_c : 2.155216 [31mce_loss_g : 1.736197 [31mtotal : 2.339823 [94mAcc_combined: 51.28 [94mAcc_c: 39.15 [94mAcc_g: 36.60 [97mS:[93m32.3%[97m([91m9.2c[97m-[94mF1:22.7%) [97mU1:[93m68.8%[97m([91m16.7c[97m) [97mU2:[93m36.1%[97m([91m8.8c[97m) [97mR:[93m72.7%[97m([91m16.6c[97m) [97mS-L: [92m0:[96m33% [92m1:[96m25% [92m2:[96m16% [92m3:[96m17% [92m4:[96m4% [92m5:[96m29% [92m6:[96m49%[39m [34mF1_perclass: 65.6-64.3-47.3-39.5-43.1-66.0-36.2 [39m[39m
2026-01-15 11:36:45,331 - Agent - INFO - Total number of trainable parameters are: 22487018
2026-01-15 11:38:58,042 - Agent - INFO - [37mVal Epoch 77 step 77 with [31mce_loss_combined : 2.270915 [31mce_loss_c : 1.805497 [31mce_loss_g : 2.080378 [31mtotal : 2.270915 [94mAcc_combined: 55.81 [94mAcc_c: 48.75 [94mAcc_g: 31.44 [97mS:[93m31.4%[97m([91m9.3c[97m-[94mF1:29.1%) [97mU1:[93m67.5%[97m([91m16.1c[97m) [97mU2:[93m40.8%[97m([91m8.1c[97m) [97mR:[93m83.8%[97m([91m22.3c[97m) [97mS-L: [92m0:[96m25% [92m1:[96m74% [92m2:[96m27% [92m3:[96m26% [92m4:[96m47% [92m5:[96m20% [92m6:[96m24%[39m [34mF1_perclass: 61.0-68.7-45.8-53.8-60.6-70.6-26.9 [39m[39m
2026-01-15 11:38:58,209 - Agent - INFO - [37mTest Epoch 77 step 77 with [31mce_loss_combined : 2.487251 [31mce_loss_c : 1.987569 [31mce_loss_g : 2.086907 [31mtotal : 2.487251 [94mAcc_combined: 51.84 [94mAcc_c: 42.38 [94mAcc_g: 32.48 [97mS:[93m23.3%[97m([91m6.7c[97m-[94mF1:19.2%) [97mU1:[93m71.1%[97m([91m17.2c[97m) [97mU2:[93m41.1%[97m([91m10.0c[97m) [97mR:[93m78.5%[97m([91m17.9c[97m) [97mS-L: [92m0:[96m8% [92m1:[96m38% [92m2:[96m24% [92m3:[96m14% [92m4:[96m38% [92m5:[96m19% [92m6:[96m25%[39m [34mF1_perclass: 57.7-68.6-48.5-38.7-50.8-66.9-29.1 [39m[39m
2026-01-15 11:38:58,212 - Agent - INFO - Total number of trainable parameters are: 22487018
2026-01-15 11:40:54,814 - Agent - INFO - [37mVal Epoch 78 step 78 with [31mce_loss_combined : 2.317606 [31mce_loss_c : 1.841158 [31mce_loss_g : 1.887319 [31mtotal : 2.317606 [94mAcc_combined: 57.06 [94mAcc_c: 49.89 [94mAcc_g: 34.17 [97mS:[93m33.7%[97m([91m10.0c[97m-[94mF1:28.8%) [97mU1:[93m67.9%[97m([91m16.2c[97m) [97mU2:[93m40.8%[97m([91m8.1c[97m) [97mR:[93m85.5%[97m([91m22.8c[97m) [97mS-L: [92m1:[96m35% [92m2:[96m19% [92m3:[96m32% [92m4:[96m33% [92m5:[96m40% [92m6:[96m39%[39m [34mF1_perclass: 64.9-62.7-48.9-55.5-62.0-70.7-34.5 [39m[39m
2026-01-15 11:40:55,024 - Agent - INFO - [37mTest Epoch 78 step 78 with [31mce_loss_combined : 2.318525 [31mce_loss_c : 1.912822 [31mce_loss_g : 1.820724 [31mtotal : 2.318525 [94mAcc_combined: 53.06 [94mAcc_c: 43.38 [94mAcc_g: 36.71 [97mS:[93m24.1%[97m([91m6.9c[97m-[94mF1:18.3%) [97mU1:[93m68.8%[97m([91m16.7c[97m) [97mU2:[93m44.3%[97m([91m10.8c[97m) [97mR:[93m82.0%[97m([91m18.7c[97m) [97mS-L: [92m1:[96m25% [92m2:[96m11% [92m3:[96m19% [92m4:[96m25% [92m5:[96m48% [92m6:[96m28%[39m [34mF1_perclass: 58.1-70.6-45.1-39.7-53.2-66.5-29.9 [39m[39m
2026-01-15 11:40:55,043 - Agent - INFO - Total number of trainable parameters are: 22487018
2026-01-15 11:43:17,195 - Agent - INFO - [37mVal Epoch 79 step 79 with [31mce_loss_combined : 2.491604 [31mce_loss_c : 1.848130 [31mce_loss_g : 1.959443 [31mtotal : 2.491604 [94mAcc_combined: 53.99 [94mAcc_c: 48.29 [94mAcc_g: 32.80 [97mS:[93m26.8%[97m([91m8.0c[97m-[94mF1:24.3%) [97mU1:[93m64.1%[97m([91m15.3c[97m) [97mU2:[93m42.5%[97m([91m8.4c[97m) [97mR:[93m83.8%[97m([91m22.3c[97m) [97mS-L: [92m0:[96m25% [92m1:[96m39% [92m2:[96m14% [92m3:[96m45% [92m4:[96m30% [92m5:[96m15% [92m6:[96m25%[39m [34mF1_perclass: 65.4-55.8-44.2-53.1-58.2-73.9-26.9 [39m[39m
2026-01-15 11:43:17,326 - Agent - INFO - [37mTest Epoch 79 step 79 with [31mce_loss_combined : 2.676767 [31mce_loss_c : 2.004020 [31mce_loss_g : 1.843628 [31mtotal : 2.676767 [94mAcc_combined: 52.28 [94mAcc_c: 44.38 [94mAcc_g: 34.93 [97mS:[93m21.0%[97m([91m6.0c[97m-[94mF1:17.3%) [97mU1:[93m68.8%[97m([91m16.7c[97m) [97mU2:[93m47.0%[97m([91m11.5c[97m) [97mR:[93m79.5%[97m([91m18.1c[97m) [97mS-L: [92m0:[96m17% [92m2:[96m11% [92m3:[96m39% [92m4:[96m38% [92m5:[96m29% [92m6:[96m16%[39m [34mF1_perclass: 62.2-70.4-42.5-42.6-53.0-67.6-23.9 [39m[39m
2026-01-15 11:43:17,329 - Agent - INFO - Total number of trainable parameters are: 22487018
2026-01-15 11:46:35,452 - Agent - INFO - [37mVal Epoch 80 step 80 with [31mce_loss_combined : 2.305269 [31mce_loss_c : 1.916345 [31mce_loss_g : 2.112714 [31mtotal : 2.305269 [94mAcc_combined: 57.29 [94mAcc_c: 48.29 [94mAcc_g: 32.46 [97mS:[93m33.0%[97m([91m9.8c[97m-[94mF1:30.1%) [97mU1:[93m69.9%[97m([91m16.6c[97m) [97mU2:[93m41.4%[97m([91m8.2c[97m) [97mR:[93m85.0%[97m([91m22.7c[97m) [97mS-L: [92m0:[96m25% [92m1:[96m61% [92m2:[96m19% [92m3:[96m35% [92m4:[96m33% [92m5:[96m40% [92m6:[96m30%[39m [34mF1_perclass: 68.0-67.4-45.8-56.2-63.3-69.3-27.7 [39m[39m
2026-01-15 11:46:35,623 - Agent - INFO - [37mTest Epoch 80 step 80 with [31mce_loss_combined : 2.601826 [31mce_loss_c : 2.067098 [31mce_loss_g : 2.013645 [31mtotal : 2.601826 [94mAcc_combined: 53.62 [94mAcc_c: 43.38 [94mAcc_g: 35.26 [97mS:[93m22.6%[97m([91m6.5c[97m-[94mF1:18.3%) [97mU1:[93m72.5%[97m([91m17.6c[97m) [97mU2:[93m42.0%[97m([91m10.2c[97m) [97mR:[93m84.9%[97m([91m19.4c[97m) [97mS-L: [92m1:[96m38% [92m2:[96m18% [92m3:[96m14% [92m4:[96m29% [92m5:[96m33% [92m6:[96m25%[39m [34mF1_perclass: 60.9-71.7-45.6-39.5-52.4-67.1-29.3 [39m[39m
2026-01-15 11:46:39,672 - Agent - INFO - Total number of trainable parameters are: 22487018
2026-01-15 11:48:45,749 - Agent - INFO - [37mVal Epoch 81 step 81 with [31mce_loss_combined : 2.270492 [31mce_loss_c : 1.913031 [31mce_loss_g : 1.763446 [31mtotal : 2.270492 [94mAcc_combined: 55.92 [94mAcc_c: 45.90 [94mAcc_g: 35.88 [97mS:[93m38.3%[97m([91m11.4c[97m-[94mF1:28.5%) [97mU1:[93m66.5%[97m([91m15.8c[97m) [97mU2:[93m37.9%[97m([91m7.5c[97m) [97mR:[93m79.5%[97m([91m21.2c[97m) [97mS-L: [92m1:[96m52% [92m2:[96m14% [92m3:[96m23% [92m4:[96m30% [92m5:[96m20% [92m6:[96m54%[39m [34mF1_perclass: 62.1-65.4-46.4-52.1-65.1-72.1-36.5 [39m[39m
2026-01-15 11:48:45,971 - Agent - INFO - [37mTest Epoch 81 step 81 with [31mce_loss_combined : 2.412863 [31mce_loss_c : 2.096238 [31mce_loss_g : 1.723716 [31mtotal : 2.412863 [94mAcc_combined: 54.39 [94mAcc_c: 39.82 [94mAcc_g: 40.60 [97mS:[93m31.5%[97m([91m9.0c[97m-[94mF1:23.1%) [97mU1:[93m68.8%[97m([91m16.7c[97m) [97mU2:[93m42.9%[97m([91m10.5c[97m) [97mR:[93m80.0%[97m([91m18.2c[97m) [97mS-L: [92m0:[96m17% [92m1:[96m38% [92m2:[96m8% [92m3:[96m17% [92m4:[96m25% [92m5:[96m33% [92m6:[96m46%[39m [34mF1_perclass: 57.3-73.4-46.7-42.2-53.3-70.4-37.5 [39m[39m
2026-01-15 11:48:46,005 - Agent - INFO - Total number of trainable parameters are: 22487018
2026-01-15 11:51:00,635 - Agent - INFO - [37mVal Epoch 82 step 82 with [31mce_loss_combined : 2.543934 [31mce_loss_c : 1.937934 [31mce_loss_g : 1.646047 [31mtotal : 2.543934 [94mAcc_combined: 58.31 [94mAcc_c: 48.41 [94mAcc_g: 37.81 [97mS:[93m29.9%[97m([91m8.9c[97m-[94mF1:27.5%) [97mU1:[93m76.1%[97m([91m18.1c[97m) [97mU2:[93m41.4%[97m([91m8.2c[97m) [97mR:[93m86.8%[97m([91m23.1c[97m) [97mS-L: [92m0:[96m25% [92m1:[96m39% [92m2:[96m22% [92m3:[96m29% [92m4:[96m17% [92m5:[96m50% [92m6:[96m31%[39m [34mF1_perclass: 65.6-65.6-51.6-55.6-62.8-68.8-33.5 [39m[39m
2026-01-15 11:51:00,879 - Agent - INFO - [37mTest Epoch 82 step 82 with [31mce_loss_combined : 2.612469 [31mce_loss_c : 2.068533 [31mce_loss_g : 1.711373 [31mtotal : 2.612469 [94mAcc_combined: 52.61 [94mAcc_c: 42.71 [94mAcc_g: 43.05 [97mS:[93m22.6%[97m([91m6.5c[97m-[94mF1:18.1%) [97mU1:[93m77.1%[97m([91m18.7c[97m) [97mU2:[93m36.5%[97m([91m8.9c[97m) [97mR:[93m81.5%[97m([91m18.6c[97m) [97mS-L: [92m1:[96m25% [92m2:[96m18% [92m3:[96m11% [92m4:[96m17% [92m5:[96m62% [92m6:[96m24%[39m [34mF1_perclass: 64.6-61.9-51.9-38.4-53.8-62.4-27.7 [39m[39m
2026-01-15 11:51:00,882 - Agent - INFO - Total number of trainable parameters are: 22487018
2026-01-15 11:53:08,351 - Agent - INFO - [37mVal Epoch 83 step 83 with [31mce_loss_combined : 2.250554 [31mce_loss_c : 1.848690 [31mce_loss_g : 1.591874 [31mtotal : 2.250554 [94mAcc_combined: 60.02 [94mAcc_c: 48.75 [94mAcc_g: 37.70 [97mS:[93m32.2%[97m([91m9.6c[97m-[94mF1:28.9%) [97mU1:[93m72.2%[97m([91m17.2c[97m) [97mU2:[93m48.9%[97m([91m9.7c[97m) [97mR:[93m88.5%[97m([91m23.6c[97m) [97mS-L: [92m0:[96m25% [92m1:[96m61% [92m2:[96m30% [92m3:[96m32% [92m4:[96m17% [92m5:[96m20% [92m6:[96m34%[39m [34mF1_perclass: 66.9-72.2-50.5-56.2-66.9-73.5-33.7 [39m[39m
2026-01-15 11:53:08,564 - Agent - INFO - [37mTest Epoch 83 step 83 with [31mce_loss_combined : 2.327415 [31mce_loss_c : 2.060593 [31mce_loss_g : 1.621041 [31mtotal : 2.327415 [94mAcc_combined: 54.17 [94mAcc_c: 43.49 [94mAcc_g: 40.38 [97mS:[93m27.6%[97m([91m7.9c[97m-[94mF1:21.8%) [97mU1:[93m69.7%[97m([91m16.9c[97m) [97mU2:[93m47.0%[97m([91m11.5c[97m) [97mR:[93m78.5%[97m([91m17.9c[97m) [97mS-L: [92m0:[96m8% [92m1:[96m38% [92m2:[96m16% [92m3:[96m31% [92m4:[96m12% [92m5:[96m38% [92m6:[96m33%[39m [34mF1_perclass: 64.5-72.6-43.8-44.5-55.0-65.1-32.1 [39m[39m
2026-01-15 11:53:08,590 - Agent - INFO - Total number of trainable parameters are: 22487018
2026-01-15 11:53:20,234 - Agent - INFO - We are in the final state.
2026-01-15 11:53:21,140 - root - INFO - Loaded best model from /esat/smcdata/users/kkontras/Image_Dataset/no_backup/data/2025_data/synergy/CremadPlus/v2/SynIB_RMask_fold0_l0_lr0.0001_wd0.0001_clsmlp_bs64.pth.tar
2026-01-15 11:53:45,373 - Agent - INFO - [37mVal Epoch 83 step 0 with [31mce_loss_combined : 2.169945 [31mce_loss_c : 1.809030 [31mce_loss_g : 1.500689 [31mtotal : 2.169945 [94mAcc_combined: 60.82 [94mAcc_c: 49.20 [94mAcc_g: 42.26 [97mS:[93m34.5%[97m([91m10.3c[97m-[94mF1:31.7%) [97mU1:[93m73.7%[97m([91m17.5c[97m) [97mU2:[93m48.3%[97m([91m9.6c[97m) [97mR:[93m88.0%[97m([91m23.5c[97m) [97mS-L: [92m0:[96m50% [92m1:[96m61% [92m2:[96m22% [92m3:[96m32% [92m4:[96m23% [92m5:[96m35% [92m6:[96m36%[39m [34mF1_perclass: 67.8-74.1-49.1-56.0-70.3-74.7-32.3 [39m[39m
2026-01-15 11:54:04,665 - Agent - INFO - [37mTest Epoch 83 step 0 with [31mce_loss_combined : 2.154280 [31mce_loss_c : 1.897971 [31mce_loss_g : 1.715186 [31mtotal : 2.154280 [94mAcc_combined: 55.39 [94mAcc_c: 41.94 [94mAcc_g: 42.05 [97mS:[93m26.1%[97m([91m7.5c[97m-[94mF1:20.4%) [97mU1:[93m72.9%[97m([91m17.7c[97m) [97mU2:[93m45.2%[97m([91m11.0c[97m) [97mR:[93m84.4%[97m([91m19.2c[97m) [97mS-L: [92m0:[96m8% [92m1:[96m38% [92m2:[96m18% [92m3:[96m14% [92m4:[96m21% [92m5:[96m33% [92m6:[96m33%[39m [34mF1_perclass: 63.2-71.9-46.6-44.2-59.4-67.8-31.4 [39m[39m
2026-01-15 11:54:07,067 - Agent - INFO - [37mModel saved successfully at: /esat/smcdata/users/kkontras/Image_Dataset/no_backup/data/2025_data/synergy/CremadPlus/v2/SynIB_RMask_fold0_l0_lr0.0001_wd0.0001_clsmlp_bs64.pth.tar[39m
Job finished
