Starting Job
/esat/smcdata/users/kkontras/Image_Dataset/no_backup/git/Synergy/train.py
/esat/smcdata/users/kkontras/Image_Dataset/no_backup/envs/synergy_new/bin/python
Python 3.10.19
/esat/smcdata/users/kkontras/Image_Dataset/no_backup/git/Synergy
We have 1 GPU
/esat/smcdata/users/kkontras/Image_Dataset/no_backup/git/Synergy/train.py
config-./configs/CREMA_D/synergy/jan/synprom_RMask.json
Executing command: python /esat/smcdata/users/kkontras/Image_Dataset/no_backup/git/Synergy/train.py --config ./configs/CREMA_D/synergy/jan/synprom_RMask.json --default_config ./configs/CREMA_D/default_config_cremadplus_res_syn.json --fold 0 --l 1 --lr 0.0001 --wd 0.0001 --cls mlp --batch_size 64 --perturb_fill ema --perturb_lsparse 0.1 --validate_with syn_accuracy
Namespace(config='./configs/CREMA_D/synergy/jan/synprom_RMask.json', default_config='./configs/CREMA_D/default_config_cremadplus_res_syn.json', fold='0', alpha=None, tanh_mode=None, tanh_mode_beta=None, regby=None, clip=None, batch_size='64', l='1', multil=None, l_diffsq=None, lib=None, ratio_us=None, ratio_snr=None, kmepoch=None, num_samples=None, pow=None, nstep=None, contrcoeff=None, kde_coeff=None, etube=None, temperature=None, contr_type=None, shuffle_type=None, validate_with='syn_accuracy', transform_type=None, trasform_before=None, num_classes=None, base_alpha=None, alpha_var=None, base_beta=None, beta_var=None, optim_method=None, ilr_c=None, ilr_g=None, mmcosine_scaling=None, ending_epoch=None, load_ongoing=None, commonlayers=None, recon_weight1=None, recon_weight2=None, recon_epochstages=None, recon_ensemblestages=None, lr='0.0001', wd='0.0001', mm=None, cls='mlp', perturb=None, perturb_fill='ema', perturb_pmax=None, perturb_pmin=None, perturb_lsparse='0.1', pre=False, frozen=False, tdqm_disable=False, start_over=False)
2026-01-15 18:58:47,363 - Config - INFO - ./configs/CREMA_D/synergy/jan/synprom_RMask.json
2026-01-15 18:58:47,364 - Config - INFO -  THE Configuration of your experiment ..
{'agent': 'Agent',
 'dataset': {'data_roots': '/esat/smcdata/users/kkontras/Image_Dataset/no_backup/CremaD/CREMA-D',
             'data_split': {'fold': 0, 'method': 'non_inclusive'},
             'dataloader_class': 'CramedDPlus_Dataloader',
             'fps': 1,
             'ironic_label_name': 'SARCASM',
             'ironic_modes': ['train', 'val', 'test'],
             'ironic_rate': 1.0,
             'norm': False,
             'norm_face_path': './mydatasets/CREMAD/norm_face_path_fold{}.pkl',
             'norm_wav_path': './mydatasets/CREMAD/wav_norm_22050_fold{}.pkl',
             'num_frame': 3,
             'return_data': {'audio': False,
                             'face': False,
                             'spectrogram': True,
                             'video': True},
             'sampling_rate': 22050},
 'early_stopping': {'end_of_epoch_check': True,
                    'log_interval': 10,
                    'max_epoch': 1500,
                    'n_steps_stop': 30,
                    'n_steps_stop_after': 0,
                    'save_every_step': 3000,
                    'save_every_valstep': 10,
                    'validate_after': 0,
                    'validate_every': 25,
                    'validate_with': 'accuracy'},
 'exp_name': 'CREMAD Experiment',
 'model': {'args': {'bias_infusion': {'contrcoeff': 0.0, 'l': 1.0},
                    'cls_type': 'mlp',
                    'd_model': 512,
                    'dropout': 0.1,
                    'fc_inner': 64,
                    'in_dim': 64,
                    'multi_loss': {'multi_supervised_w': {'c': 1,
                                                          'combined': 1,
                                                          'g': 1}},
                    'norm_decision': False,
                    'num_classes': 7,
                    'synergy_type': 'gaussian'},
           'ceu': {'test': './cremadplus_ceu_test_res.pkl',
                   'val': './cremadplus_ceu_val_res.pkl'},
           'encoders': [{'args': {'d_model': 512,
                                  'dropout': 0.1,
                                  'fc_inner': 64,
                                  'freeze_encoder': False,
                                  'num_classes': 7},
                         'model': 'Audio_ResNet',
                         'name': 'enc_0_modality1_encoder',
                         'pretrainedEncoder': {'dir': 'unimodal_audio_fold{}_lr0.001_wd0.0001_bs64.pth.tar',
                                               'use': True},
                         'save_encoder': False},
                        {'args': {'d_model': 512,
                                  'dropout': 0.1,
                                  'fc_inner': 64,
                                  'freeze_encoder': False,
                                  'num_classes': 7},
                         'model': 'Video_ResNet',
                         'name': 'enc_1_modality2_encoder',
                         'pretrainedEncoder': {'dir': 'unimodal_video_fold{}_lr0.0001_wd0.0001_bs64.pth.tar',
                                               'use': True},
                         'save_encoder': False},
                        {'args': {'d_model': 512,
                                  'dropout': 0.1,
                                  'fc_inner': 64,
                                  'freeze_encoder': False},
                         'model': 'FusionTrunkLinear',
                         'name': 'enc_2_fusion_trunk',
                         'pretrainedEncoder': {'dir': 'enc_2_fusion_trunk_fold{}.pth.tar',
                                               'use': False},
                         'save_encoder': False},
                        {'args': {'freeze_encoder': False,
                                  'in_dim': 64,
                                  'num_classes': 7},
                         'model': 'LinearHead',
                         'name': 'enc_3_fusion_head',
                         'pretrainedEncoder': {'dir': 'enc_3_fusion_head_fold{}.pth.tar',
                                               'use': False},
                         'save_encoder': False},
                        {'args': {'dropout': 0.1,
                                  'freeze_encoder': False,
                                  'hidden_dim': 64,
                                  'in_dim': 512,
                                  'num_classes': 7},
                         'model': 'MLPHead',
                         'name': 'enc_4_unimodal_head_1',
                         'pretrainedEncoder': {'dir': 'enc_4_unimodal1_fold{}.pth.tar',
                                               'use': False},
                         'save_encoder': False},
                        {'args': {'dropout': 0.1,
                                  'freeze_encoder': False,
                                  'hidden_dim': 64,
                                  'in_dim': 512,
                                  'num_classes': 7},
                         'model': 'MLPHead',
                         'name': 'enc_5_unimodal_head_2',
                         'pretrainedEncoder': {'dir': 'enc_5_unimodal2_fold{}.pth.tar',
                                               'use': False},
                         'save_encoder': False}],
           'load_ongoing': False,
           'model_class': 'FusionIBModel_Mask',
           'save_base_dir': '/esat/smcdata/users/kkontras/Image_Dataset/no_backup/data/2025_data/synergy/CremadPlus/v2',
           'save_dir': 'SynIB_RMask_{}.pth.tar'},
 'optimizer': {'beta1': 0.9,
               'beta2': 0.999,
               'learning_rate': 1e-05,
               'momentum': 0.9,
               'type': 'Adam',
               'weight_decay': 1e-05},
 'scheduler': {'max_lr': 0.03, 'type': 'cosanneal', 'warm_up_steps': 780},
 'training_params': {'async_loading': True,
                     'batch_size': 128,
                     'cuda': True,
                     'data_loader_workers': 8,
                     'gpu_device': [0],
                     'pin_memory': False,
                     'rec_test': True,
                     'res': True,
                     'seed': 109,
                     'tdqm_disable': False,
                     'test_batch_size': 128,
                     'test_on_bottoms': True,
                     'use_test_set': True,
                     'validation': True,
                     'verbose': True,
                     'wandb_disable': False}}
2026-01-15 18:58:47,368 - Config - INFO -  *************************************** 
2026-01-15 18:58:47,368 - Config - INFO - The experiment name is CREMAD Experiment
2026-01-15 18:58:47,368 - Config - INFO -  *************************************** 
2026-01-15 18:58:47,368 - root - INFO - save_dir: SynIB_RMask_fold0_l1_vldsyn_accuracy_fillema_lsparse0.1_lr0.0001_wd0.0001_clsmlp_bs64.pth.tar
2026-01-15 18:58:47,415 - Cuda Statistics - INFO - __Python VERSION:  3.10.19 (main, Oct 21 2025, 16:43:05) [GCC 11.2.0]
2026-01-15 18:58:47,415 - Cuda Statistics - INFO - __pyTorch VERSION:  2.9.1+cu128
2026-01-15 18:58:47,415 - Cuda Statistics - INFO - __CUDA VERSION
2026-01-15 18:58:47,417 - Cuda Statistics - INFO - __CUDNN VERSION:  91002
2026-01-15 18:58:47,431 - Cuda Statistics - INFO - __Number CUDA Devices:  1
2026-01-15 18:58:47,431 - Cuda Statistics - INFO - __Devices
2026-01-15 18:58:47,431 - Cuda Statistics - INFO - index, name, driver_version, memory.total [MiB], memory.used [MiB], memory.free [MiB]
2026-01-15 18:58:47,431 - Cuda Statistics - INFO - 0, NVIDIA GeForce RTX 2080 Ti, 570.153.02, 11264 MiB, 4 MiB, 10820 MiB
2026-01-15 18:58:47,439 - Cuda Statistics - INFO - Active CUDA Device: GPU 0
2026-01-15 18:58:47,439 - Cuda Statistics - INFO - Available devices  1
2026-01-15 18:58:47,439 - Cuda Statistics - INFO - Current cuda device  0
2026-01-15 18:58:47,509 - CREMADPlusDataset - INFO - Loaded wav norm from ./mydatasets/CREMAD/wav_norm_22050_fold0.pkl
2026-01-15 18:58:47,527 - CREMADPlusDataset - INFO - [train] Ironic pairing enabled: ironic_rate=1.000, target≈673.7, requested_k=674, applied_k=674
2026-01-15 18:58:47,528 - CREMADPlusDataset - INFO - [train] Flipped-to-sarcasm counts by original class: {0: 135, 1: 143, 2: 94, 3: 111, 4: 98, 5: 93}
2026-01-15 18:58:47,528 - CREMADPlusDataset - INFO - [train] Top (orig_label -> donor_label) sarcasm pairs: [('FEA->HAP', 111), ('DIS->HAP', 98), ('SAD->HAP', 94), ('HAP->ANG', 55), ('HAP->DIS', 47), ('HAP->SAD', 41), ('ANG->HAP', 35), ('ANG->NEU', 35), ('NEU->HAP', 32), ('NEU->FEA', 28)]
2026-01-15 18:58:47,528 - CREMADPlusDataset - INFO - [train] Top donor indices reused (idx, times): [(1334, 4), (3408, 3), (2650, 3), (3255, 3), (3446, 3), (3674, 3), (1379, 3), (2982, 3), (4022, 3), (3631, 3)]
2026-01-15 18:58:47,528 - CREMADPlusDataset - INFO - [train] Label distribution after applying ironic pairs: {0: 570, 1: 695, 2: 476, 3: 512, 4: 525, 5: 590, 6: 674}
2026-01-15 18:58:47,667 - CREMADPlusDataset - INFO - Loaded wav norm from ./mydatasets/CREMAD/wav_norm_22050_fold0.pkl
2026-01-15 18:58:47,671 - CREMADPlusDataset - INFO - [val] Ironic pairing enabled: ironic_rate=1.000, target≈146.3, requested_k=146, applied_k=146
2026-01-15 18:58:47,671 - CREMADPlusDataset - INFO - [val] Flipped-to-sarcasm counts by original class: {0: 27, 1: 31, 2: 19, 3: 21, 4: 23, 5: 25}
2026-01-15 18:58:47,671 - CREMADPlusDataset - INFO - [val] Top (orig_label -> donor_label) sarcasm pairs: [('DIS->HAP', 23), ('FEA->HAP', 21), ('SAD->HAP', 19), ('HAP->DIS', 14), ('HAP->ANG', 12), ('NEU->HAP', 10), ('ANG->NEU', 9), ('ANG->SAD', 8), ('ANG->HAP', 8), ('HAP->SAD', 5)]
2026-01-15 18:58:47,671 - CREMADPlusDataset - INFO - [val] Top donor indices reused (idx, times): [(255, 3), (225, 3), (61, 2), (121, 2), (812, 2), (694, 2), (304, 2), (510, 2), (209, 2), (189, 2)]
2026-01-15 18:58:47,671 - CREMADPlusDataset - INFO - [val] Label distribution after applying ironic pairs: {0: 123, 1: 157, 2: 93, 3: 117, 4: 129, 5: 113, 6: 146}
2026-01-15 18:58:48,106 - CREMADPlusDataset - INFO - Loaded wav norm from ./mydatasets/CREMAD/wav_norm_22050_fold0.pkl
2026-01-15 18:58:48,110 - CREMADPlusDataset - INFO - [test] Ironic pairing enabled: ironic_rate=1.000, target≈149.8, requested_k=150, applied_k=150
2026-01-15 18:58:48,110 - CREMADPlusDataset - INFO - [test] Flipped-to-sarcasm counts by original class: {0: 22, 1: 28, 2: 23, 3: 18, 4: 29, 5: 30}
2026-01-15 18:58:48,110 - CREMADPlusDataset - INFO - [test] Top (orig_label -> donor_label) sarcasm pairs: [('DIS->HAP', 29), ('SAD->HAP', 23), ('FEA->HAP', 18), ('ANG->NEU', 13), ('HAP->ANG', 11), ('ANG->HAP', 11), ('HAP->SAD', 9), ('HAP->DIS', 8), ('NEU->HAP', 8), ('ANG->SAD', 6)]
2026-01-15 18:58:48,110 - CREMADPlusDataset - INFO - [test] Top donor indices reused (idx, times): [(606, 3), (246, 2), (796, 2), (75, 2), (612, 2), (686, 2), (425, 2), (281, 2), (501, 2), (115, 2)]
2026-01-15 18:58:48,110 - CREMADPlusDataset - INFO - [test] Label distribution after applying ironic pairs: {0: 125, 1: 162, 2: 95, 3: 123, 4: 109, 5: 135, 6: 150}
2026-01-15 18:58:48,111 - Agent - INFO - Device: cuda:0
2026-01-15 18:58:48,111 - Agent - INFO - Total training batches: 64, validate every 25 batches, steps per epoch: 3
2026-01-15 18:58:49,894 - Agent - INFO - Loss Weights are {'total': 1, 'combined': 1, 'c': 1, 'g': 1}
2026-01-15 18:58:50,518 - root - INFO - Loading enc best model state dict from /esat/smcdata/users/kkontras/Image_Dataset/no_backup/data/2025_data/synergy/CremadPlus/v2/unimodal_audio_fold0_lr0.001_wd0.0001_bs64.pth.tar
2026-01-15 18:58:50,863 - root - INFO - Loading enc best model state dict from /esat/smcdata/users/kkontras/Image_Dataset/no_backup/data/2025_data/synergy/CremadPlus/v2/unimodal_video_fold0_lr0.0001_wd0.0001_bs64.pth.tar
2026-01-15 18:58:50,912 - Agent - INFO - Total number of trainable parameters are: 22487018
2026-01-15 18:59:27,872 - Agent - INFO - [37mVal Epoch 0 step 0 with [31mce_loss_combined : 2.045220 [31mce_loss_c : 1.383450 [31mce_loss_g : 1.751162 [31mce_mask0 : 2.048383 [31mce_mask1 : 2.047941 [31mkl_synergy_1 : 0.290768 [31mkl_synergy_2 : 0.287624 [31mtotal : 6.719937 [94mAcc_combined: 12.19 [94mAcc_c: 53.08 [94mAcc_g: 43.28 [97mS:[93m3.8%[97m([91m1.1c[97m-[94mF1:4.1%) [97mU1:[93m13.9%[97m([91m3.3c[97m) [97mU2:[93m10.9%[97m([91m2.2c[97m) [97mR:[93m20.9%[97m([91m5.6c[97m) [97mS-L: [92m0:[96m50% [92m2:[96m3% [92m3:[96m16% [92m5:[96m5% [92m6:[96m1%[39m [34mF1_perclass: 29.3-1.7-1.8-8.4-0.0-2.4-1.3 [39m[39m
2026-01-15 18:59:27,897 - Agent - INFO - [37mTest Epoch 0 step 0 with [31mce_loss_combined : 2.022011 [31mce_loss_c : 1.492977 [31mce_loss_g : 1.984664 [31mce_mask0 : 2.022669 [31mce_mask1 : 2.034126 [31mkl_synergy_1 : 0.289953 [31mkl_synergy_2 : 0.278176 [31mtotal : 6.646936 [94mAcc_combined: 14.57 [94mAcc_c: 46.38 [94mAcc_g: 39.38 [97mS:[93m6.2%[97m([91m1.8c[97m-[94mF1:5.8%) [97mU1:[93m22.9%[97m([91m5.6c[97m) [97mU2:[93m11.0%[97m([91m2.7c[97m) [97mR:[93m20.0%[97m([91m4.6c[97m) [97mS-L: [92m0:[96m42% [92m2:[96m3% [92m3:[96m19% [92m4:[96m4% [92m5:[96m5% [92m6:[96m1%[39m [34mF1_perclass: 27.5-0.0-2.1-22.0-5.6-1.3-1.3 [39m[39m
2026-01-15 18:59:28,101 - Agent - INFO - [37mModel saved successfully at: /esat/smcdata/users/kkontras/Image_Dataset/no_backup/data/2025_data/synergy/CremadPlus/v2/SynIB_RMask_fold0_l1_vldsyn_accuracy_fillema_lsparse0.1_lr0.0001_wd0.0001_clsmlp_bs64.pth.tar[39m
2026-01-15 18:59:28,104 - Agent - INFO - Total number of trainable parameters are: 22487018
2026-01-15 19:00:52,512 - Agent - INFO - [37mVal Epoch 1 step 1 with [31mce_loss_combined : 1.427995 [31mce_loss_c : 1.498485 [31mce_loss_g : 2.024088 [31mce_mask0 : 1.432739 [31mce_mask1 : 1.440223 [31mkl_synergy_1 : 0.850983 [31mkl_synergy_2 : 0.854533 [31mtotal : 6.006472 [94mAcc_combined: 56.15 [94mAcc_c: 45.90 [94mAcc_g: 22.89 [97mS:[93m23.4%[97m([91m6.9c[97m-[94mF1:20.6%) [97mU1:[93m57.4%[97m([91m13.7c[97m) [97mU2:[93m60.3%[97m([91m12.0c[97m) [97mR:[93m88.5%[97m([91m23.6c[97m) [97mS-L: [92m0:[96m25% [92m1:[96m100% [92m2:[96m22% [92m3:[96m48% [92m4:[96m7% [92m5:[96m15% [92m6:[96m8%[39m [34mF1_perclass: 59.0-67.0-45.9-48.3-67.3-73.6-10.5 [39m[39m
2026-01-15 19:00:52,551 - Agent - INFO - [37mTest Epoch 1 step 1 with [31mce_loss_combined : 1.504249 [31mce_loss_c : 1.718100 [31mce_loss_g : 1.856277 [31mce_mask0 : 1.513683 [31mce_mask1 : 1.532312 [31mkl_synergy_1 : 0.853799 [31mkl_synergy_2 : 0.838657 [31mtotal : 6.242700 [94mAcc_combined: 52.84 [94mAcc_c: 39.38 [94mAcc_g: 25.14 [97mS:[93m13.2%[97m([91m3.8c[97m-[94mF1:11.1%) [97mU1:[93m55.5%[97m([91m13.5c[97m) [97mU2:[93m66.2%[97m([91m16.1c[97m) [97mR:[93m85.4%[97m([91m19.5c[97m) [97mS-L: [92m1:[96m88% [92m2:[96m8% [92m3:[96m33% [92m5:[96m19% [92m6:[96m7%[39m [34mF1_perclass: 63.4-58.6-46.6-50.2-48.8-67.2-12.6 [39m[39m
2026-01-15 19:00:53,326 - Agent - INFO - [37mModel saved successfully at: /esat/smcdata/users/kkontras/Image_Dataset/no_backup/data/2025_data/synergy/CremadPlus/v2/SynIB_RMask_fold0_l1_vldsyn_accuracy_fillema_lsparse0.1_lr0.0001_wd0.0001_clsmlp_bs64.pth.tar[39m
2026-01-15 19:00:53,334 - Agent - INFO - Total number of trainable parameters are: 22487018
2026-01-15 19:02:30,669 - Agent - INFO - [37mVal Epoch 2 step 2 with [31mce_loss_combined : 1.406072 [31mce_loss_c : 1.684630 [31mce_loss_g : 1.727243 [31mce_mask0 : 1.413608 [31mce_mask1 : 1.417042 [31mkl_synergy_1 : 0.714638 [31mkl_synergy_2 : 0.630357 [31mtotal : 5.581716 [94mAcc_combined: 62.64 [94mAcc_c: 37.59 [94mAcc_g: 31.66 [97mS:[93m29.5%[97m([91m8.8c[97m-[94mF1:28.6%) [97mU1:[93m66.5%[97m([91m15.8c[97m) [97mU2:[93m62.6%[97m([91m12.4c[97m) [97mR:[93m96.2%[97m([91m25.6c[97m) [97mS-L: [92m0:[96m25% [92m1:[96m91% [92m2:[96m22% [92m3:[96m42% [92m4:[96m20% [92m5:[96m60% [92m6:[96m14%[39m [34mF1_perclass: 66.9-76.8-48.4-59.8-68.8-73.3-17.9 [39m[39m
2026-01-15 19:02:30,703 - Agent - INFO - [37mTest Epoch 2 step 2 with [31mce_loss_combined : 1.549777 [31mce_loss_c : 1.725059 [31mce_loss_g : 1.725323 [31mce_mask0 : 1.528947 [31mce_mask1 : 1.556194 [31mkl_synergy_1 : 0.683969 [31mkl_synergy_2 : 0.633902 [31mtotal : 5.952788 [94mAcc_combined: 53.28 [94mAcc_c: 34.48 [94mAcc_g: 33.37 [97mS:[93m15.6%[97m([91m4.4c[97m-[94mF1:13.2%) [97mU1:[93m57.8%[97m([91m14.0c[97m) [97mU2:[93m58.4%[97m([91m14.2c[97m) [97mR:[93m90.2%[97m([91m20.6c[97m) [97mS-L: [92m1:[96m75% [92m2:[96m3% [92m3:[96m36% [92m4:[96m12% [92m5:[96m33% [92m6:[96m8%[39m [34mF1_perclass: 62.0-63.8-38.4-48.7-60.5-58.9-12.9 [39m[39m
2026-01-15 19:02:31,615 - Agent - INFO - [37mModel saved successfully at: /esat/smcdata/users/kkontras/Image_Dataset/no_backup/data/2025_data/synergy/CremadPlus/v2/SynIB_RMask_fold0_l1_vldsyn_accuracy_fillema_lsparse0.1_lr0.0001_wd0.0001_clsmlp_bs64.pth.tar[39m
2026-01-15 19:02:31,620 - Agent - INFO - Total number of trainable parameters are: 22487018
2026-01-15 19:03:57,698 - Agent - INFO - [37mVal Epoch 3 step 3 with [31mce_loss_combined : 1.448021 [31mce_loss_c : 1.825789 [31mce_loss_g : 1.754546 [31mce_mask0 : 1.459951 [31mce_mask1 : 1.453487 [31mkl_synergy_1 : 0.602855 [31mkl_synergy_2 : 0.593617 [31mtotal : 5.557930 [94mAcc_combined: 58.88 [94mAcc_c: 27.56 [94mAcc_g: 31.21 [97mS:[93m34.1%[97m([91m10.1c[97m-[94mF1:28.1%) [97mU1:[93m66.0%[97m([91m15.7c[97m) [97mU2:[93m48.9%[97m([91m9.7c[97m) [97mR:[93m87.6%[97m([91m23.3c[97m) [97mS-L: [92m0:[96m25% [92m1:[96m83% [92m2:[96m22% [92m3:[96m26% [92m4:[96m20% [92m5:[96m20% [92m6:[96m37%[39m [34mF1_perclass: 69.7-75.9-48.8-46.5-66.4-76.3-30.9 [39m[39m
2026-01-15 19:03:57,726 - Agent - INFO - [37mTest Epoch 3 step 3 with [31mce_loss_combined : 1.511017 [31mce_loss_c : 1.800566 [31mce_loss_g : 1.729602 [31mce_mask0 : 1.526871 [31mce_mask1 : 1.526719 [31mkl_synergy_1 : 0.634041 [31mkl_synergy_2 : 0.613426 [31mtotal : 5.812074 [94mAcc_combined: 55.39 [94mAcc_c: 25.36 [94mAcc_g: 31.59 [97mS:[93m26.1%[97m([91m7.5c[97m-[94mF1:14.9%) [97mU1:[93m60.1%[97m([91m14.6c[97m) [97mU2:[93m55.3%[97m([91m13.5c[97m) [97mR:[93m87.3%[97m([91m19.9c[97m) [97mS-L: [92m1:[96m50% [92m2:[96m8% [92m3:[96m42% [92m5:[96m5% [92m6:[96m37%[39m [34mF1_perclass: 60.8-70.2-44.3-49.3-55.4-67.4-32.9 [39m[39m
2026-01-15 19:03:58,625 - Agent - INFO - [37mModel saved successfully at: /esat/smcdata/users/kkontras/Image_Dataset/no_backup/data/2025_data/synergy/CremadPlus/v2/SynIB_RMask_fold0_l1_vldsyn_accuracy_fillema_lsparse0.1_lr0.0001_wd0.0001_clsmlp_bs64.pth.tar[39m
2026-01-15 19:03:58,632 - Agent - INFO - Total number of trainable parameters are: 22487018
2026-01-15 19:05:20,967 - Agent - INFO - [37mVal Epoch 4 step 4 with [31mce_loss_combined : 1.537757 [31mce_loss_c : 1.680915 [31mce_loss_g : 1.746039 [31mce_mask0 : 1.548114 [31mce_mask1 : 1.542900 [31mkl_synergy_1 : 0.655923 [31mkl_synergy_2 : 0.707703 [31mtotal : 5.992397 [94mAcc_combined: 48.29 [94mAcc_c: 33.83 [94mAcc_g: 29.16 [97mS:[93m28.4%[97m([91m8.4c[97m-[94mF1:21.1%) [97mU1:[93m43.1%[97m([91m10.3c[97m) [97mU2:[93m41.4%[97m([91m8.2c[97m) [97mR:[93m80.3%[97m([91m21.4c[97m) [97mS-L: [92m0:[96m25% [92m1:[96m74% [92m2:[96m8% [92m3:[96m55% [92m5:[96m15% [92m6:[96m28%[39m [34mF1_perclass: 63.8-67.5-31.2-39.4-51.7-57.0-25.1 [39m[39m
2026-01-15 19:05:20,992 - Agent - INFO - [37mTest Epoch 4 step 4 with [31mce_loss_combined : 1.603681 [31mce_loss_c : 1.662529 [31mce_loss_g : 1.791164 [31mce_mask0 : 1.623954 [31mce_mask1 : 1.612973 [31mkl_synergy_1 : 0.732132 [31mkl_synergy_2 : 0.720573 [31mtotal : 6.293311 [94mAcc_combined: 47.27 [94mAcc_c: 33.82 [94mAcc_g: 29.25 [97mS:[93m24.9%[97m([91m7.1c[97m-[94mF1:12.8%) [97mU1:[93m42.7%[97m([91m10.3c[97m) [97mU2:[93m50.2%[97m([91m12.2c[97m) [97mR:[93m77.1%[97m([91m17.6c[97m) [97mS-L: [92m1:[96m50% [92m3:[96m64% [92m5:[96m5% [92m6:[96m31%[39m [34mF1_perclass: 54.8-65.2-13.0-43.7-38.8-58.6-30.1 [39m[39m
2026-01-15 19:05:20,993 - Agent - INFO - Total number of trainable parameters are: 22487018
2026-01-15 19:06:50,094 - Agent - INFO - [37mVal Epoch 5 step 5 with [31mce_loss_combined : 1.514113 [31mce_loss_c : 1.557417 [31mce_loss_g : 1.664464 [31mce_mask0 : 1.521526 [31mce_mask1 : 1.527178 [31mkl_synergy_1 : 0.620280 [31mkl_synergy_2 : 0.605718 [31mtotal : 5.788815 [94mAcc_combined: 53.64 [94mAcc_c: 45.79 [94mAcc_g: 31.66 [97mS:[93m23.8%[97m([91m7.1c[97m-[94mF1:21.3%) [97mU1:[93m63.2%[97m([91m15.0c[97m) [97mU2:[93m47.7%[97m([91m9.5c[97m) [97mR:[93m82.9%[97m([91m22.1c[97m) [97mS-L: [92m0:[96m25% [92m1:[96m52% [92m2:[96m11% [92m3:[96m29% [92m4:[96m63% [92m5:[96m10% [92m6:[96m13%[39m [34mF1_perclass: 69.0-64.4-38.4-56.9-50.3-68.8-16.9 [39m[39m
2026-01-15 19:06:50,120 - Agent - INFO - [37mTest Epoch 5 step 5 with [31mce_loss_combined : 1.552099 [31mce_loss_c : 1.588629 [31mce_loss_g : 1.686922 [31mce_mask0 : 1.563262 [31mce_mask1 : 1.563492 [31mkl_synergy_1 : 0.616884 [31mkl_synergy_2 : 0.566231 [31mtotal : 5.861967 [94mAcc_combined: 53.62 [94mAcc_c: 41.71 [94mAcc_g: 32.04 [97mS:[93m19.1%[97m([91m5.5c[97m-[94mF1:17.0%) [97mU1:[93m62.8%[97m([91m15.2c[97m) [97mU2:[93m55.7%[97m([91m13.6c[97m) [97mR:[93m84.9%[97m([91m19.4c[97m) [97mS-L: [92m0:[96m8% [92m1:[96m50% [92m2:[96m16% [92m3:[96m25% [92m4:[96m50% [92m5:[96m10% [92m6:[96m13%[39m [34mF1_perclass: 62.9-75.5-45.0-40.2-52.5-66.1-17.1 [39m[39m
2026-01-15 19:06:50,121 - Agent - INFO - Total number of trainable parameters are: 22487018
2026-01-15 19:08:22,277 - Agent - INFO - [37mVal Epoch 6 step 6 with [31mce_loss_combined : 1.434298 [31mce_loss_c : 1.510510 [31mce_loss_g : 1.487091 [31mce_mask0 : 1.439964 [31mce_mask1 : 1.450416 [31mkl_synergy_1 : 0.597651 [31mkl_synergy_2 : 0.590923 [31mtotal : 5.513252 [94mAcc_combined: 60.48 [94mAcc_c: 46.36 [94mAcc_g: 44.65 [97mS:[93m28.7%[97m([91m8.5c[97m-[94mF1:26.7%) [97mU1:[93m66.5%[97m([91m15.8c[97m) [97mU2:[93m56.3%[97m([91m11.2c[97m) [97mR:[93m93.6%[97m([91m24.9c[97m) [97mS-L: [92m0:[96m25% [92m1:[96m52% [92m2:[96m3% [92m3:[96m52% [92m4:[96m27% [92m5:[96m55% [92m6:[96m22%[39m [34mF1_perclass: 67.9-76.5-35.3-55.4-66.9-76.1-26.4 [39m[39m
2026-01-15 19:08:22,305 - Agent - INFO - [37mTest Epoch 6 step 6 with [31mce_loss_combined : 1.531271 [31mce_loss_c : 1.570003 [31mce_loss_g : 1.583656 [31mce_mask0 : 1.543656 [31mce_mask1 : 1.565462 [31mkl_synergy_1 : 0.613237 [31mkl_synergy_2 : 0.600414 [31mtotal : 5.854040 [94mAcc_combined: 56.95 [94mAcc_c: 41.94 [94mAcc_g: 44.49 [97mS:[93m21.0%[97m([91m6.0c[97m-[94mF1:15.1%) [97mU1:[93m64.7%[97m([91m15.7c[97m) [97mU2:[93m59.8%[97m([91m14.6c[97m) [97mR:[93m90.7%[97m([91m20.7c[97m) [97mS-L: [92m1:[96m38% [92m3:[96m58% [92m4:[96m8% [92m5:[96m43% [92m6:[96m16%[39m [34mF1_perclass: 63.3-76.5-33.1-54.3-58.0-63.9-24.2 [39m[39m
2026-01-15 19:08:22,306 - Agent - INFO - Total number of trainable parameters are: 22487018
2026-01-15 19:09:51,316 - Agent - INFO - [37mVal Epoch 7 step 7 with [31mce_loss_combined : 1.434004 [31mce_loss_c : 1.484889 [31mce_loss_g : 1.577625 [31mce_mask0 : 1.439437 [31mce_mask1 : 1.441207 [31mkl_synergy_1 : 0.506098 [31mkl_synergy_2 : 0.455243 [31mtotal : 5.275990 [94mAcc_combined: 61.73 [94mAcc_c: 47.84 [94mAcc_g: 39.86 [97mS:[93m33.0%[97m([91m9.8c[97m-[94mF1:28.0%) [97mU1:[93m74.2%[97m([91m17.7c[97m) [97mU2:[93m50.6%[97m([91m10.0c[97m) [97mR:[93m91.0%[97m([91m24.3c[97m) [97mS-L: [92m0:[96m25% [92m1:[96m78% [92m2:[96m27% [92m3:[96m35% [92m4:[96m10% [92m5:[96m25% [92m6:[96m33%[39m [34mF1_perclass: 67.2-75.1-51.6-60.2-63.6-77.0-31.2 [39m[39m
2026-01-15 19:09:51,343 - Agent - INFO - [37mTest Epoch 7 step 7 with [31mce_loss_combined : 1.519276 [31mce_loss_c : 1.536602 [31mce_loss_g : 1.665043 [31mce_mask0 : 1.520835 [31mce_mask1 : 1.533381 [31mkl_synergy_1 : 0.516588 [31mkl_synergy_2 : 0.448266 [31mtotal : 5.538346 [94mAcc_combined: 54.51 [94mAcc_c: 43.38 [94mAcc_g: 38.15 [97mS:[93m19.5%[97m([91m5.6c[97m-[94mF1:13.8%) [97mU1:[93m65.1%[97m([91m15.8c[97m) [97mU2:[93m53.9%[97m([91m13.1c[97m) [97mR:[93m87.8%[97m([91m20.0c[97m) [97mS-L: [92m0:[96m8% [92m1:[96m50% [92m2:[96m3% [92m3:[96m25% [92m4:[96m4% [92m5:[96m24% [92m6:[96m25%[39m [34mF1_perclass: 60.4-68.0-44.8-49.0-52.2-64.6-29.8 [39m[39m
2026-01-15 19:09:51,345 - Agent - INFO - Total number of trainable parameters are: 22487018
2026-01-15 19:11:13,550 - Agent - INFO - [37mVal Epoch 8 step 8 with [31mce_loss_combined : 1.427485 [31mce_loss_c : 1.421228 [31mce_loss_g : 1.469206 [31mce_mask0 : 1.439114 [31mce_mask1 : 1.432754 [31mkl_synergy_1 : 0.571003 [31mkl_synergy_2 : 0.517140 [31mtotal : 5.387497 [94mAcc_combined: 60.82 [94mAcc_c: 49.54 [94mAcc_g: 45.90 [97mS:[93m33.7%[97m([91m10.0c[97m-[94mF1:31.4%) [97mU1:[93m74.6%[97m([91m17.8c[97m) [97mU2:[93m50.6%[97m([91m10.0c[97m) [97mR:[93m86.3%[97m([91m23.0c[97m) [97mS-L: [92m0:[96m25% [92m1:[96m74% [92m2:[96m43% [92m3:[96m29% [92m4:[96m30% [92m5:[96m30% [92m6:[96m26%[39m [34mF1_perclass: 62.3-75.8-51.5-55.5-66.7-76.1-29.6 [39m[39m
2026-01-15 19:11:13,576 - Agent - INFO - [37mTest Epoch 8 step 8 with [31mce_loss_combined : 1.542412 [31mce_loss_c : 1.485642 [31mce_loss_g : 1.605742 [31mce_mask0 : 1.541012 [31mce_mask1 : 1.554734 [31mkl_synergy_1 : 0.582815 [31mkl_synergy_2 : 0.543444 [31mtotal : 5.764418 [94mAcc_combined: 54.28 [94mAcc_c: 43.27 [94mAcc_g: 43.49 [97mS:[93m25.3%[97m([91m7.2c[97m-[94mF1:19.8%) [97mU1:[93m64.2%[97m([91m15.6c[97m) [97mU2:[93m50.7%[97m([91m12.3c[97m) [97mR:[93m83.9%[97m([91m19.1c[97m) [97mS-L: [92m1:[96m62% [92m2:[96m53% [92m3:[96m8% [92m4:[96m21% [92m5:[96m24% [92m6:[96m23%[39m [34mF1_perclass: 57.7-71.7-50.3-27.7-60.5-66.9-25.6 [39m[39m
2026-01-15 19:11:13,577 - Agent - INFO - Total number of trainable parameters are: 22487018
2026-01-15 19:12:42,363 - Agent - INFO - [37mVal Epoch 9 step 9 with [31mce_loss_combined : 1.476264 [31mce_loss_c : 1.473669 [31mce_loss_g : 1.814466 [31mce_mask0 : 1.490145 [31mce_mask1 : 1.482661 [31mkl_synergy_1 : 0.608972 [31mkl_synergy_2 : 0.540730 [31mtotal : 5.598771 [94mAcc_combined: 57.52 [94mAcc_c: 47.04 [94mAcc_g: 31.32 [97mS:[93m31.4%[97m([91m9.3c[97m-[94mF1:27.5%) [97mU1:[93m69.9%[97m([91m16.6c[97m) [97mU2:[93m40.2%[97m([91m8.0c[97m) [97mR:[93m88.5%[97m([91m23.6c[97m) [97mS-L: [92m0:[96m25% [92m1:[96m43% [92m2:[96m14% [92m3:[96m39% [92m4:[96m7% [92m5:[96m60% [92m6:[96m34%[39m [34mF1_perclass: 65.4-71.7-44.0-55.3-58.4-65.0-33.7 [39m[39m
2026-01-15 19:12:42,419 - Agent - INFO - [37mTest Epoch 9 step 9 with [31mce_loss_combined : 1.524879 [31mce_loss_c : 1.544538 [31mce_loss_g : 1.950105 [31mce_mask0 : 1.531688 [31mce_mask1 : 1.512710 [31mkl_synergy_1 : 0.617802 [31mkl_synergy_2 : 0.548927 [31mtotal : 5.736006 [94mAcc_combined: 52.39 [94mAcc_c: 41.38 [94mAcc_g: 33.70 [97mS:[93m24.5%[97m([91m7.0c[97m-[94mF1:15.0%) [97mU1:[93m62.4%[97m([91m15.1c[97m) [97mU2:[93m45.2%[97m([91m11.0c[97m) [97mR:[93m84.4%[97m([91m19.2c[97m) [97mS-L: [92m1:[96m12% [92m2:[96m5% [92m3:[96m28% [92m5:[96m52% [92m6:[96m33%[39m [34mF1_perclass: 63.9-68.5-34.9-45.6-47.1-57.0-35.2 [39m[39m
2026-01-15 19:12:42,420 - Agent - INFO - Total number of trainable parameters are: 22487018
2026-01-15 19:14:05,748 - Agent - INFO - [37mVal Epoch 10 step 10 with [31mce_loss_combined : 1.442735 [31mce_loss_c : 1.446251 [31mce_loss_g : 1.451234 [31mce_mask0 : 1.454802 [31mce_mask1 : 1.449245 [31mkl_synergy_1 : 0.536963 [31mkl_synergy_2 : 0.480658 [31mtotal : 5.364403 [94mAcc_combined: 60.93 [94mAcc_c: 50.46 [94mAcc_g: 43.28 [97mS:[93m36.8%[97m([91m10.9c[97m-[94mF1:31.4%) [97mU1:[93m72.7%[97m([91m17.3c[97m) [97mU2:[93m44.8%[97m([91m8.9c[97m) [97mR:[93m89.3%[97m([91m23.8c[97m) [97mS-L: [92m0:[96m25% [92m1:[96m65% [92m2:[96m24% [92m3:[96m32% [92m4:[96m23% [92m5:[96m30% [92m6:[96m41%[39m [34mF1_perclass: 64.8-71.3-51.3-60.1-64.7-76.6-36.9 [39m[39m
2026-01-15 19:14:05,772 - Agent - INFO - [37mTest Epoch 10 step 10 with [31mce_loss_combined : 1.518742 [31mce_loss_c : 1.466871 [31mce_loss_g : 1.763736 [31mce_mask0 : 1.514711 [31mce_mask1 : 1.536548 [31mkl_synergy_1 : 0.499450 [31mkl_synergy_2 : 0.449329 [31mtotal : 5.518780 [94mAcc_combined: 54.28 [94mAcc_c: 44.72 [94mAcc_g: 41.16 [97mS:[93m29.2%[97m([91m8.3c[97m-[94mF1:20.8%) [97mU1:[93m62.4%[97m([91m15.1c[97m) [97mU2:[93m47.9%[97m([91m11.7c[97m) [97mR:[93m83.9%[97m([91m19.1c[97m) [97mS-L: [92m0:[96m8% [92m1:[96m38% [92m2:[96m16% [92m3:[96m28% [92m4:[96m8% [92m5:[96m33% [92m6:[96m39%[39m [34mF1_perclass: 61.2-62.8-49.7-50.0-59.9-65.9-33.0 [39m[39m
2026-01-15 19:14:06,697 - Agent - INFO - [37mModel saved successfully at: /esat/smcdata/users/kkontras/Image_Dataset/no_backup/data/2025_data/synergy/CremadPlus/v2/SynIB_RMask_fold0_l1_vldsyn_accuracy_fillema_lsparse0.1_lr0.0001_wd0.0001_clsmlp_bs64.pth.tar[39m
2026-01-15 19:14:06,701 - Agent - INFO - Total number of trainable parameters are: 22487018
2026-01-15 19:15:35,577 - Agent - INFO - [37mVal Epoch 11 step 11 with [31mce_loss_combined : 1.511854 [31mce_loss_c : 1.452666 [31mce_loss_g : 1.729024 [31mce_mask0 : 1.516548 [31mce_mask1 : 1.518596 [31mkl_synergy_1 : 0.469840 [31mkl_synergy_2 : 0.391719 [31mtotal : 5.408558 [94mAcc_combined: 59.68 [94mAcc_c: 47.61 [94mAcc_g: 35.65 [97mS:[93m30.7%[97m([91m9.1c[97m-[94mF1:28.0%) [97mU1:[93m73.2%[97m([91m17.4c[97m) [97mU2:[93m46.6%[97m([91m9.2c[97m) [97mR:[93m89.7%[97m([91m23.9c[97m) [97mS-L: [92m0:[96m25% [92m1:[96m48% [92m2:[96m14% [92m3:[96m32% [92m4:[96m33% [92m5:[96m30% [92m6:[96m32%[39m [34mF1_perclass: 64.4-71.3-43.7-60.7-61.7-75.7-31.5 [39m[39m
2026-01-15 19:15:35,603 - Agent - INFO - [37mTest Epoch 11 step 11 with [31mce_loss_combined : 1.510963 [31mce_loss_c : 1.454271 [31mce_loss_g : 1.712815 [31mce_mask0 : 1.509502 [31mce_mask1 : 1.498546 [31mkl_synergy_1 : 0.470600 [31mkl_synergy_2 : 0.410834 [31mtotal : 5.400445 [94mAcc_combined: 57.06 [94mAcc_c: 43.05 [94mAcc_g: 41.38 [97mS:[93m27.6%[97m([91m7.9c[97m-[94mF1:22.1%) [97mU1:[93m68.8%[97m([91m16.7c[97m) [97mU2:[93m50.2%[97m([91m12.2c[97m) [97mR:[93m88.8%[97m([91m20.2c[97m) [97mS-L: [92m0:[96m17% [92m1:[96m62% [92m2:[96m11% [92m3:[96m22% [92m4:[96m29% [92m5:[96m29% [92m6:[96m33%[39m [34mF1_perclass: 66.2-70.8-45.2-47.4-55.4-67.6-34.4 [39m[39m
2026-01-15 19:15:35,604 - Agent - INFO - Total number of trainable parameters are: 22487018
2026-01-15 19:17:00,755 - Agent - INFO - [37mVal Epoch 12 step 12 with [31mce_loss_combined : 1.523913 [31mce_loss_c : 1.447932 [31mce_loss_g : 1.628344 [31mce_mask0 : 1.530516 [31mce_mask1 : 1.532513 [31mkl_synergy_1 : 0.544202 [31mkl_synergy_2 : 0.474715 [31mtotal : 5.605860 [94mAcc_combined: 56.15 [94mAcc_c: 50.57 [94mAcc_g: 40.66 [97mS:[93m31.4%[97m([91m9.3c[97m-[94mF1:30.1%) [97mU1:[93m71.3%[97m([91m17.0c[97m) [97mU2:[93m35.1%[97m([91m6.9c[97m) [97mR:[93m85.9%[97m([91m22.9c[97m) [97mS-L: [92m0:[96m50% [92m1:[96m43% [92m2:[96m11% [92m3:[96m29% [92m4:[96m23% [92m5:[96m35% [92m6:[96m37%[39m [34mF1_perclass: 55.9-65.0-49.4-55.8-64.3-73.4-33.8 [39m[39m
2026-01-15 19:17:00,783 - Agent - INFO - [37mTest Epoch 12 step 12 with [31mce_loss_combined : 1.533319 [31mce_loss_c : 1.470852 [31mce_loss_g : 1.671215 [31mce_mask0 : 1.527474 [31mce_mask1 : 1.534849 [31mkl_synergy_1 : 0.483309 [31mkl_synergy_2 : 0.444192 [31mtotal : 5.523144 [94mAcc_combined: 52.61 [94mAcc_c: 43.60 [94mAcc_g: 38.82 [97mS:[93m27.2%[97m([91m7.8c[97m-[94mF1:18.9%) [97mU1:[93m67.4%[97m([91m16.4c[97m) [97mU2:[93m37.9%[97m([91m9.2c[97m) [97mR:[93m84.4%[97m([91m19.2c[97m) [97mS-L: [92m0:[96m33% [92m1:[96m25% [92m2:[96m5% [92m3:[96m17% [92m4:[96m8% [92m5:[96m29% [92m6:[96m41%[39m [34mF1_perclass: 62.9-60.8-36.2-47.3-52.6-66.4-33.7 [39m[39m
2026-01-15 19:17:00,784 - Agent - INFO - Total number of trainable parameters are: 22487018
2026-01-15 19:18:22,262 - Agent - INFO - [37mVal Epoch 13 step 13 with [31mce_loss_combined : 1.448965 [31mce_loss_c : 1.462499 [31mce_loss_g : 1.463959 [31mce_mask0 : 1.459770 [31mce_mask1 : 1.461941 [31mkl_synergy_1 : 0.591729 [31mkl_synergy_2 : 0.460693 [31mtotal : 5.423097 [94mAcc_combined: 59.57 [94mAcc_c: 47.38 [94mAcc_g: 43.96 [97mS:[93m36.0%[97m([91m10.7c[97m-[94mF1:33.3%) [97mU1:[93m72.7%[97m([91m17.3c[97m) [97mU2:[93m42.0%[97m([91m8.3c[97m) [97mR:[93m87.2%[97m([91m23.2c[97m) [97mS-L: [92m0:[96m25% [92m1:[96m52% [92m2:[96m24% [92m3:[96m35% [92m4:[96m23% [92m5:[96m45% [92m6:[96m39%[39m [34mF1_perclass: 65.5-68.7-47.3-59.8-65.6-74.8-34.5 [39m[39m
2026-01-15 19:18:22,292 - Agent - INFO - [37mTest Epoch 13 step 13 with [31mce_loss_combined : 1.465434 [31mce_loss_c : 1.492461 [31mce_loss_g : 1.547753 [31mce_mask0 : 1.486762 [31mce_mask1 : 1.471021 [31mkl_synergy_1 : 0.553609 [31mkl_synergy_2 : 0.441740 [31mtotal : 5.418565 [94mAcc_combined: 56.28 [94mAcc_c: 42.60 [94mAcc_g: 45.05 [97mS:[93m30.0%[97m([91m8.6c[97m-[94mF1:21.2%) [97mU1:[93m72.9%[97m([91m17.7c[97m) [97mU2:[93m45.2%[97m([91m11.0c[97m) [97mR:[93m83.4%[97m([91m19.0c[97m) [97mS-L: [92m1:[96m25% [92m2:[96m11% [92m3:[96m42% [92m4:[96m12% [92m5:[96m43% [92m6:[96m37%[39m [34mF1_perclass: 66.4-63.2-49.4-52.4-56.4-68.5-35.8 [39m[39m
2026-01-15 19:18:22,294 - Agent - INFO - Total number of trainable parameters are: 22487018
2026-01-15 19:19:45,451 - Agent - INFO - [37mVal Epoch 14 step 14 with [31mce_loss_combined : 1.438810 [31mce_loss_c : 1.474518 [31mce_loss_g : 1.433695 [31mce_mask0 : 1.449101 [31mce_mask1 : 1.450152 [31mkl_synergy_1 : 0.583215 [31mkl_synergy_2 : 0.451300 [31mtotal : 5.372579 [94mAcc_combined: 60.71 [94mAcc_c: 49.09 [94mAcc_g: 44.65 [97mS:[93m37.5%[97m([91m11.2c[97m-[94mF1:32.6%) [97mU1:[93m74.6%[97m([91m17.8c[97m) [97mU2:[93m43.1%[97m([91m8.5c[97m) [97mR:[93m87.2%[97m([91m23.2c[97m) [97mS-L: [92m0:[96m25% [92m1:[96m57% [92m2:[96m27% [92m3:[96m35% [92m4:[96m30% [92m5:[96m25% [92m6:[96m42%[39m [34mF1_perclass: 64.1-72.6-50.3-57.7-65.9-77.1-36.9 [39m[39m
2026-01-15 19:19:45,482 - Agent - INFO - [37mTest Epoch 14 step 14 with [31mce_loss_combined : 1.484663 [31mce_loss_c : 1.477884 [31mce_loss_g : 1.593283 [31mce_mask0 : 1.481672 [31mce_mask1 : 1.492368 [31mkl_synergy_1 : 0.547085 [31mkl_synergy_2 : 0.414460 [31mtotal : 5.420249 [94mAcc_combined: 55.28 [94mAcc_c: 42.60 [94mAcc_g: 45.61 [97mS:[93m29.2%[97m([91m8.3c[97m-[94mF1:21.1%) [97mU1:[93m69.3%[97m([91m16.8c[97m) [97mU2:[93m45.2%[97m([91m11.0c[97m) [97mR:[93m83.9%[97m([91m19.1c[97m) [97mS-L: [92m1:[96m38% [92m2:[96m13% [92m3:[96m33% [92m4:[96m17% [92m5:[96m33% [92m6:[96m37%[39m [34mF1_perclass: 58.0-67.1-46.2-49.4-58.5-70.3-34.8 [39m[39m
2026-01-15 19:19:46,483 - Agent - INFO - [37mModel saved successfully at: /esat/smcdata/users/kkontras/Image_Dataset/no_backup/data/2025_data/synergy/CremadPlus/v2/SynIB_RMask_fold0_l1_vldsyn_accuracy_fillema_lsparse0.1_lr0.0001_wd0.0001_clsmlp_bs64.pth.tar[39m
2026-01-15 19:19:46,489 - Agent - INFO - Total number of trainable parameters are: 22487018
2026-01-15 19:21:19,598 - Agent - INFO - [37mVal Epoch 15 step 15 with [31mce_loss_combined : 1.448476 [31mce_loss_c : 1.479767 [31mce_loss_g : 1.459075 [31mce_mask0 : 1.455466 [31mce_mask1 : 1.461219 [31mkl_synergy_1 : 0.579305 [31mkl_synergy_2 : 0.445990 [31mtotal : 5.390457 [94mAcc_combined: 60.48 [94mAcc_c: 47.49 [94mAcc_g: 43.39 [97mS:[93m37.5%[97m([91m11.2c[97m-[94mF1:34.1%) [97mU1:[93m73.2%[97m([91m17.4c[97m) [97mU2:[93m44.3%[97m([91m8.8c[97m) [97mR:[93m86.8%[97m([91m23.1c[97m) [97mS-L: [92m0:[96m25% [92m1:[96m57% [92m2:[96m27% [92m3:[96m35% [92m4:[96m30% [92m5:[96m40% [92m6:[96m40%[39m [34mF1_perclass: 60.9-73.0-48.8-58.9-65.2-77.8-35.5 [39m[39m
2026-01-15 19:21:19,662 - Agent - INFO - [37mTest Epoch 15 step 15 with [31mce_loss_combined : 1.473694 [31mce_loss_c : 1.484076 [31mce_loss_g : 1.582503 [31mce_mask0 : 1.499794 [31mce_mask1 : 1.478009 [31mkl_synergy_1 : 0.580402 [31mkl_synergy_2 : 0.432495 [31mtotal : 5.464393 [94mAcc_combined: 55.39 [94mAcc_c: 43.05 [94mAcc_g: 45.94 [97mS:[93m27.2%[97m([91m7.8c[97m-[94mF1:19.8%) [97mU1:[93m70.2%[97m([91m17.0c[97m) [97mU2:[93m48.4%[97m([91m11.8c[97m) [97mR:[93m82.4%[97m([91m18.8c[97m) [97mS-L: [92m1:[96m38% [92m2:[96m13% [92m3:[96m28% [92m4:[96m17% [92m5:[96m33% [92m6:[96m35%[39m [34mF1_perclass: 57.0-65.3-49.5-47.2-60.5-68.7-35.2 [39m[39m
2026-01-15 19:21:19,663 - Agent - INFO - Total number of trainable parameters are: 22487018
2026-01-15 19:22:51,185 - Agent - INFO - [37mVal Epoch 16 step 16 with [31mce_loss_combined : 1.510908 [31mce_loss_c : 1.516183 [31mce_loss_g : 1.581545 [31mce_mask0 : 1.516378 [31mce_mask1 : 1.519965 [31mkl_synergy_1 : 0.645635 [31mkl_synergy_2 : 0.482075 [31mtotal : 5.674962 [94mAcc_combined: 53.08 [94mAcc_c: 46.24 [94mAcc_g: 36.67 [97mS:[93m39.8%[97m([91m11.8c[97m-[94mF1:30.9%) [97mU1:[93m63.6%[97m([91m15.1c[97m) [97mU2:[93m31.0%[97m([91m6.2c[97m) [97mR:[93m74.8%[97m([91m19.9c[97m) [97mS-L: [92m0:[96m25% [92m1:[96m35% [92m2:[96m24% [92m3:[96m19% [92m4:[96m17% [92m5:[96m25% [92m6:[96m60%[39m [34mF1_perclass: 61.1-63.4-54.1-42.4-58.3-65.9-37.2 [39m[39m
2026-01-15 19:22:51,212 - Agent - INFO - [37mTest Epoch 16 step 16 with [31mce_loss_combined : 1.486888 [31mce_loss_c : 1.491729 [31mce_loss_g : 1.617895 [31mce_mask0 : 1.487966 [31mce_mask1 : 1.506299 [31mkl_synergy_1 : 0.580652 [31mkl_synergy_2 : 0.433827 [31mtotal : 5.495633 [94mAcc_combined: 55.62 [94mAcc_c: 41.05 [94mAcc_g: 39.60 [97mS:[93m36.6%[97m([91m10.5c[97m-[94mF1:22.3%) [97mU1:[93m68.8%[97m([91m16.7c[97m) [97mU2:[93m42.9%[97m([91m10.5c[97m) [97mR:[93m79.0%[97m([91m18.0c[97m) [97mS-L: [92m0:[96m8% [92m1:[96m38% [92m2:[96m16% [92m3:[96m11% [92m4:[96m8% [92m5:[96m24% [92m6:[96m62%[39m [34mF1_perclass: 61.1-75.6-49.0-35.2-54.7-68.9-42.9 [39m[39m
2026-01-15 19:22:52,164 - Agent - INFO - [37mModel saved successfully at: /esat/smcdata/users/kkontras/Image_Dataset/no_backup/data/2025_data/synergy/CremadPlus/v2/SynIB_RMask_fold0_l1_vldsyn_accuracy_fillema_lsparse0.1_lr0.0001_wd0.0001_clsmlp_bs64.pth.tar[39m
2026-01-15 19:22:52,170 - Agent - INFO - Total number of trainable parameters are: 22487018
2026-01-15 19:24:11,708 - Agent - INFO - [37mVal Epoch 17 step 17 with [31mce_loss_combined : 1.485680 [31mce_loss_c : 1.498025 [31mce_loss_g : 1.621855 [31mce_mask0 : 1.500507 [31mce_mask1 : 1.494835 [31mkl_synergy_1 : 0.563787 [31mkl_synergy_2 : 0.474674 [31mtotal : 5.519482 [94mAcc_combined: 57.06 [94mAcc_c: 46.24 [94mAcc_g: 38.95 [97mS:[93m27.6%[97m([91m8.2c[97m-[94mF1:28.4%) [97mU1:[93m70.3%[97m([91m16.7c[97m) [97mU2:[93m42.0%[97m([91m8.3c[97m) [97mR:[93m89.3%[97m([91m23.8c[97m) [97mS-L: [92m0:[96m25% [92m1:[96m57% [92m2:[96m11% [92m3:[96m39% [92m4:[96m27% [92m5:[96m45% [92m6:[96m22%[39m [34mF1_perclass: 62.5-67.7-42.8-55.1-62.9-71.6-25.1 [39m[39m
2026-01-15 19:24:11,735 - Agent - INFO - [37mTest Epoch 17 step 17 with [31mce_loss_combined : 1.531603 [31mce_loss_c : 1.524110 [31mce_loss_g : 1.827032 [31mce_mask0 : 1.558695 [31mce_mask1 : 1.549750 [31mkl_synergy_1 : 0.546025 [31mkl_synergy_2 : 0.448093 [31mtotal : 5.634165 [94mAcc_combined: 53.17 [94mAcc_c: 41.49 [94mAcc_g: 39.15 [97mS:[93m23.0%[97m([91m6.6c[97m-[94mF1:16.9%) [97mU1:[93m67.4%[97m([91m16.4c[97m) [97mU2:[93m45.2%[97m([91m11.0c[97m) [97mR:[93m84.4%[97m([91m19.2c[97m) [97mS-L: [92m1:[96m38% [92m2:[96m5% [92m3:[96m31% [92m4:[96m4% [92m5:[96m43% [92m6:[96m28%[39m [34mF1_perclass: 59.8-66.9-32.1-50.0-51.5-62.7-32.0 [39m[39m
2026-01-15 19:24:11,737 - Agent - INFO - Total number of trainable parameters are: 22487018
2026-01-15 19:25:42,014 - Agent - INFO - [37mVal Epoch 18 step 18 with [31mce_loss_combined : 1.501258 [31mce_loss_c : 1.556438 [31mce_loss_g : 1.563358 [31mce_mask0 : 1.508490 [31mce_mask1 : 1.513935 [31mkl_synergy_1 : 0.503694 [31mkl_synergy_2 : 0.467537 [31mtotal : 5.494915 [94mAcc_combined: 54.44 [94mAcc_c: 41.46 [94mAcc_g: 42.60 [97mS:[93m33.7%[97m([91m10.0c[97m-[94mF1:25.2%) [97mU1:[93m59.3%[97m([91m14.1c[97m) [97mU2:[93m44.8%[97m([91m8.9c[97m) [97mR:[93m80.3%[97m([91m21.4c[97m) [97mS-L: [92m0:[96m25% [92m1:[96m74% [92m2:[96m11% [92m3:[96m29% [92m4:[96m30% [92m5:[96m5% [92m6:[96m41%[39m [34mF1_perclass: 63.2-67.5-43.1-50.9-65.4-52.4-30.7 [39m[39m
2026-01-15 19:25:42,093 - Agent - INFO - [37mTest Epoch 18 step 18 with [31mce_loss_combined : 1.576947 [31mce_loss_c : 1.554592 [31mce_loss_g : 1.959085 [31mce_mask0 : 1.605901 [31mce_mask1 : 1.595296 [31mkl_synergy_1 : 0.528286 [31mkl_synergy_2 : 0.476751 [31mtotal : 5.783181 [94mAcc_combined: 50.39 [94mAcc_c: 37.93 [94mAcc_g: 39.04 [97mS:[93m28.0%[97m([91m8.0c[97m-[94mF1:15.3%) [97mU1:[93m54.6%[97m([91m13.2c[97m) [97mU2:[93m51.1%[97m([91m12.5c[97m) [97mR:[93m73.2%[97m([91m16.7c[97m) [97mS-L: [92m1:[96m50% [92m2:[96m3% [92m3:[96m25% [92m4:[96m8% [92m5:[96m5% [92m6:[96m47%[39m [34mF1_perclass: 55.0-60.6-43.7-43.6-53.7-51.5-38.4 [39m[39m
2026-01-15 19:25:42,094 - Agent - INFO - Total number of trainable parameters are: 22487018
2026-01-15 19:27:03,113 - Agent - INFO - [37mVal Epoch 19 step 19 with [31mce_loss_combined : 1.547688 [31mce_loss_c : 1.558014 [31mce_loss_g : 1.665353 [31mce_mask0 : 1.548129 [31mce_mask1 : 1.550455 [31mkl_synergy_1 : 0.541493 [31mkl_synergy_2 : 0.446144 [31mtotal : 5.633909 [94mAcc_combined: 52.62 [94mAcc_c: 44.76 [94mAcc_g: 35.42 [97mS:[93m27.6%[97m([91m8.2c[97m-[94mF1:24.7%) [97mU1:[93m57.4%[97m([91m13.7c[97m) [97mU2:[93m42.0%[97m([91m8.3c[97m) [97mR:[93m84.2%[97m([91m22.4c[97m) [97mS-L: [92m0:[96m25% [92m1:[96m39% [92m2:[96m5% [92m3:[96m52% [92m4:[96m23% [92m5:[96m15% [92m6:[96m29%[39m [34mF1_perclass: 62.9-60.7-24.1-49.3-60.3-73.3-28.9 [39m[39m
2026-01-15 19:27:03,143 - Agent - INFO - [37mTest Epoch 19 step 19 with [31mce_loss_combined : 1.516014 [31mce_loss_c : 1.562536 [31mce_loss_g : 1.672144 [31mce_mask0 : 1.531791 [31mce_mask1 : 1.524400 [31mkl_synergy_1 : 0.559818 [31mkl_synergy_2 : 0.451521 [31mtotal : 5.583544 [94mAcc_combined: 51.72 [94mAcc_c: 39.82 [94mAcc_g: 38.60 [97mS:[93m24.5%[97m([91m7.0c[97m-[94mF1:16.2%) [97mU1:[93m62.4%[97m([91m15.1c[97m) [97mU2:[93m46.6%[97m([91m11.3c[97m) [97mR:[93m80.0%[97m([91m18.2c[97m) [97mS-L: [92m0:[96m17% [92m1:[96m25% [92m3:[96m47% [92m4:[96m4% [92m5:[96m14% [92m6:[96m32%[39m [34mF1_perclass: 63.1-67.7-31.7-43.2-46.8-65.6-36.0 [39m[39m
2026-01-15 19:27:03,145 - Agent - INFO - Total number of trainable parameters are: 22487018
2026-01-15 19:28:30,061 - Agent - INFO - [37mVal Epoch 20 step 20 with [31mce_loss_combined : 1.425858 [31mce_loss_c : 1.540979 [31mce_loss_g : 1.479511 [31mce_mask0 : 1.436688 [31mce_mask1 : 1.436460 [31mkl_synergy_1 : 0.561915 [31mkl_synergy_2 : 0.452893 [31mtotal : 5.313813 [94mAcc_combined: 59.68 [94mAcc_c: 42.37 [94mAcc_g: 43.28 [97mS:[93m37.5%[97m([91m11.2c[97m-[94mF1:31.3%) [97mU1:[93m72.7%[97m([91m17.3c[97m) [97mU2:[93m43.7%[97m([91m8.7c[97m) [97mR:[93m84.6%[97m([91m22.6c[97m) [97mS-L: [92m0:[96m25% [92m1:[96m70% [92m2:[96m19% [92m3:[96m23% [92m4:[96m23% [92m5:[96m25% [92m6:[96m47%[39m [34mF1_perclass: 66.9-74.1-49.1-49.5-64.8-76.1-36.5 [39m[39m
2026-01-15 19:28:30,089 - Agent - INFO - [37mTest Epoch 20 step 20 with [31mce_loss_combined : 1.455645 [31mce_loss_c : 1.534235 [31mce_loss_g : 1.592014 [31mce_mask0 : 1.462502 [31mce_mask1 : 1.464469 [31mkl_synergy_1 : 0.537321 [31mkl_synergy_2 : 0.431414 [31mtotal : 5.351352 [94mAcc_combined: 56.51 [94mAcc_c: 38.60 [94mAcc_g: 45.61 [97mS:[93m24.9%[97m([91m7.1c[97m-[94mF1:16.6%) [97mU1:[93m71.6%[97m([91m17.4c[97m) [97mU2:[93m47.9%[97m([91m11.7c[97m) [97mR:[93m89.3%[97m([91m20.4c[97m) [97mS-L: [92m0:[96m8% [92m1:[96m50% [92m2:[96m11% [92m3:[96m11% [92m4:[96m4% [92m5:[96m29% [92m6:[96m37%[39m [34mF1_perclass: 65.4-74.5-50.3-38.6-53.6-67.8-34.4 [39m[39m
2026-01-15 19:28:31,205 - Agent - INFO - Total number of trainable parameters are: 22487018
2026-01-15 19:29:53,090 - Agent - INFO - [37mVal Epoch 21 step 21 with [31mce_loss_combined : 1.480627 [31mce_loss_c : 1.517788 [31mce_loss_g : 1.698770 [31mce_mask0 : 1.487487 [31mce_mask1 : 1.497890 [31mkl_synergy_1 : 0.607401 [31mkl_synergy_2 : 0.547513 [31mtotal : 5.620919 [94mAcc_combined: 56.38 [94mAcc_c: 46.13 [94mAcc_g: 38.95 [97mS:[93m34.5%[97m([91m10.3c[97m-[94mF1:30.5%) [97mU1:[93m70.3%[97m([91m16.7c[97m) [97mU2:[93m37.9%[97m([91m7.5c[97m) [97mR:[93m82.1%[97m([91m21.9c[97m) [97mS-L: [92m0:[96m50% [92m1:[96m65% [92m2:[96m16% [92m3:[96m19% [92m4:[96m13% [92m5:[96m35% [92m6:[96m43%[39m [34mF1_perclass: 56.7-72.2-47.9-50.0-58.7-70.7-37.0 [39m[39m
2026-01-15 19:29:53,113 - Agent - INFO - [37mTest Epoch 21 step 21 with [31mce_loss_combined : 1.541152 [31mce_loss_c : 1.528882 [31mce_loss_g : 1.858163 [31mce_mask0 : 1.573323 [31mce_mask1 : 1.557670 [31mkl_synergy_1 : 0.546273 [31mkl_synergy_2 : 0.494341 [31mtotal : 5.712759 [94mAcc_combined: 52.06 [94mAcc_c: 40.93 [94mAcc_g: 38.15 [97mS:[93m26.5%[97m([91m7.6c[97m-[94mF1:18.2%) [97mU1:[93m64.7%[97m([91m15.7c[97m) [97mU2:[93m41.6%[97m([91m10.1c[97m) [97mR:[93m82.0%[97m([91m18.7c[97m) [97mS-L: [92m0:[96m17% [92m1:[96m38% [92m2:[96m8% [92m3:[96m14% [92m4:[96m4% [92m5:[96m43% [92m6:[96m38%[39m [34mF1_perclass: 61.0-65.0-44.0-41.0-41.0-64.8-34.4 [39m[39m
2026-01-15 19:29:53,114 - Agent - INFO - Total number of trainable parameters are: 22487018
2026-01-15 19:31:23,112 - Agent - INFO - [37mVal Epoch 22 step 22 with [31mce_loss_combined : 1.515551 [31mce_loss_c : 1.519282 [31mce_loss_g : 1.555869 [31mce_mask0 : 1.525329 [31mce_mask1 : 1.525273 [31mkl_synergy_1 : 0.518773 [31mkl_synergy_2 : 0.421436 [31mtotal : 5.506362 [94mAcc_combined: 57.86 [94mAcc_c: 48.18 [94mAcc_g: 43.96 [97mS:[93m38.3%[97m([91m11.4c[97m-[94mF1:31.2%) [97mU1:[93m72.7%[97m([91m17.3c[97m) [97mU2:[93m37.9%[97m([91m7.5c[97m) [97mR:[93m81.2%[97m([91m21.6c[97m) [97mS-L: [92m0:[96m25% [92m1:[96m74% [92m2:[96m27% [92m3:[96m26% [92m4:[96m33% [92m5:[96m15% [92m6:[96m44%[39m [34mF1_perclass: 65.5-67.7-48.7-52.1-64.5-66.0-38.3 [39m[39m
2026-01-15 19:31:23,138 - Agent - INFO - [37mTest Epoch 22 step 22 with [31mce_loss_combined : 1.619733 [31mce_loss_c : 1.521864 [31mce_loss_g : 1.837392 [31mce_mask0 : 1.659859 [31mce_mask1 : 1.610901 [31mkl_synergy_1 : 0.563588 [31mkl_synergy_2 : 0.446388 [31mtotal : 5.900470 [94mAcc_combined: 48.16 [94mAcc_c: 42.60 [94mAcc_g: 37.82 [97mS:[93m26.1%[97m([91m7.5c[97m-[94mF1:16.4%) [97mU1:[93m57.3%[97m([91m13.9c[97m) [97mU2:[93m39.7%[97m([91m9.7c[97m) [97mR:[93m75.1%[97m([91m17.1c[97m) [97mS-L: [92m1:[96m25% [92m2:[96m13% [92m3:[96m11% [92m4:[96m12% [92m5:[96m24% [92m6:[96m41%[39m [34mF1_perclass: 60.0-53.4-44.2-44.8-60.2-53.6-29.7 [39m[39m
2026-01-15 19:31:23,140 - Agent - INFO - Total number of trainable parameters are: 22487018
2026-01-15 19:32:48,796 - Agent - INFO - [37mVal Epoch 23 step 23 with [31mce_loss_combined : 1.481961 [31mce_loss_c : 1.516486 [31mce_loss_g : 1.656677 [31mce_mask0 : 1.488602 [31mce_mask1 : 1.490018 [31mkl_synergy_1 : 0.486916 [31mkl_synergy_2 : 0.407837 [31mtotal : 5.355336 [94mAcc_combined: 59.91 [94mAcc_c: 45.67 [94mAcc_g: 38.72 [97mS:[93m36.0%[97m([91m10.7c[97m-[94mF1:30.5%) [97mU1:[93m71.8%[97m([91m17.1c[97m) [97mU2:[93m43.7%[97m([91m8.7c[97m) [97mR:[93m88.0%[97m([91m23.5c[97m) [97mS-L: [92m0:[96m50% [92m1:[96m48% [92m2:[96m16% [92m3:[96m32% [92m4:[96m27% [92m5:[96m20% [92m6:[96m46%[39m [34mF1_perclass: 67.3-71.4-45.5-52.0-64.7-79.6-38.7 [39m[39m
2026-01-15 19:32:48,876 - Agent - INFO - [37mTest Epoch 23 step 23 with [31mce_loss_combined : 1.470271 [31mce_loss_c : 1.515698 [31mce_loss_g : 1.597769 [31mce_mask0 : 1.493975 [31mce_mask1 : 1.499026 [31mkl_synergy_1 : 0.480652 [31mkl_synergy_2 : 0.426296 [31mtotal : 5.370220 [94mAcc_combined: 55.84 [94mAcc_c: 41.71 [94mAcc_g: 42.49 [97mS:[93m27.6%[97m([91m7.9c[97m-[94mF1:18.9%) [97mU1:[93m69.3%[97m([91m16.8c[97m) [97mU2:[93m47.5%[97m([91m11.6c[97m) [97mR:[93m85.9%[97m([91m19.6c[97m) [97mS-L: [92m0:[96m25% [92m1:[96m25% [92m2:[96m5% [92m3:[96m28% [92m4:[96m8% [92m5:[96m24% [92m6:[96m40%[39m [34mF1_perclass: 65.4-73.7-43.2-42.5-55.7-70.6-35.2 [39m[39m
2026-01-15 19:32:48,877 - Agent - INFO - Total number of trainable parameters are: 22487018
2026-01-15 19:34:08,775 - Agent - INFO - [37mVal Epoch 24 step 24 with [31mce_loss_combined : 1.482668 [31mce_loss_c : 1.508658 [31mce_loss_g : 1.613063 [31mce_mask0 : 1.492955 [31mce_mask1 : 1.489461 [31mkl_synergy_1 : 0.494667 [31mkl_synergy_2 : 0.377549 [31mtotal : 5.337299 [94mAcc_combined: 59.11 [94mAcc_c: 49.43 [94mAcc_g: 39.18 [97mS:[93m40.2%[97m([91m12.0c[97m-[94mF1:35.3%) [97mU1:[93m69.9%[97m([91m16.6c[97m) [97mU2:[93m39.1%[97m([91m7.7c[97m) [97mR:[93m85.5%[97m([91m22.8c[97m) [97mS-L: [92m0:[96m25% [92m1:[96m48% [92m2:[96m27% [92m3:[96m29% [92m4:[96m37% [92m5:[96m35% [92m6:[96m48%[39m [34mF1_perclass: 63.2-66.4-47.9-58.0-60.8-76.7-41.2 [39m[39m
2026-01-15 19:34:08,805 - Agent - INFO - [37mTest Epoch 24 step 24 with [31mce_loss_combined : 1.539965 [31mce_loss_c : 1.507251 [31mce_loss_g : 1.734056 [31mce_mask0 : 1.560419 [31mce_mask1 : 1.554462 [31mkl_synergy_1 : 0.466553 [31mkl_synergy_2 : 0.358301 [31mtotal : 5.479699 [94mAcc_combined: 52.28 [94mAcc_c: 44.05 [94mAcc_g: 44.16 [97mS:[93m28.8%[97m([91m8.2c[97m-[94mF1:21.5%) [97mU1:[93m67.0%[97m([91m16.2c[97m) [97mU2:[93m39.7%[97m([91m9.7c[97m) [97mR:[93m79.5%[97m([91m18.1c[97m) [97mS-L: [92m1:[96m25% [92m2:[96m18% [92m3:[96m22% [92m4:[96m25% [92m5:[96m43% [92m6:[96m36%[39m [34mF1_perclass: 52.7-64.4-49.8-41.9-53.7-67.7-33.8 [39m[39m
2026-01-15 19:34:09,798 - Agent - INFO - [37mModel saved successfully at: /esat/smcdata/users/kkontras/Image_Dataset/no_backup/data/2025_data/synergy/CremadPlus/v2/SynIB_RMask_fold0_l1_vldsyn_accuracy_fillema_lsparse0.1_lr0.0001_wd0.0001_clsmlp_bs64.pth.tar[39m
2026-01-15 19:34:09,805 - Agent - INFO - Total number of trainable parameters are: 22487018
2026-01-15 19:35:43,561 - Agent - INFO - [37mVal Epoch 25 step 25 with [31mce_loss_combined : 1.507346 [31mce_loss_c : 1.546266 [31mce_loss_g : 1.689019 [31mce_mask0 : 1.510073 [31mce_mask1 : 1.512302 [31mkl_synergy_1 : 0.543979 [31mkl_synergy_2 : 0.416546 [31mtotal : 5.490246 [94mAcc_combined: 53.87 [94mAcc_c: 47.38 [94mAcc_g: 36.33 [97mS:[93m33.3%[97m([91m9.9c[97m-[94mF1:29.9%) [97mU1:[93m65.1%[97m([91m15.5c[97m) [97mU2:[93m34.5%[97m([91m6.8c[97m) [97mR:[93m81.2%[97m([91m21.6c[97m) [97mS-L: [92m1:[96m48% [92m2:[96m35% [92m3:[96m35% [92m4:[96m23% [92m5:[96m30% [92m6:[96m34%[39m [34mF1_perclass: 59.0-62.8-44.0-54.1-56.3-73.2-29.6 [39m[39m
2026-01-15 19:35:43,587 - Agent - INFO - [37mTest Epoch 25 step 25 with [31mce_loss_combined : 1.521557 [31mce_loss_c : 1.540694 [31mce_loss_g : 1.739583 [31mce_mask0 : 1.515498 [31mce_mask1 : 1.526421 [31mkl_synergy_1 : 0.532398 [31mkl_synergy_2 : 0.407681 [31mtotal : 5.503554 [94mAcc_combined: 52.28 [94mAcc_c: 41.49 [94mAcc_g: 41.05 [97mS:[93m26.1%[97m([91m7.5c[97m-[94mF1:19.0%) [97mU1:[93m67.0%[97m([91m16.2c[97m) [97mU2:[93m42.0%[97m([91m10.2c[97m) [97mR:[93m80.5%[97m([91m18.4c[97m) [97mS-L: [92m1:[96m25% [92m2:[96m24% [92m3:[96m28% [92m4:[96m4% [92m5:[96m38% [92m6:[96m31%[39m [34mF1_perclass: 52.7-65.7-49.8-45.0-48.8-67.7-33.8 [39m[39m
2026-01-15 19:35:43,589 - Agent - INFO - Total number of trainable parameters are: 22487018
2026-01-15 19:37:05,827 - Agent - INFO - [37mVal Epoch 26 step 26 with [31mce_loss_combined : 1.486118 [31mce_loss_c : 1.552270 [31mce_loss_g : 1.645299 [31mce_mask0 : 1.494321 [31mce_mask1 : 1.494919 [31mkl_synergy_1 : 0.526872 [31mkl_synergy_2 : 0.402052 [31mtotal : 5.404281 [94mAcc_combined: 58.20 [94mAcc_c: 45.56 [94mAcc_g: 38.50 [97mS:[93m37.5%[97m([91m11.2c[97m-[94mF1:32.7%) [97mU1:[93m68.9%[97m([91m16.4c[97m) [97mU2:[93m41.4%[97m([91m8.2c[97m) [97mR:[93m84.2%[97m([91m22.4c[97m) [97mS-L: [92m0:[96m25% [92m1:[96m52% [92m2:[96m22% [92m3:[96m29% [92m4:[96m33% [92m5:[96m35% [92m6:[96m44%[39m [34mF1_perclass: 62.5-70.5-44.7-54.5-59.5-76.4-38.9 [39m[39m
2026-01-15 19:37:05,906 - Agent - INFO - [37mTest Epoch 26 step 26 with [31mce_loss_combined : 1.552583 [31mce_loss_c : 1.562329 [31mce_loss_g : 1.697340 [31mce_mask0 : 1.564604 [31mce_mask1 : 1.546804 [31mkl_synergy_1 : 0.509526 [31mkl_synergy_2 : 0.411883 [31mtotal : 5.585399 [94mAcc_combined: 54.51 [94mAcc_c: 41.94 [94mAcc_g: 42.71 [97mS:[93m28.4%[97m([91m8.1c[97m-[94mF1:20.9%) [97mU1:[93m67.0%[97m([91m16.2c[97m) [97mU2:[93m46.1%[97m([91m11.2c[97m) [97mR:[93m82.9%[97m([91m18.9c[97m) [97mS-L: [92m0:[96m8% [92m1:[96m38% [92m2:[96m21% [92m3:[96m28% [92m4:[96m12% [92m5:[96m24% [92m6:[96m36%[39m [34mF1_perclass: 60.8-65.3-48.6-47.1-54.0-69.9-35.0 [39m[39m
2026-01-15 19:37:05,908 - Agent - INFO - Total number of trainable parameters are: 22487018
2026-01-15 19:38:23,824 - Agent - INFO - [37mVal Epoch 27 step 27 with [31mce_loss_combined : 1.456510 [31mce_loss_c : 1.561335 [31mce_loss_g : 1.457049 [31mce_mask0 : 1.465067 [31mce_mask1 : 1.463301 [31mkl_synergy_1 : 0.551955 [31mkl_synergy_2 : 0.417268 [31mtotal : 5.354102 [94mAcc_combined: 59.11 [94mAcc_c: 47.04 [94mAcc_g: 43.96 [97mS:[93m38.3%[97m([91m11.4c[97m-[94mF1:32.4%) [97mU1:[93m69.9%[97m([91m16.6c[97m) [97mU2:[93m42.5%[97m([91m8.4c[97m) [97mR:[93m85.0%[97m([91m22.7c[97m) [97mS-L: [92m1:[96m61% [92m2:[96m24% [92m3:[96m32% [92m4:[96m30% [92m5:[96m30% [92m6:[96m45%[39m [34mF1_perclass: 61.0-74.7-45.5-53.7-60.9-76.4-40.1 [39m[39m
2026-01-15 19:38:23,868 - Agent - INFO - [37mTest Epoch 27 step 27 with [31mce_loss_combined : 1.544757 [31mce_loss_c : 1.562761 [31mce_loss_g : 1.599213 [31mce_mask0 : 1.556632 [31mce_mask1 : 1.560102 [31mkl_synergy_1 : 0.531613 [31mkl_synergy_2 : 0.444476 [31mtotal : 5.637580 [94mAcc_combined: 54.84 [94mAcc_c: 41.82 [94mAcc_g: 47.05 [97mS:[93m26.8%[97m([91m7.7c[97m-[94mF1:18.9%) [97mU1:[93m64.2%[97m([91m15.6c[97m) [97mU2:[93m49.3%[97m([91m12.0c[97m) [97mR:[93m85.9%[97m([91m19.6c[97m) [97mS-L: [92m1:[96m50% [92m2:[96m24% [92m3:[96m19% [92m4:[96m8% [92m5:[96m24% [92m6:[96m36%[39m [34mF1_perclass: 58.4-67.5-49.0-48.1-54.8-69.6-34.0 [39m[39m
2026-01-15 19:38:23,869 - Agent - INFO - Total number of trainable parameters are: 22487018
2026-01-15 19:39:49,444 - Agent - INFO - [37mVal Epoch 28 step 28 with [31mce_loss_combined : 1.467054 [31mce_loss_c : 1.560310 [31mce_loss_g : 1.493203 [31mce_mask0 : 1.471176 [31mce_mask1 : 1.478462 [31mkl_synergy_1 : 0.539400 [31mkl_synergy_2 : 0.406791 [31mtotal : 5.362884 [94mAcc_combined: 59.23 [94mAcc_c: 46.01 [94mAcc_g: 42.37 [97mS:[93m38.3%[97m([91m11.4c[97m-[94mF1:31.4%) [97mU1:[93m70.8%[97m([91m16.9c[97m) [97mU2:[93m43.7%[97m([91m8.7c[97m) [97mR:[93m83.8%[97m([91m22.3c[97m) [97mS-L: [92m1:[96m61% [92m2:[96m27% [92m3:[96m32% [92m4:[96m37% [92m5:[96m20% [92m6:[96m44%[39m [34mF1_perclass: 62.0-75.5-47.1-58.1-59.5-73.8-39.0 [39m[39m
2026-01-15 19:39:49,469 - Agent - INFO - [37mTest Epoch 28 step 28 with [31mce_loss_combined : 1.539271 [31mce_loss_c : 1.566934 [31mce_loss_g : 1.595072 [31mce_mask0 : 1.535851 [31mce_mask1 : 1.554696 [31mkl_synergy_1 : 0.541095 [31mkl_synergy_2 : 0.413843 [31mtotal : 5.584757 [94mAcc_combined: 55.62 [94mAcc_c: 41.60 [94mAcc_g: 45.94 [97mS:[93m28.4%[97m([91m8.1c[97m-[94mF1:20.5%) [97mU1:[93m68.8%[97m([91m16.7c[97m) [97mU2:[93m51.1%[97m([91m12.5c[97m) [97mR:[93m80.5%[97m([91m18.4c[97m) [97mS-L: [92m1:[96m50% [92m2:[96m21% [92m3:[96m33% [92m4:[96m8% [92m5:[96m24% [92m6:[96m36%[39m [34mF1_perclass: 53.1-69.6-49.1-50.8-54.0-70.8-37.5 [39m[39m
2026-01-15 19:39:49,471 - Agent - INFO - Total number of trainable parameters are: 22487018
2026-01-15 19:41:13,847 - Agent - INFO - [37mVal Epoch 29 step 29 with [31mce_loss_combined : 1.448923 [31mce_loss_c : 1.569361 [31mce_loss_g : 1.430050 [31mce_mask0 : 1.463915 [31mce_mask1 : 1.458941 [31mkl_synergy_1 : 0.528643 [31mkl_synergy_2 : 0.414900 [31mtotal : 5.315322 [94mAcc_combined: 59.91 [94mAcc_c: 46.01 [94mAcc_g: 44.53 [97mS:[93m38.3%[97m([91m11.4c[97m-[94mF1:31.6%) [97mU1:[93m71.3%[97m([91m17.0c[97m) [97mU2:[93m44.3%[97m([91m8.8c[97m) [97mR:[93m85.5%[97m([91m22.8c[97m) [97mS-L: [92m1:[96m65% [92m2:[96m24% [92m3:[96m29% [92m4:[96m27% [92m5:[96m25% [92m6:[96m47%[39m [34mF1_perclass: 61.5-77.5-49.7-57.0-60.9-74.7-38.4 [39m[39m
2026-01-15 19:41:13,884 - Agent - INFO - [37mTest Epoch 29 step 29 with [31mce_loss_combined : 1.528698 [31mce_loss_c : 1.575867 [31mce_loss_g : 1.587912 [31mce_mask0 : 1.539651 [31mce_mask1 : 1.539963 [31mkl_synergy_1 : 0.527334 [31mkl_synergy_2 : 0.417195 [31mtotal : 5.552841 [94mAcc_combined: 55.39 [94mAcc_c: 41.60 [94mAcc_g: 47.16 [97mS:[93m28.8%[97m([91m8.2c[97m-[94mF1:19.4%) [97mU1:[93m66.1%[97m([91m16.0c[97m) [97mU2:[93m48.9%[97m([91m11.9c[97m) [97mR:[93m84.4%[97m([91m19.2c[97m) [97mS-L: [92m1:[96m50% [92m2:[96m21% [92m3:[96m19% [92m4:[96m8% [92m5:[96m24% [92m6:[96m41%[39m [34mF1_perclass: 58.0-68.9-47.2-47.2-55.3-70.2-37.6 [39m[39m
2026-01-15 19:41:13,885 - Agent - INFO - Total number of trainable parameters are: 22487018
2026-01-15 19:42:38,400 - Agent - INFO - [37mVal Epoch 30 step 30 with [31mce_loss_combined : 1.456826 [31mce_loss_c : 1.567068 [31mce_loss_g : 1.469002 [31mce_mask0 : 1.470996 [31mce_mask1 : 1.463295 [31mkl_synergy_1 : 0.527680 [31mkl_synergy_2 : 0.415197 [31mtotal : 5.333995 [94mAcc_combined: 60.59 [94mAcc_c: 47.49 [94mAcc_g: 42.71 [97mS:[93m39.8%[97m([91m11.8c[97m-[94mF1:33.8%) [97mU1:[93m72.2%[97m([91m17.2c[97m) [97mU2:[93m46.6%[97m([91m9.2c[97m) [97mR:[93m83.8%[97m([91m22.3c[97m) [97mS-L: [92m1:[96m65% [92m2:[96m30% [92m3:[96m32% [92m4:[96m33% [92m5:[96m30% [92m6:[96m45%[39m [34mF1_perclass: 61.2-77.0-48.8-58.1-60.5-76.6-40.7 [39m[39m
2026-01-15 19:42:38,425 - Agent - INFO - [37mTest Epoch 30 step 30 with [31mce_loss_combined : 1.522184 [31mce_loss_c : 1.572324 [31mce_loss_g : 1.588938 [31mce_mask0 : 1.543860 [31mce_mask1 : 1.530993 [31mkl_synergy_1 : 0.514827 [31mkl_synergy_2 : 0.424666 [31mtotal : 5.536530 [94mAcc_combined: 55.17 [94mAcc_c: 41.27 [94mAcc_g: 46.72 [97mS:[93m27.6%[97m([91m7.9c[97m-[94mF1:19.1%) [97mU1:[93m69.3%[97m([91m16.8c[97m) [97mU2:[93m47.9%[97m([91m11.7c[97m) [97mR:[93m82.4%[97m([91m18.8c[97m) [97mS-L: [92m1:[96m50% [92m2:[96m21% [92m3:[96m22% [92m4:[96m8% [92m5:[96m24% [92m6:[96m37%[39m [34mF1_perclass: 57.1-67.7-50.2-46.6-54.9-69.0-36.9 [39m[39m
2026-01-15 19:42:39,635 - Agent - INFO - Total number of trainable parameters are: 22487018
2026-01-15 19:44:04,097 - Agent - INFO - [37mVal Epoch 31 step 31 with [31mce_loss_combined : 1.457394 [31mce_loss_c : 1.566825 [31mce_loss_g : 1.450513 [31mce_mask0 : 1.466238 [31mce_mask1 : 1.465516 [31mkl_synergy_1 : 0.534961 [31mkl_synergy_2 : 0.411900 [31mtotal : 5.336010 [94mAcc_combined: 60.59 [94mAcc_c: 46.70 [94mAcc_g: 42.94 [97mS:[93m39.1%[97m([91m11.6c[97m-[94mF1:33.4%) [97mU1:[93m71.3%[97m([91m17.0c[97m) [97mU2:[93m46.6%[97m([91m9.2c[97m) [97mR:[93m85.5%[97m([91m22.8c[97m) [97mS-L: [92m0:[96m25% [92m1:[96m65% [92m2:[96m24% [92m3:[96m32% [92m4:[96m33% [92m5:[96m30% [92m6:[96m44%[39m [34mF1_perclass: 61.4-77.5-48.1-57.6-60.8-75.5-39.7 [39m[39m
2026-01-15 19:44:04,122 - Agent - INFO - [37mTest Epoch 31 step 31 with [31mce_loss_combined : 1.542192 [31mce_loss_c : 1.574080 [31mce_loss_g : 1.608671 [31mce_mask0 : 1.557411 [31mce_mask1 : 1.561617 [31mkl_synergy_1 : 0.515725 [31mkl_synergy_2 : 0.428042 [31mtotal : 5.604986 [94mAcc_combined: 55.17 [94mAcc_c: 41.16 [94mAcc_g: 47.16 [97mS:[93m26.8%[97m([91m7.7c[97m-[94mF1:19.0%) [97mU1:[93m66.1%[97m([91m16.0c[97m) [97mU2:[93m50.7%[97m([91m12.3c[97m) [97mR:[93m83.9%[97m([91m19.1c[97m) [97mS-L: [92m1:[96m50% [92m2:[96m21% [92m3:[96m19% [92m4:[96m12% [92m5:[96m24% [92m6:[96m36%[39m [34mF1_perclass: 54.1-67.8-48.5-47.0-57.9-68.7-36.4 [39m[39m
2026-01-15 19:44:04,124 - Agent - INFO - Total number of trainable parameters are: 22487018
2026-01-15 19:45:33,765 - Agent - INFO - [37mVal Epoch 32 step 32 with [31mce_loss_combined : 1.578607 [31mce_loss_c : 1.586357 [31mce_loss_g : 1.580431 [31mce_mask0 : 1.594849 [31mce_mask1 : 1.595160 [31mkl_synergy_1 : 0.471304 [31mkl_synergy_2 : 0.414096 [31mtotal : 5.654015 [94mAcc_combined: 52.73 [94mAcc_c: 43.39 [94mAcc_g: 42.03 [97mS:[93m30.3%[97m([91m9.0c[97m-[94mF1:26.0%) [97mU1:[93m56.9%[97m([91m13.6c[97m) [97mU2:[93m40.8%[97m([91m8.1c[97m) [97mR:[93m82.9%[97m([91m22.1c[97m) [97mS-L: [92m0:[96m25% [92m1:[96m83% [92m2:[96m14% [92m3:[96m26% [92m4:[96m20% [92m5:[96m30% [92m6:[96m29%[39m [34mF1_perclass: 53.0-62.9-42.5-52.7-59.7-62.0-29.9 [39m[39m
2026-01-15 19:45:33,789 - Agent - INFO - [37mTest Epoch 32 step 32 with [31mce_loss_combined : 1.656019 [31mce_loss_c : 1.593246 [31mce_loss_g : 1.933327 [31mce_mask0 : 1.657899 [31mce_mask1 : 1.676378 [31mkl_synergy_1 : 0.496039 [31mkl_synergy_2 : 0.442610 [31mtotal : 5.928945 [94mAcc_combined: 43.60 [94mAcc_c: 39.82 [94mAcc_g: 37.93 [97mS:[93m21.8%[97m([91m6.2c[97m-[94mF1:15.8%) [97mU1:[93m44.0%[97m([91m10.7c[97m) [97mU2:[93m42.0%[97m([91m10.2c[97m) [97mR:[93m72.2%[97m([91m16.5c[97m) [97mS-L: [92m0:[96m8% [92m1:[96m62% [92m2:[96m3% [92m3:[96m22% [92m4:[96m12% [92m5:[96m19% [92m6:[96m29%[39m [34mF1_perclass: 41.1-52.7-34.2-45.7-52.2-51.0-25.2 [39m[39m
2026-01-15 19:45:33,790 - Agent - INFO - Total number of trainable parameters are: 22487018
2026-01-15 19:47:02,470 - Agent - INFO - [37mVal Epoch 33 step 33 with [31mce_loss_combined : 1.550695 [31mce_loss_c : 1.550647 [31mce_loss_g : 1.751274 [31mce_mask0 : 1.562456 [31mce_mask1 : 1.555894 [31mkl_synergy_1 : 0.472001 [31mkl_synergy_2 : 0.372190 [31mtotal : 5.513237 [94mAcc_combined: 52.28 [94mAcc_c: 46.24 [94mAcc_g: 32.23 [97mS:[93m28.4%[97m([91m8.4c[97m-[94mF1:24.4%) [97mU1:[93m62.7%[97m([91m14.9c[97m) [97mU2:[93m40.8%[97m([91m8.1c[97m) [97mR:[93m78.2%[97m([91m20.8c[97m) [97mS-L: [92m0:[96m25% [92m1:[96m13% [92m2:[96m8% [92m3:[96m29% [92m4:[96m47% [92m5:[96m55% [92m6:[96m28%[39m [34mF1_perclass: 62.2-40.4-42.8-56.0-57.1-72.5-27.9 [39m[39m
2026-01-15 19:47:02,496 - Agent - INFO - [37mTest Epoch 33 step 33 with [31mce_loss_combined : 1.558857 [31mce_loss_c : 1.594073 [31mce_loss_g : 1.661905 [31mce_mask0 : 1.564728 [31mce_mask1 : 1.557023 [31mkl_synergy_1 : 0.448466 [31mkl_synergy_2 : 0.363422 [31mtotal : 5.492496 [94mAcc_combined: 52.39 [94mAcc_c: 41.38 [94mAcc_g: 41.16 [97mS:[93m28.8%[97m([91m8.2c[97m-[94mF1:22.3%) [97mU1:[93m67.0%[97m([91m16.2c[97m) [97mU2:[93m39.7%[97m([91m9.7c[97m) [97mR:[93m80.0%[97m([91m18.2c[97m) [97mS-L: [92m1:[96m25% [92m2:[96m11% [92m3:[96m33% [92m4:[96m38% [92m5:[96m43% [92m6:[96m32%[39m [34mF1_perclass: 63.6-57.8-44.6-47.7-55.4-65.7-29.6 [39m[39m
2026-01-15 19:47:02,497 - Agent - INFO - Total number of trainable parameters are: 22487018
2026-01-15 19:48:29,463 - Agent - INFO - [37mVal Epoch 34 step 34 with [31mce_loss_combined : 1.497751 [31mce_loss_c : 1.557517 [31mce_loss_g : 1.560308 [31mce_mask0 : 1.507919 [31mce_mask1 : 1.499320 [31mkl_synergy_1 : 0.446798 [31mkl_synergy_2 : 0.384964 [31mtotal : 5.336751 [94mAcc_combined: 55.81 [94mAcc_c: 44.42 [94mAcc_g: 38.27 [97mS:[93m34.9%[97m([91m10.4c[97m-[94mF1:30.1%) [97mU1:[93m70.8%[97m([91m16.9c[97m) [97mU2:[93m39.1%[97m([91m7.7c[97m) [97mR:[93m78.2%[97m([91m20.8c[97m) [97mS-L: [92m0:[96m25% [92m1:[96m48% [92m2:[96m22% [92m3:[96m19% [92m4:[96m27% [92m5:[96m40% [92m6:[96m42%[39m [34mF1_perclass: 64.7-64.9-51.0-46.3-59.8-73.1-32.6 [39m[39m
2026-01-15 19:48:29,522 - Agent - INFO - [37mTest Epoch 34 step 34 with [31mce_loss_combined : 1.501743 [31mce_loss_c : 1.582634 [31mce_loss_g : 1.512837 [31mce_mask0 : 1.535903 [31mce_mask1 : 1.498052 [31mkl_synergy_1 : 0.428748 [31mkl_synergy_2 : 0.405203 [31mtotal : 5.369649 [94mAcc_combined: 55.51 [94mAcc_c: 40.16 [94mAcc_g: 44.49 [97mS:[93m31.5%[97m([91m9.0c[97m-[94mF1:22.4%) [97mU1:[93m67.9%[97m([91m16.5c[97m) [97mU2:[93m43.8%[97m([91m10.7c[97m) [97mR:[93m84.9%[97m([91m19.4c[97m) [97mS-L: [92m0:[96m8% [92m1:[96m38% [92m2:[96m16% [92m3:[96m19% [92m4:[96m8% [92m5:[96m43% [92m6:[96m45%[39m [34mF1_perclass: 61.9-74.1-41.0-39.2-55.3-69.0-40.7 [39m[39m
2026-01-15 19:48:29,524 - Agent - INFO - Total number of trainable parameters are: 22487018
2026-01-15 19:49:58,983 - Agent - INFO - [37mVal Epoch 35 step 35 with [31mce_loss_combined : 1.519651 [31mce_loss_c : 1.564262 [31mce_loss_g : 1.761886 [31mce_mask0 : 1.532133 [31mce_mask1 : 1.529989 [31mkl_synergy_1 : 0.472220 [31mkl_synergy_2 : 0.409422 [31mtotal : 5.463416 [94mAcc_combined: 55.58 [94mAcc_c: 45.10 [94mAcc_g: 36.22 [97mS:[93m36.4%[97m([91m10.8c[97m-[94mF1:30.2%) [97mU1:[93m61.2%[97m([91m14.6c[97m) [97mU2:[93m40.2%[97m([91m8.0c[97m) [97mR:[93m83.3%[97m([91m22.2c[97m) [97mS-L: [92m0:[96m25% [92m1:[96m61% [92m2:[96m19% [92m3:[96m35% [92m4:[96m37% [92m5:[96m10% [92m6:[96m42%[39m [34mF1_perclass: 62.7-70.5-44.0-48.3-59.9-67.0-35.9 [39m[39m
2026-01-15 19:49:59,009 - Agent - INFO - [37mTest Epoch 35 step 35 with [31mce_loss_combined : 1.580920 [31mce_loss_c : 1.613988 [31mce_loss_g : 1.860475 [31mce_mask0 : 1.581936 [31mce_mask1 : 1.598846 [31mkl_synergy_1 : 0.463665 [31mkl_synergy_2 : 0.393397 [31mtotal : 5.618764 [94mAcc_combined: 53.06 [94mAcc_c: 40.04 [94mAcc_g: 39.15 [97mS:[93m27.2%[97m([91m7.8c[97m-[94mF1:19.9%) [97mU1:[93m67.9%[97m([91m16.5c[97m) [97mU2:[93m43.4%[97m([91m10.6c[97m) [97mR:[93m80.0%[97m([91m18.2c[97m) [97mS-L: [92m0:[96m8% [92m1:[96m50% [92m2:[96m8% [92m3:[96m31% [92m4:[96m17% [92m5:[96m24% [92m6:[96m36%[39m [34mF1_perclass: 59.9-64.7-47.0-44.0-57.0-67.4-32.5 [39m[39m
2026-01-15 19:49:59,011 - Agent - INFO - Total number of trainable parameters are: 22487018
2026-01-15 19:51:23,549 - Agent - INFO - [37mVal Epoch 36 step 36 with [31mce_loss_combined : 1.534703 [31mce_loss_c : 1.627824 [31mce_loss_g : 1.671544 [31mce_mask0 : 1.545678 [31mce_mask1 : 1.553747 [31mkl_synergy_1 : 0.570584 [31mkl_synergy_2 : 0.537763 [31mtotal : 5.742475 [94mAcc_combined: 53.76 [94mAcc_c: 43.28 [94mAcc_g: 42.37 [97mS:[93m28.7%[97m([91m8.5c[97m-[94mF1:25.1%) [97mU1:[93m59.3%[97m([91m14.1c[97m) [97mU2:[93m46.0%[97m([91m9.1c[97m) [97mR:[93m82.5%[97m([91m22.0c[97m) [97mS-L: [92m0:[96m50% [92m1:[96m61% [92m2:[96m11% [92m3:[96m52% [92m4:[96m7% [92m5:[96m25% [92m6:[96m28%[39m [34mF1_perclass: 65.5-61.3-31.2-46.0-59.6-77.4-31.7 [39m[39m
2026-01-15 19:51:23,578 - Agent - INFO - [37mTest Epoch 36 step 36 with [31mce_loss_combined : 1.612675 [31mce_loss_c : 1.626782 [31mce_loss_g : 1.818549 [31mce_mask0 : 1.626997 [31mce_mask1 : 1.629588 [31mkl_synergy_1 : 0.590332 [31mkl_synergy_2 : 0.564198 [31mtotal : 6.023791 [94mAcc_combined: 48.39 [94mAcc_c: 40.71 [94mAcc_g: 42.27 [97mS:[93m26.1%[97m([91m7.5c[97m-[94mF1:18.1%) [97mU1:[93m50.5%[97m([91m12.2c[97m) [97mU2:[93m42.0%[97m([91m10.2c[97m) [97mR:[93m81.0%[97m([91m18.5c[97m) [97mS-L: [92m0:[96m8% [92m1:[96m38% [92m2:[96m5% [92m3:[96m58% [92m4:[96m4% [92m5:[96m29% [92m6:[96m28%[39m [34mF1_perclass: 58.4-52.9-28.1-45.8-50.9-66.7-28.1 [39m[39m
2026-01-15 19:51:23,579 - Agent - INFO - Total number of trainable parameters are: 22487018
2026-01-15 19:52:46,097 - Agent - INFO - [37mVal Epoch 37 step 37 with [31mce_loss_combined : 1.507824 [31mce_loss_c : 1.539612 [31mce_loss_g : 1.611721 [31mce_mask0 : 1.514627 [31mce_mask1 : 1.511880 [31mkl_synergy_1 : 0.474392 [31mkl_synergy_2 : 0.443658 [31mtotal : 5.452382 [94mAcc_combined: 57.40 [94mAcc_c: 48.75 [94mAcc_g: 39.75 [97mS:[93m42.9%[97m([91m12.8c[97m-[94mF1:32.6%) [97mU1:[93m64.1%[97m([91m15.3c[97m) [97mU2:[93m44.3%[97m([91m8.8c[97m) [97mR:[93m77.4%[97m([91m20.6c[97m) [97mS-L: [92m1:[96m70% [92m2:[96m46% [92m3:[96m23% [92m4:[96m33% [92m5:[96m25% [92m6:[96m49%[39m [34mF1_perclass: 46.5-70.8-49.8-49.2-64.0-76.3-40.0 [39m[39m
2026-01-15 19:52:46,126 - Agent - INFO - [37mTest Epoch 37 step 37 with [31mce_loss_combined : 1.586890 [31mce_loss_c : 1.559179 [31mce_loss_g : 1.796844 [31mce_mask0 : 1.622025 [31mce_mask1 : 1.591271 [31mkl_synergy_1 : 0.562923 [31mkl_synergy_2 : 0.557342 [31mtotal : 5.920451 [94mAcc_combined: 47.61 [94mAcc_c: 44.38 [94mAcc_g: 41.82 [97mS:[93m27.6%[97m([91m7.9c[97m-[94mF1:18.0%) [97mU1:[93m55.0%[97m([91m13.3c[97m) [97mU2:[93m40.2%[97m([91m9.8c[97m) [97mR:[93m72.7%[97m([91m16.6c[97m) [97mS-L: [92m1:[96m62% [92m2:[96m21% [92m3:[96m14% [92m4:[96m8% [92m5:[96m19% [92m6:[96m40%[39m [34mF1_perclass: 25.9-58.1-42.6-38.3-57.8-68.4-32.7 [39m[39m
2026-01-15 19:52:47,176 - Agent - INFO - [37mModel saved successfully at: /esat/smcdata/users/kkontras/Image_Dataset/no_backup/data/2025_data/synergy/CremadPlus/v2/SynIB_RMask_fold0_l1_vldsyn_accuracy_fillema_lsparse0.1_lr0.0001_wd0.0001_clsmlp_bs64.pth.tar[39m
2026-01-15 19:52:47,184 - Agent - INFO - Total number of trainable parameters are: 22487018
2026-01-15 19:54:11,185 - Agent - INFO - [37mVal Epoch 38 step 38 with [31mce_loss_combined : 1.516201 [31mce_loss_c : 1.585551 [31mce_loss_g : 1.525961 [31mce_mask0 : 1.532310 [31mce_mask1 : 1.529752 [31mkl_synergy_1 : 0.543333 [31mkl_synergy_2 : 0.477470 [31mtotal : 5.599065 [94mAcc_combined: 53.53 [94mAcc_c: 46.58 [94mAcc_g: 45.90 [97mS:[93m31.8%[97m([91m9.5c[97m-[94mF1:26.2%) [97mU1:[93m53.1%[97m([91m12.6c[97m) [97mU2:[93m50.0%[97m([91m9.9c[97m) [97mR:[93m80.8%[97m([91m21.5c[97m) [97mS-L: [92m1:[96m61% [92m2:[96m14% [92m3:[96m48% [92m4:[96m17% [92m5:[96m20% [92m6:[96m34%[39m [34mF1_perclass: 57.7-68.2-33.0-47.5-56.0-74.3-35.4 [39m[39m
2026-01-15 19:54:11,213 - Agent - INFO - [37mTest Epoch 38 step 38 with [31mce_loss_combined : 1.558813 [31mce_loss_c : 1.569186 [31mce_loss_g : 1.650965 [31mce_mask0 : 1.551983 [31mce_mask1 : 1.578584 [31mkl_synergy_1 : 0.602218 [31mkl_synergy_2 : 0.541171 [31mtotal : 5.832768 [94mAcc_combined: 47.50 [94mAcc_c: 43.16 [94mAcc_g: 46.16 [97mS:[93m26.8%[97m([91m7.7c[97m-[94mF1:18.8%) [97mU1:[93m45.9%[97m([91m11.1c[97m) [97mU2:[93m48.4%[97m([91m11.8c[97m) [97mR:[93m74.1%[97m([91m16.9c[97m) [97mS-L: [92m1:[96m62% [92m2:[96m11% [92m3:[96m64% [92m4:[96m8% [92m5:[96m14% [92m6:[96m27%[39m [34mF1_perclass: 38.1-65.0-33.1-45.2-48.7-61.3-29.5 [39m[39m
2026-01-15 19:54:11,214 - Agent - INFO - Total number of trainable parameters are: 22487018
2026-01-15 19:55:36,602 - Agent - INFO - [37mVal Epoch 39 step 39 with [31mce_loss_combined : 1.506909 [31mce_loss_c : 1.560047 [31mce_loss_g : 1.484686 [31mce_mask0 : 1.518563 [31mce_mask1 : 1.523026 [31mkl_synergy_1 : 0.476201 [31mkl_synergy_2 : 0.411523 [31mtotal : 5.436222 [94mAcc_combined: 56.38 [94mAcc_c: 46.01 [94mAcc_g: 44.31 [97mS:[93m41.0%[97m([91m12.2c[97m-[94mF1:30.8%) [97mU1:[93m68.4%[97m([91m16.3c[97m) [97mU2:[93m33.3%[97m([91m6.6c[97m) [97mR:[93m79.9%[97m([91m21.3c[97m) [97mS-L: [92m1:[96m57% [92m2:[96m27% [92m3:[96m10% [92m4:[96m10% [92m5:[96m55% [92m6:[96m58%[39m [34mF1_perclass: 67.4-73.2-52.3-22.2-59.7-69.5-39.3 [39m[39m
2026-01-15 19:55:36,632 - Agent - INFO - [37mTest Epoch 39 step 39 with [31mce_loss_combined : 1.602274 [31mce_loss_c : 1.583711 [31mce_loss_g : 1.771989 [31mce_mask0 : 1.605411 [31mce_mask1 : 1.602673 [31mkl_synergy_1 : 0.473875 [31mkl_synergy_2 : 0.438222 [31mtotal : 5.722454 [94mAcc_combined: 48.39 [94mAcc_c: 42.60 [94mAcc_g: 43.94 [97mS:[93m35.0%[97m([91m10.0c[97m-[94mF1:18.6%) [97mU1:[93m51.8%[97m([91m12.6c[97m) [97mU2:[93m35.2%[97m([91m8.6c[97m) [97mR:[93m75.6%[97m([91m17.2c[97m) [97mS-L: [92m1:[96m62% [92m2:[96m21% [92m5:[96m43% [92m6:[96m58%[39m [34mF1_perclass: 61.9-65.6-38.0-17.5-40.5-60.9-36.2 [39m[39m
2026-01-15 19:55:36,633 - Agent - INFO - Total number of trainable parameters are: 22487018
2026-01-15 19:57:05,847 - Agent - INFO - [37mVal Epoch 40 step 40 with [31mce_loss_combined : 1.493970 [31mce_loss_c : 1.556542 [31mce_loss_g : 1.634349 [31mce_mask0 : 1.503921 [31mce_mask1 : 1.503147 [31mkl_synergy_1 : 0.468167 [31mkl_synergy_2 : 0.379785 [31mtotal : 5.348990 [94mAcc_combined: 57.40 [94mAcc_c: 46.01 [94mAcc_g: 37.47 [97mS:[93m34.9%[97m([91m10.4c[97m-[94mF1:29.3%) [97mU1:[93m73.7%[97m([91m17.5c[97m) [97mU2:[93m39.7%[97m([91m7.9c[97m) [97mR:[93m81.2%[97m([91m21.6c[97m) [97mS-L: [92m0:[96m50% [92m1:[96m48% [92m2:[96m27% [92m3:[96m29% [92m4:[96m13% [92m5:[96m20% [92m6:[96m44%[39m [34mF1_perclass: 62.7-70.8-50.9-55.8-54.1-75.1-35.9 [39m[39m
2026-01-15 19:57:05,874 - Agent - INFO - [37mTest Epoch 40 step 40 with [31mce_loss_combined : 1.445610 [31mce_loss_c : 1.541557 [31mce_loss_g : 1.599338 [31mce_mask0 : 1.443652 [31mce_mask1 : 1.430677 [31mkl_synergy_1 : 0.432102 [31mkl_synergy_2 : 0.351477 [31mtotal : 5.103518 [94mAcc_combined: 57.62 [94mAcc_c: 43.05 [94mAcc_g: 41.16 [97mS:[93m29.2%[97m([91m8.3c[97m-[94mF1:18.7%) [97mU1:[93m71.6%[97m([91m17.4c[97m) [97mU2:[93m52.1%[97m([91m12.7c[97m) [97mR:[93m84.4%[97m([91m19.2c[97m) [97mS-L: [92m0:[96m8% [92m1:[96m38% [92m2:[96m26% [92m3:[96m19% [92m5:[96m19% [92m6:[96m42%[39m [34mF1_perclass: 66.7-78.4-51.3-46.7-46.8-67.2-39.7 [39m[39m
2026-01-15 19:57:06,945 - Agent - INFO - Total number of trainable parameters are: 22487018
2026-01-15 19:58:33,861 - Agent - INFO - [37mVal Epoch 41 step 41 with [31mce_loss_combined : 1.493828 [31mce_loss_c : 1.580893 [31mce_loss_g : 1.509065 [31mce_mask0 : 1.506623 [31mce_mask1 : 1.494928 [31mkl_synergy_1 : 0.465089 [31mkl_synergy_2 : 0.418863 [31mtotal : 5.379331 [94mAcc_combined: 57.74 [94mAcc_c: 47.27 [94mAcc_g: 39.29 [97mS:[93m39.1%[97m([91m11.6c[97m-[94mF1:29.1%) [97mU1:[93m69.9%[97m([91m16.6c[97m) [97mU2:[93m36.2%[97m([91m7.2c[97m) [97mR:[93m83.8%[97m([91m22.3c[97m) [97mS-L: [92m0:[96m50% [92m1:[96m30% [92m2:[96m16% [92m3:[96m19% [92m4:[96m23% [92m5:[96m20% [92m6:[96m60%[39m [34mF1_perclass: 66.4-63.4-52.9-52.4-60.9-74.3-40.4 [39m[39m
2026-01-15 19:58:33,940 - Agent - INFO - [37mTest Epoch 41 step 41 with [31mce_loss_combined : 1.504172 [31mce_loss_c : 1.576151 [31mce_loss_g : 1.522193 [31mce_mask0 : 1.530245 [31mce_mask1 : 1.504289 [31mkl_synergy_1 : 0.447301 [31mkl_synergy_2 : 0.405205 [31mtotal : 5.391212 [94mAcc_combined: 55.84 [94mAcc_c: 41.94 [94mAcc_g: 43.38 [97mS:[93m32.7%[97m([91m9.3c[97m-[94mF1:21.3%) [97mU1:[93m71.6%[97m([91m17.4c[97m) [97mU2:[93m42.0%[97m([91m10.2c[97m) [97mR:[93m82.9%[97m([91m18.9c[97m) [97mS-L: [92m0:[96m17% [92m1:[96m38% [92m2:[96m18% [92m3:[96m11% [92m4:[96m8% [92m5:[96m24% [92m6:[96m52%[39m [34mF1_perclass: 65.7-70.7-49.7-39.8-55.2-68.7-39.9 [39m[39m
2026-01-15 19:58:33,941 - Agent - INFO - Total number of trainable parameters are: 22487018
2026-01-15 19:59:54,807 - Agent - INFO - [37mVal Epoch 42 step 42 with [31mce_loss_combined : 1.461396 [31mce_loss_c : 1.591171 [31mce_loss_g : 1.426464 [31mce_mask0 : 1.476696 [31mce_mask1 : 1.466407 [31mkl_synergy_1 : 0.526479 [31mkl_synergy_2 : 0.422949 [31mtotal : 5.353927 [94mAcc_combined: 59.11 [94mAcc_c: 48.06 [94mAcc_g: 45.67 [97mS:[93m34.1%[97m([91m10.1c[97m-[94mF1:30.6%) [97mU1:[93m76.1%[97m([91m18.1c[97m) [97mU2:[93m41.4%[97m([91m8.2c[97m) [97mR:[93m85.0%[97m([91m22.7c[97m) [97mS-L: [92m1:[96m52% [92m2:[96m19% [92m3:[96m26% [92m4:[96m37% [92m5:[96m35% [92m6:[96m38%[39m [34mF1_perclass: 61.7-70.6-50.3-57.8-60.9-71.8-37.5 [39m[39m
2026-01-15 19:59:54,882 - Agent - INFO - [37mTest Epoch 42 step 42 with [31mce_loss_combined : 1.543210 [31mce_loss_c : 1.589965 [31mce_loss_g : 1.565725 [31mce_mask0 : 1.574379 [31mce_mask1 : 1.570576 [31mkl_synergy_1 : 0.521899 [31mkl_synergy_2 : 0.416878 [31mtotal : 5.626942 [94mAcc_combined: 53.62 [94mAcc_c: 43.27 [94mAcc_g: 44.83 [97mS:[93m24.1%[97m([91m6.9c[97m-[94mF1:18.8%) [97mU1:[93m72.0%[97m([91m17.5c[97m) [97mU2:[93m41.1%[97m([91m10.0c[97m) [97mR:[93m84.4%[97m([91m19.2c[97m) [97mS-L: [92m0:[96m8% [92m1:[96m25% [92m2:[96m18% [92m3:[96m17% [92m4:[96m21% [92m5:[96m33% [92m6:[96m29%[39m [34mF1_perclass: 63.1-60.1-52.1-44.1-53.7-65.5-30.6 [39m[39m
2026-01-15 19:59:54,883 - Agent - INFO - Total number of trainable parameters are: 22487018
2026-01-15 20:01:24,850 - Agent - INFO - [37mVal Epoch 43 step 43 with [31mce_loss_combined : 1.476274 [31mce_loss_c : 1.572499 [31mce_loss_g : 1.596036 [31mce_mask0 : 1.501225 [31mce_mask1 : 1.487021 [31mkl_synergy_1 : 0.417899 [31mkl_synergy_2 : 0.377263 [31mtotal : 5.259683 [94mAcc_combined: 59.34 [94mAcc_c: 48.97 [94mAcc_g: 39.75 [97mS:[93m42.1%[97m([91m12.5c[97m-[94mF1:34.2%) [97mU1:[93m67.0%[97m([91m15.9c[97m) [97mU2:[93m43.7%[97m([91m8.7c[97m) [97mR:[93m83.3%[97m([91m22.2c[97m) [97mS-L: [92m0:[96m25% [92m1:[96m65% [92m2:[96m24% [92m3:[96m26% [92m4:[96m27% [92m5:[96m35% [92m6:[96m53%[39m [34mF1_perclass: 60.9-72.6-51.5-49.1-63.8-76.4-42.1 [39m[39m
2026-01-15 20:01:24,879 - Agent - INFO - [37mTest Epoch 43 step 43 with [31mce_loss_combined : 1.586976 [31mce_loss_c : 1.574004 [31mce_loss_g : 1.754356 [31mce_mask0 : 1.590665 [31mce_mask1 : 1.585482 [31mkl_synergy_1 : 0.478215 [31mkl_synergy_2 : 0.421953 [31mtotal : 5.663291 [94mAcc_combined: 49.61 [94mAcc_c: 42.60 [94mAcc_g: 44.72 [97mS:[93m31.5%[97m([91m9.0c[97m-[94mF1:20.4%) [97mU1:[93m55.0%[97m([91m13.3c[97m) [97mU2:[93m41.6%[97m([91m10.1c[97m) [97mR:[93m75.1%[97m([91m17.1c[97m) [97mS-L: [92m1:[96m62% [92m2:[96m21% [92m3:[96m19% [92m4:[96m8% [92m5:[96m24% [92m6:[96m46%[39m [34mF1_perclass: 36.8-66.1-45.4-42.1-56.1-58.3-36.5 [39m[39m
2026-01-15 20:01:24,880 - Agent - INFO - Total number of trainable parameters are: 22487018
2026-01-15 20:02:51,281 - Agent - INFO - [37mVal Epoch 44 step 44 with [31mce_loss_combined : 1.482291 [31mce_loss_c : 1.567087 [31mce_loss_g : 1.448037 [31mce_mask0 : 1.492536 [31mce_mask1 : 1.491283 [31mkl_synergy_1 : 0.492790 [31mkl_synergy_2 : 0.435331 [31mtotal : 5.394229 [94mAcc_combined: 58.31 [94mAcc_c: 47.84 [94mAcc_g: 45.33 [97mS:[93m37.2%[97m([91m11.0c[97m-[94mF1:30.9%) [97mU1:[93m67.5%[97m([91m16.1c[97m) [97mU2:[93m43.1%[97m([91m8.5c[97m) [97mR:[93m85.0%[97m([91m22.7c[97m) [97mS-L: [92m1:[96m70% [92m2:[96m19% [92m3:[96m29% [92m4:[96m33% [92m5:[96m40% [92m6:[96m41%[39m [34mF1_perclass: 59.1-65.3-51.6-54.0-61.2-77.1-38.1 [39m[39m
2026-01-15 20:02:51,306 - Agent - INFO - [37mTest Epoch 44 step 44 with [31mce_loss_combined : 1.629437 [31mce_loss_c : 1.571393 [31mce_loss_g : 1.814249 [31mce_mask0 : 1.628556 [31mce_mask1 : 1.663276 [31mkl_synergy_1 : 0.498434 [31mkl_synergy_2 : 0.448072 [31mtotal : 5.867774 [94mAcc_combined: 48.16 [94mAcc_c: 42.38 [94mAcc_g: 41.82 [97mS:[93m24.9%[97m([91m7.1c[97m-[94mF1:17.0%) [97mU1:[93m50.5%[97m([91m12.2c[97m) [97mU2:[93m44.7%[97m([91m10.9c[97m) [97mR:[93m78.5%[97m([91m17.9c[97m) [97mS-L: [92m1:[96m38% [92m2:[96m13% [92m3:[96m17% [92m4:[96m8% [92m5:[96m29% [92m6:[96m36%[39m [34mF1_perclass: 38.7-54.9-43.9-41.1-55.0-64.5-32.9 [39m[39m
2026-01-15 20:02:51,308 - Agent - INFO - Total number of trainable parameters are: 22487018
2026-01-15 20:04:23,080 - Agent - INFO - [37mVal Epoch 45 step 45 with [31mce_loss_combined : 1.477364 [31mce_loss_c : 1.593767 [31mce_loss_g : 1.518717 [31mce_mask0 : 1.486434 [31mce_mask1 : 1.476484 [31mkl_synergy_1 : 0.484893 [31mkl_synergy_2 : 0.403287 [31mtotal : 5.328462 [94mAcc_combined: 58.54 [94mAcc_c: 49.09 [94mAcc_g: 41.57 [97mS:[93m38.3%[97m([91m11.4c[97m-[94mF1:30.6%) [97mU1:[93m66.0%[97m([91m15.7c[97m) [97mU2:[93m44.3%[97m([91m8.8c[97m) [97mR:[93m85.0%[97m([91m22.7c[97m) [97mS-L: [92m1:[96m48% [92m2:[96m22% [92m3:[96m32% [92m4:[96m30% [92m5:[96m25% [92m6:[96m49%[39m [34mF1_perclass: 62.2-69.8-50.0-54.8-57.8-76.4-40.7 [39m[39m
2026-01-15 20:04:23,108 - Agent - INFO - [37mTest Epoch 45 step 45 with [31mce_loss_combined : 1.538325 [31mce_loss_c : 1.611664 [31mce_loss_g : 1.569858 [31mce_mask0 : 1.558323 [31mce_mask1 : 1.557358 [31mkl_synergy_1 : 0.483542 [31mkl_synergy_2 : 0.410269 [31mtotal : 5.547817 [94mAcc_combined: 53.06 [94mAcc_c: 44.38 [94mAcc_g: 44.72 [97mS:[93m29.2%[97m([91m8.3c[97m-[94mF1:20.4%) [97mU1:[93m65.1%[97m([91m15.8c[97m) [97mU2:[93m44.7%[97m([91m10.9c[97m) [97mR:[93m79.0%[97m([91m18.0c[97m) [97mS-L: [92m1:[96m50% [92m2:[96m16% [92m3:[96m25% [92m4:[96m8% [92m5:[96m29% [92m6:[96m41%[39m [34mF1_perclass: 53.1-69.8-44.9-45.0-51.7-65.3-38.0 [39m[39m
2026-01-15 20:04:23,110 - Agent - INFO - Total number of trainable parameters are: 22487018
2026-01-15 20:05:52,224 - Agent - INFO - [37mVal Epoch 46 step 46 with [31mce_loss_combined : 1.521051 [31mce_loss_c : 1.587832 [31mce_loss_g : 1.488697 [31mce_mask0 : 1.531012 [31mce_mask1 : 1.537497 [31mkl_synergy_1 : 0.469624 [31mkl_synergy_2 : 0.431502 [31mtotal : 5.490685 [94mAcc_combined: 56.15 [94mAcc_c: 46.24 [94mAcc_g: 43.85 [97mS:[93m44.4%[97m([91m13.2c[97m-[94mF1:34.1%) [97mU1:[93m56.5%[97m([91m13.4c[97m) [97mU2:[93m42.0%[97m([91m8.3c[97m) [97mR:[93m79.5%[97m([91m21.2c[97m) [97mS-L: [92m1:[96m83% [92m2:[96m27% [92m3:[96m42% [92m4:[96m33% [92m5:[96m20% [92m6:[96m52%[39m [34mF1_perclass: 55.7-70.2-50.3-46.7-62.2-68.7-40.8 [39m[39m
2026-01-15 20:05:52,305 - Agent - INFO - [37mTest Epoch 46 step 46 with [31mce_loss_combined : 1.639351 [31mce_loss_c : 1.624953 [31mce_loss_g : 1.830891 [31mce_mask0 : 1.655018 [31mce_mask1 : 1.645985 [31mkl_synergy_1 : 0.534529 [31mkl_synergy_2 : 0.456972 [31mtotal : 5.931855 [94mAcc_combined: 45.83 [94mAcc_c: 40.93 [94mAcc_g: 41.38 [97mS:[93m29.2%[97m([91m8.3c[97m-[94mF1:18.5%) [97mU1:[93m44.0%[97m([91m10.7c[97m) [97mU2:[93m44.3%[97m([91m10.8c[97m) [97mR:[93m70.2%[97m([91m16.0c[97m) [97mS-L: [92m1:[96m62% [92m2:[96m11% [92m3:[96m25% [92m4:[96m8% [92m5:[96m19% [92m6:[96m43%[39m [34mF1_perclass: 31.1-57.9-45.1-38.8-51.1-58.0-34.7 [39m[39m
2026-01-15 20:05:53,328 - Agent - INFO - [37mModel saved successfully at: /esat/smcdata/users/kkontras/Image_Dataset/no_backup/data/2025_data/synergy/CremadPlus/v2/SynIB_RMask_fold0_l1_vldsyn_accuracy_fillema_lsparse0.1_lr0.0001_wd0.0001_clsmlp_bs64.pth.tar[39m
2026-01-15 20:05:53,332 - Agent - INFO - Total number of trainable parameters are: 22487018
2026-01-15 20:07:21,273 - Agent - INFO - [37mVal Epoch 47 step 47 with [31mce_loss_combined : 1.489513 [31mce_loss_c : 1.597306 [31mce_loss_g : 1.511280 [31mce_mask0 : 1.503301 [31mce_mask1 : 1.498260 [31mkl_synergy_1 : 0.446509 [31mkl_synergy_2 : 0.387416 [31mtotal : 5.325000 [94mAcc_combined: 61.28 [94mAcc_c: 49.77 [94mAcc_g: 41.34 [97mS:[93m44.8%[97m([91m13.3c[97m-[94mF1:36.4%) [97mU1:[93m67.9%[97m([91m16.2c[97m) [97mU2:[93m47.1%[97m([91m9.3c[97m) [97mR:[93m84.2%[97m([91m22.4c[97m) [97mS-L: [92m0:[96m50% [92m1:[96m57% [92m2:[96m38% [92m3:[96m29% [92m4:[96m17% [92m5:[96m30% [92m6:[96m59%[39m [34mF1_perclass: 65.3-76.1-54.1-53.6-62.0-76.1-46.0 [39m[39m
2026-01-15 20:07:21,299 - Agent - INFO - [37mTest Epoch 47 step 47 with [31mce_loss_combined : 1.550849 [31mce_loss_c : 1.608280 [31mce_loss_g : 1.574686 [31mce_mask0 : 1.547956 [31mce_mask1 : 1.568342 [31mkl_synergy_1 : 0.469931 [31mkl_synergy_2 : 0.390104 [31mtotal : 5.527182 [94mAcc_combined: 52.95 [94mAcc_c: 43.27 [94mAcc_g: 44.49 [97mS:[93m33.9%[97m([91m9.7c[97m-[94mF1:21.3%) [97mU1:[93m63.8%[97m([91m15.5c[97m) [97mU2:[93m42.9%[97m([91m10.5c[97m) [97mR:[93m76.1%[97m([91m17.4c[97m) [97mS-L: [92m1:[96m50% [92m2:[96m26% [92m3:[96m19% [92m4:[96m4% [92m5:[96m24% [92m6:[96m51%[39m [34mF1_perclass: 52.8-67.3-50.2-43.6-54.5-64.4-39.9 [39m[39m
2026-01-15 20:07:22,340 - Agent - INFO - [37mModel saved successfully at: /esat/smcdata/users/kkontras/Image_Dataset/no_backup/data/2025_data/synergy/CremadPlus/v2/SynIB_RMask_fold0_l1_vldsyn_accuracy_fillema_lsparse0.1_lr0.0001_wd0.0001_clsmlp_bs64.pth.tar[39m
2026-01-15 20:07:22,346 - Agent - INFO - Total number of trainable parameters are: 22487018
2026-01-15 20:08:53,057 - Agent - INFO - [37mVal Epoch 48 step 48 with [31mce_loss_combined : 1.485118 [31mce_loss_c : 1.591300 [31mce_loss_g : 1.559001 [31mce_mask0 : 1.496276 [31mce_mask1 : 1.485676 [31mkl_synergy_1 : 0.446102 [31mkl_synergy_2 : 0.397539 [31mtotal : 5.310711 [94mAcc_combined: 58.66 [94mAcc_c: 47.84 [94mAcc_g: 40.21 [97mS:[93m43.7%[97m([91m13.0c[97m-[94mF1:32.8%) [97mU1:[93m64.6%[97m([91m15.4c[97m) [97mU2:[93m43.1%[97m([91m8.5c[97m) [97mR:[93m81.6%[97m([91m21.8c[97m) [97mS-L: [92m1:[96m52% [92m2:[96m24% [92m3:[96m23% [92m4:[96m40% [92m5:[96m25% [92m6:[96m59%[39m [34mF1_perclass: 52.5-72.9-49.8-52.4-62.5-76.4-44.2 [39m[39m
2026-01-15 20:08:53,136 - Agent - INFO - [37mTest Epoch 48 step 48 with [31mce_loss_combined : 1.566184 [31mce_loss_c : 1.632845 [31mce_loss_g : 1.641685 [31mce_mask0 : 1.595424 [31mce_mask1 : 1.593822 [31mkl_synergy_1 : 0.452332 [31mkl_synergy_2 : 0.385555 [31mtotal : 5.593317 [94mAcc_combined: 49.50 [94mAcc_c: 41.27 [94mAcc_g: 44.49 [97mS:[93m29.6%[97m([91m8.5c[97m-[94mF1:19.4%) [97mU1:[93m58.3%[97m([91m14.1c[97m) [97mU2:[93m38.4%[97m([91m9.3c[97m) [97mR:[93m77.1%[97m([91m17.6c[97m) [97mS-L: [92m1:[96m38% [92m2:[96m21% [92m3:[96m11% [92m4:[96m21% [92m5:[96m24% [92m6:[96m43%[39m [34mF1_perclass: 29.1-62.5-48.8-39.6-58.1-65.8-34.5 [39m[39m
2026-01-15 20:08:53,138 - Agent - INFO - Total number of trainable parameters are: 22487018
2026-01-15 20:10:14,668 - Agent - INFO - [37mVal Epoch 49 step 49 with [31mce_loss_combined : 1.479874 [31mce_loss_c : 1.619093 [31mce_loss_g : 1.475584 [31mce_mask0 : 1.493088 [31mce_mask1 : 1.491811 [31mkl_synergy_1 : 0.506749 [31mkl_synergy_2 : 0.400255 [31mtotal : 5.371776 [94mAcc_combined: 58.77 [94mAcc_c: 46.70 [94mAcc_g: 41.00 [97mS:[93m36.8%[97m([91m10.9c[97m-[94mF1:32.0%) [97mU1:[93m71.8%[97m([91m17.1c[97m) [97mU2:[93m44.3%[97m([91m8.8c[97m) [97mR:[93m82.5%[97m([91m22.0c[97m) [97mS-L: [92m0:[96m25% [92m1:[96m48% [92m2:[96m27% [92m3:[96m32% [92m4:[96m30% [92m5:[96m20% [92m6:[96m44%[39m [34mF1_perclass: 64.1-68.8-50.7-56.8-57.8-75.6-40.3 [39m[39m
2026-01-15 20:10:14,696 - Agent - INFO - [37mTest Epoch 49 step 49 with [31mce_loss_combined : 1.517860 [31mce_loss_c : 1.639577 [31mce_loss_g : 1.507095 [31mce_mask0 : 1.517532 [31mce_mask1 : 1.508989 [31mkl_synergy_1 : 0.476676 [31mkl_synergy_2 : 0.411141 [31mtotal : 5.432199 [94mAcc_combined: 54.17 [94mAcc_c: 41.82 [94mAcc_g: 45.16 [97mS:[93m28.0%[97m([91m8.0c[97m-[94mF1:18.4%) [97mU1:[93m71.1%[97m([91m17.2c[97m) [97mU2:[93m41.6%[97m([91m10.1c[97m) [97mR:[93m82.4%[97m([91m18.8c[97m) [97mS-L: [92m1:[96m12% [92m2:[96m29% [92m3:[96m17% [92m4:[96m17% [92m5:[96m19% [92m6:[96m39%[39m [34mF1_perclass: 64.0-63.9-51.1-44.4-57.0-66.2-36.1 [39m[39m
2026-01-15 20:10:14,698 - Agent - INFO - Total number of trainable parameters are: 22487018
2026-01-15 20:11:44,016 - Agent - INFO - [37mVal Epoch 50 step 50 with [31mce_loss_combined : 1.437488 [31mce_loss_c : 1.596636 [31mce_loss_g : 1.433094 [31mce_mask0 : 1.433613 [31mce_mask1 : 1.455231 [31mkl_synergy_1 : 0.459913 [31mkl_synergy_2 : 0.414971 [31mtotal : 5.201215 [94mAcc_combined: 60.48 [94mAcc_c: 48.06 [94mAcc_g: 44.99 [97mS:[93m43.7%[97m([91m13.0c[97m-[94mF1:34.1%) [97mU1:[93m71.8%[97m([91m17.1c[97m) [97mU2:[93m44.3%[97m([91m8.8c[97m) [97mR:[93m81.2%[97m([91m21.6c[97m) [97mS-L: [92m1:[96m70% [92m2:[96m27% [92m3:[96m19% [92m4:[96m23% [92m5:[96m35% [92m6:[96m59%[39m [34mF1_perclass: 60.4-77.8-52.5-47.3-62.5-78.3-42.9 [39m[39m
2026-01-15 20:11:44,043 - Agent - INFO - [37mTest Epoch 50 step 50 with [31mce_loss_combined : 1.548972 [31mce_loss_c : 1.622257 [31mce_loss_g : 1.563156 [31mce_mask0 : 1.570483 [31mce_mask1 : 1.573622 [31mkl_synergy_1 : 0.453365 [31mkl_synergy_2 : 0.444893 [31mtotal : 5.591335 [94mAcc_combined: 52.28 [94mAcc_c: 43.38 [94mAcc_g: 45.05 [97mS:[93m28.8%[97m([91m8.2c[97m-[94mF1:19.7%) [97mU1:[93m60.1%[97m([91m14.6c[97m) [97mU2:[93m46.1%[97m([91m11.2c[97m) [97mR:[93m80.0%[97m([91m18.2c[97m) [97mS-L: [92m1:[96m50% [92m2:[96m26% [92m3:[96m17% [92m4:[96m8% [92m5:[96m33% [92m6:[96m38%[39m [34mF1_perclass: 44.3-68.9-47.5-45.9-54.7-65.3-32.5 [39m[39m
2026-01-15 20:11:45,191 - Agent - INFO - Total number of trainable parameters are: 22487018
2026-01-15 20:13:14,899 - Agent - INFO - [37mVal Epoch 51 step 51 with [31mce_loss_combined : 1.472786 [31mce_loss_c : 1.623460 [31mce_loss_g : 1.452588 [31mce_mask0 : 1.486111 [31mce_mask1 : 1.472993 [31mkl_synergy_1 : 0.485885 [31mkl_synergy_2 : 0.398326 [31mtotal : 5.316101 [94mAcc_combined: 60.02 [94mAcc_c: 46.70 [94mAcc_g: 44.08 [97mS:[93m41.8%[97m([91m12.4c[97m-[94mF1:34.7%) [97mU1:[93m76.1%[97m([91m18.1c[97m) [97mU2:[93m37.9%[97m([91m7.5c[97m) [97mR:[93m82.5%[97m([91m22.0c[97m) [97mS-L: [92m0:[96m25% [92m1:[96m48% [92m2:[96m24% [92m3:[96m26% [92m4:[96m37% [92m5:[96m35% [92m6:[96m53%[39m [34mF1_perclass: 65.4-69.5-52.6-54.9-60.1-77.9-42.8 [39m[39m
2026-01-15 20:13:14,926 - Agent - INFO - [37mTest Epoch 51 step 51 with [31mce_loss_combined : 1.535334 [31mce_loss_c : 1.648205 [31mce_loss_g : 1.542976 [31mce_mask0 : 1.542660 [31mce_mask1 : 1.547791 [31mkl_synergy_1 : 0.435786 [31mkl_synergy_2 : 0.389267 [31mtotal : 5.450837 [94mAcc_combined: 52.50 [94mAcc_c: 40.49 [94mAcc_g: 44.38 [97mS:[93m28.8%[97m([91m8.2c[97m-[94mF1:19.6%) [97mU1:[93m64.2%[97m([91m15.6c[97m) [97mU2:[93m40.2%[97m([91m9.8c[97m) [97mR:[93m82.9%[97m([91m18.9c[97m) [97mS-L: [92m1:[96m25% [92m2:[96m26% [92m3:[96m17% [92m4:[96m8% [92m5:[96m38% [92m6:[96m39%[39m [34mF1_perclass: 58.1-68.3-48.1-41.5-49.4-65.6-35.2 [39m[39m
2026-01-15 20:13:14,927 - Agent - INFO - Total number of trainable parameters are: 22487018
2026-01-15 20:14:39,337 - Agent - INFO - [37mVal Epoch 52 step 52 with [31mce_loss_combined : 1.533303 [31mce_loss_c : 1.619707 [31mce_loss_g : 1.569731 [31mce_mask0 : 1.537645 [31mce_mask1 : 1.546500 [31mkl_synergy_1 : 0.479550 [31mkl_synergy_2 : 0.377155 [31mtotal : 5.474152 [94mAcc_combined: 57.06 [94mAcc_c: 48.97 [94mAcc_g: 36.67 [97mS:[93m39.1%[97m([91m11.6c[97m-[94mF1:32.3%) [97mU1:[93m66.0%[97m([91m15.7c[97m) [97mU2:[93m39.7%[97m([91m7.9c[97m) [97mR:[93m82.1%[97m([91m21.9c[97m) [97mS-L: [92m1:[96m39% [92m2:[96m30% [92m3:[96m35% [92m4:[96m27% [92m5:[96m30% [92m6:[96m49%[39m [34mF1_perclass: 62.3-67.2-51.3-51.0-55.0-76.2-41.0 [39m[39m
2026-01-15 20:14:39,369 - Agent - INFO - [37mTest Epoch 52 step 52 with [31mce_loss_combined : 1.584967 [31mce_loss_c : 1.610524 [31mce_loss_g : 1.627345 [31mce_mask0 : 1.594970 [31mce_mask1 : 1.591781 [31mkl_synergy_1 : 0.456166 [31mkl_synergy_2 : 0.376133 [31mtotal : 5.604016 [94mAcc_combined: 50.83 [94mAcc_c: 43.49 [94mAcc_g: 41.71 [97mS:[93m28.4%[97m([91m8.1c[97m-[94mF1:19.1%) [97mU1:[93m57.8%[97m([91m14.0c[97m) [97mU2:[93m43.8%[97m([91m10.7c[97m) [97mR:[93m79.0%[97m([91m18.0c[97m) [97mS-L: [92m1:[96m50% [92m2:[96m21% [92m3:[96m25% [92m4:[96m4% [92m5:[96m24% [92m6:[96m39%[39m [34mF1_perclass: 46.1-66.0-50.2-42.9-50.8-63.0-36.4 [39m[39m
2026-01-15 20:14:39,371 - Agent - INFO - Total number of trainable parameters are: 22487018
2026-01-15 20:16:11,321 - Agent - INFO - [37mVal Epoch 53 step 53 with [31mce_loss_combined : 1.481926 [31mce_loss_c : 1.628933 [31mce_loss_g : 1.440478 [31mce_mask0 : 1.496957 [31mce_mask1 : 1.496819 [31mkl_synergy_1 : 0.475100 [31mkl_synergy_2 : 0.418993 [31mtotal : 5.369796 [94mAcc_combined: 59.00 [94mAcc_c: 47.49 [94mAcc_g: 45.90 [97mS:[93m44.8%[97m([91m13.3c[97m-[94mF1:34.2%) [97mU1:[93m67.5%[97m([91m16.1c[97m) [97mU2:[93m40.2%[97m([91m8.0c[97m) [97mR:[93m81.2%[97m([91m21.6c[97m) [97mS-L: [92m1:[96m43% [92m2:[96m35% [92m3:[96m29% [92m4:[96m27% [92m5:[96m25% [92m6:[96m62%[39m [34mF1_perclass: 57.9-70.9-52.9-55.4-60.2-77.7-43.8 [39m[39m
2026-01-15 20:16:11,346 - Agent - INFO - [37mTest Epoch 53 step 53 with [31mce_loss_combined : 1.600862 [31mce_loss_c : 1.638881 [31mce_loss_g : 1.548205 [31mce_mask0 : 1.621797 [31mce_mask1 : 1.612374 [31mkl_synergy_1 : 0.514648 [31mkl_synergy_2 : 0.428903 [31mtotal : 5.778585 [94mAcc_combined: 49.05 [94mAcc_c: 41.94 [94mAcc_g: 46.50 [97mS:[93m31.1%[97m([91m8.9c[97m-[94mF1:20.7%) [97mU1:[93m56.0%[97m([91m13.6c[97m) [97mU2:[93m37.0%[97m([91m9.0c[97m) [97mR:[93m77.1%[97m([91m17.6c[97m) [97mS-L: [92m1:[96m50% [92m2:[96m29% [92m3:[96m14% [92m4:[96m8% [92m5:[96m33% [92m6:[96m43%[39m [34mF1_perclass: 36.7-61.4-48.8-42.4-54.7-66.0-32.4 [39m[39m
2026-01-15 20:16:11,347 - Agent - INFO - Total number of trainable parameters are: 22487018
2026-01-15 20:17:35,454 - Agent - INFO - [37mVal Epoch 54 step 54 with [31mce_loss_combined : 1.459940 [31mce_loss_c : 1.620281 [31mce_loss_g : 1.416425 [31mce_mask0 : 1.465908 [31mce_mask1 : 1.471689 [31mkl_synergy_1 : 0.447344 [31mkl_synergy_2 : 0.388069 [31mtotal : 5.232949 [94mAcc_combined: 59.34 [94mAcc_c: 48.52 [94mAcc_g: 47.15 [97mS:[93m44.8%[97m([91m13.3c[97m-[94mF1:34.0%) [97mU1:[93m66.5%[97m([91m15.8c[97m) [97mU2:[93m38.5%[97m([91m7.6c[97m) [97mR:[93m84.6%[97m([91m22.6c[97m) [97mS-L: [92m1:[96m57% [92m2:[96m30% [92m3:[96m26% [92m4:[96m23% [92m5:[96m25% [92m6:[96m63%[39m [34mF1_perclass: 63.1-74.8-51.8-48.4-60.4-75.7-43.9 [39m[39m
2026-01-15 20:17:35,489 - Agent - INFO - [37mTest Epoch 54 step 54 with [31mce_loss_combined : 1.557517 [31mce_loss_c : 1.630082 [31mce_loss_g : 1.553235 [31mce_mask0 : 1.572392 [31mce_mask1 : 1.560460 [31mkl_synergy_1 : 0.438824 [31mkl_synergy_2 : 0.404690 [31mtotal : 5.533883 [94mAcc_combined: 52.61 [94mAcc_c: 42.94 [94mAcc_g: 47.39 [97mS:[93m33.1%[97m([91m9.5c[97m-[94mF1:21.1%) [97mU1:[93m59.2%[97m([91m14.3c[97m) [97mU2:[93m41.6%[97m([91m10.1c[97m) [97mR:[93m82.0%[97m([91m18.7c[97m) [97mS-L: [92m1:[96m38% [92m2:[96m21% [92m3:[96m25% [92m4:[96m4% [92m5:[96m38% [92m6:[96m47%[39m [34mF1_perclass: 47.5-67.7-50.8-48.7-54.0-68.2-33.8 [39m[39m
2026-01-15 20:17:35,490 - Agent - INFO - Total number of trainable parameters are: 22487018
2026-01-15 20:19:01,959 - Agent - INFO - [37mVal Epoch 55 step 55 with [31mce_loss_combined : 1.474058 [31mce_loss_c : 1.631255 [31mce_loss_g : 1.430645 [31mce_mask0 : 1.479277 [31mce_mask1 : 1.478418 [31mkl_synergy_1 : 0.464935 [31mkl_synergy_2 : 0.409159 [31mtotal : 5.305847 [94mAcc_combined: 60.14 [94mAcc_c: 47.27 [94mAcc_g: 45.33 [97mS:[93m44.8%[97m([91m13.3c[97m-[94mF1:34.4%) [97mU1:[93m67.9%[97m([91m16.2c[97m) [97mU2:[93m43.1%[97m([91m8.5c[97m) [97mR:[93m82.9%[97m([91m22.1c[97m) [97mS-L: [92m1:[96m57% [92m2:[96m27% [92m3:[96m26% [92m4:[96m23% [92m5:[96m30% [92m6:[96m63%[39m [34mF1_perclass: 61.0-76.6-54.5-53.7-59.6-76.9-43.8 [39m[39m
2026-01-15 20:19:02,012 - Agent - INFO - [37mTest Epoch 55 step 55 with [31mce_loss_combined : 1.574647 [31mce_loss_c : 1.641375 [31mce_loss_g : 1.553028 [31mce_mask0 : 1.583865 [31mce_mask1 : 1.593349 [31mkl_synergy_1 : 0.448926 [31mkl_synergy_2 : 0.401526 [31mtotal : 5.602314 [94mAcc_combined: 51.17 [94mAcc_c: 42.05 [94mAcc_g: 46.61 [97mS:[93m31.5%[97m([91m9.0c[97m-[94mF1:20.3%) [97mU1:[93m58.3%[97m([91m14.1c[97m) [97mU2:[93m42.0%[97m([91m10.2c[97m) [97mR:[93m78.0%[97m([91m17.8c[97m) [97mS-L: [92m1:[96m38% [92m2:[96m21% [92m3:[96m22% [92m4:[96m8% [92m5:[96m29% [92m6:[96m46%[39m [34mF1_perclass: 37.4-67.5-47.2-47.6-56.2-66.4-33.9 [39m[39m
2026-01-15 20:19:02,013 - Agent - INFO - Total number of trainable parameters are: 22487018
2026-01-15 20:20:23,401 - Agent - INFO - [37mVal Epoch 56 step 56 with [31mce_loss_combined : 1.463486 [31mce_loss_c : 1.630738 [31mce_loss_g : 1.388717 [31mce_mask0 : 1.469087 [31mce_mask1 : 1.463079 [31mkl_synergy_1 : 0.446386 [31mkl_synergy_2 : 0.421219 [31mtotal : 5.263258 [94mAcc_combined: 59.45 [94mAcc_c: 47.61 [94mAcc_g: 47.95 [97mS:[93m42.1%[97m([91m12.5c[97m-[94mF1:33.3%) [97mU1:[93m66.0%[97m([91m15.7c[97m) [97mU2:[93m42.0%[97m([91m8.3c[97m) [97mR:[93m85.9%[97m([91m22.9c[97m) [97mS-L: [92m0:[96m25% [92m1:[96m61% [92m2:[96m27% [92m3:[96m29% [92m4:[96m20% [92m5:[96m25% [92m6:[96m56%[39m [34mF1_perclass: 62.5-76.9-49.5-53.5-57.9-73.9-42.5 [39m[39m
2026-01-15 20:20:23,429 - Agent - INFO - [37mTest Epoch 56 step 56 with [31mce_loss_combined : 1.546891 [31mce_loss_c : 1.642370 [31mce_loss_g : 1.513077 [31mce_mask0 : 1.555853 [31mce_mask1 : 1.555128 [31mkl_synergy_1 : 0.422817 [31mkl_synergy_2 : 0.404307 [31mtotal : 5.484996 [94mAcc_combined: 52.17 [94mAcc_c: 42.38 [94mAcc_g: 46.72 [97mS:[93m29.6%[97m([91m8.5c[97m-[94mF1:19.8%) [97mU1:[93m58.3%[97m([91m14.1c[97m) [97mU2:[93m46.6%[97m([91m11.3c[97m) [97mR:[93m80.0%[97m([91m18.2c[97m) [97mS-L: [92m1:[96m38% [92m2:[96m21% [92m3:[96m22% [92m4:[96m8% [92m5:[96m29% [92m6:[96m42%[39m [34mF1_perclass: 48.5-68.3-47.3-46.8-54.7-66.0-33.5 [39m[39m
2026-01-15 20:20:23,430 - Agent - INFO - Total number of trainable parameters are: 22487018
2026-01-15 20:21:51,523 - Agent - INFO - [37mVal Epoch 57 step 57 with [31mce_loss_combined : 1.490803 [31mce_loss_c : 1.633213 [31mce_loss_g : 1.426464 [31mce_mask0 : 1.496239 [31mce_mask1 : 1.502375 [31mkl_synergy_1 : 0.439639 [31mkl_synergy_2 : 0.404647 [31mtotal : 5.333702 [94mAcc_combined: 56.83 [94mAcc_c: 47.49 [94mAcc_g: 46.47 [97mS:[93m41.8%[97m([91m12.4c[97m-[94mF1:31.5%) [97mU1:[93m58.9%[97m([91m14.0c[97m) [97mU2:[93m43.1%[97m([91m8.5c[97m) [97mR:[93m82.1%[97m([91m21.9c[97m) [97mS-L: [92m1:[96m61% [92m2:[96m11% [92m3:[96m35% [92m4:[96m23% [92m5:[96m25% [92m6:[96m59%[39m [34mF1_perclass: 52.5-74.0-44.2-52.3-59.0-73.5-41.8 [39m[39m
2026-01-15 20:21:51,551 - Agent - INFO - [37mTest Epoch 57 step 57 with [31mce_loss_combined : 1.626382 [31mce_loss_c : 1.653895 [31mce_loss_g : 1.578712 [31mce_mask0 : 1.653834 [31mce_mask1 : 1.649166 [31mkl_synergy_1 : 0.447999 [31mkl_synergy_2 : 0.421300 [31mtotal : 5.798681 [94mAcc_combined: 50.39 [94mAcc_c: 42.27 [94mAcc_g: 47.50 [97mS:[93m30.7%[97m([91m8.8c[97m-[94mF1:20.5%) [97mU1:[93m54.1%[97m([91m13.1c[97m) [97mU2:[93m44.7%[97m([91m10.9c[97m) [97mR:[93m77.1%[97m([91m17.6c[97m) [97mS-L: [92m1:[96m50% [92m2:[96m21% [92m3:[96m19% [92m4:[96m8% [92m5:[96m33% [92m6:[96m43%[39m [34mF1_perclass: 39.1-62.9-47.4-46.0-55.8-65.3-34.5 [39m[39m
2026-01-15 20:21:51,552 - Agent - INFO - Total number of trainable parameters are: 22487018
2026-01-15 20:23:19,525 - Agent - INFO - [37mVal Epoch 58 step 58 with [31mce_loss_combined : 1.478412 [31mce_loss_c : 1.637532 [31mce_loss_g : 1.422351 [31mce_mask0 : 1.490175 [31mce_mask1 : 1.489775 [31mkl_synergy_1 : 0.436820 [31mkl_synergy_2 : 0.395458 [31mtotal : 5.290638 [94mAcc_combined: 59.23 [94mAcc_c: 47.84 [94mAcc_g: 46.70 [97mS:[93m42.1%[97m([91m12.5c[97m-[94mF1:33.3%) [97mU1:[93m66.0%[97m([91m15.7c[97m) [97mU2:[93m44.8%[97m([91m8.9c[97m) [97mR:[93m82.9%[97m([91m22.1c[97m) [97mS-L: [92m0:[96m25% [92m1:[96m52% [92m2:[96m22% [92m3:[96m32% [92m4:[96m23% [92m5:[96m30% [92m6:[96m57%[39m [34mF1_perclass: 60.4-74.3-51.0-54.2-60.2-75.1-41.8 [39m[39m
2026-01-15 20:23:19,552 - Agent - INFO - [37mTest Epoch 58 step 58 with [31mce_loss_combined : 1.581593 [31mce_loss_c : 1.657020 [31mce_loss_g : 1.546214 [31mce_mask0 : 1.586118 [31mce_mask1 : 1.593199 [31mkl_synergy_1 : 0.426409 [31mkl_synergy_2 : 0.411887 [31mtotal : 5.599206 [94mAcc_combined: 51.28 [94mAcc_c: 41.71 [94mAcc_g: 48.39 [97mS:[93m31.1%[97m([91m8.9c[97m-[94mF1:20.2%) [97mU1:[93m57.8%[97m([91m14.0c[97m) [97mU2:[93m43.8%[97m([91m10.7c[97m) [97mR:[93m77.6%[97m([91m17.7c[97m) [97mS-L: [92m1:[96m38% [92m2:[96m21% [92m3:[96m19% [92m4:[96m8% [92m5:[96m33% [92m6:[96m45%[39m [34mF1_perclass: 41.3-65.9-46.5-46.2-54.5-65.1-35.9 [39m[39m
2026-01-15 20:23:19,553 - Agent - INFO - Total number of trainable parameters are: 22487018
2026-01-15 20:24:48,404 - Agent - INFO - [37mVal Epoch 59 step 59 with [31mce_loss_combined : 1.493361 [31mce_loss_c : 1.640732 [31mce_loss_g : 1.425101 [31mce_mask0 : 1.511893 [31mce_mask1 : 1.498059 [31mkl_synergy_1 : 0.429000 [31mkl_synergy_2 : 0.393360 [31mtotal : 5.325674 [94mAcc_combined: 57.74 [94mAcc_c: 47.72 [94mAcc_g: 46.92 [97mS:[93m42.9%[97m([91m12.8c[97m-[94mF1:33.7%) [97mU1:[93m63.6%[97m([91m15.1c[97m) [97mU2:[93m42.0%[97m([91m8.3c[97m) [97mR:[93m80.8%[97m([91m21.5c[97m) [97mS-L: [92m0:[96m25% [92m1:[96m57% [92m2:[96m19% [92m3:[96m35% [92m4:[96m20% [92m5:[96m30% [92m6:[96m59%[39m [34mF1_perclass: 59.4-72.1-45.6-52.6-57.7-75.9-42.6 [39m[39m
2026-01-15 20:24:48,433 - Agent - INFO - [37mTest Epoch 59 step 59 with [31mce_loss_combined : 1.605716 [31mce_loss_c : 1.656579 [31mce_loss_g : 1.549241 [31mce_mask0 : 1.621877 [31mce_mask1 : 1.622423 [31mkl_synergy_1 : 0.416505 [31mkl_synergy_2 : 0.399391 [31mtotal : 5.665912 [94mAcc_combined: 50.50 [94mAcc_c: 42.49 [94mAcc_g: 47.72 [97mS:[93m29.6%[97m([91m8.5c[97m-[94mF1:17.9%) [97mU1:[93m56.9%[97m([91m13.8c[97m) [97mU2:[93m43.8%[97m([91m10.7c[97m) [97mR:[93m77.1%[97m([91m17.6c[97m) [97mS-L: [92m1:[96m25% [92m2:[96m21% [92m3:[96m11% [92m4:[96m4% [92m5:[96m38% [92m6:[96m45%[39m [34mF1_perclass: 41.7-65.2-43.9-43.8-53.7-67.1-35.2 [39m[39m
2026-01-15 20:24:48,435 - Agent - INFO - Total number of trainable parameters are: 22487018
2026-01-15 20:26:16,102 - Agent - INFO - [37mVal Epoch 60 step 60 with [31mce_loss_combined : 1.485221 [31mce_loss_c : 1.642555 [31mce_loss_g : 1.421685 [31mce_mask0 : 1.492360 [31mce_mask1 : 1.486794 [31mkl_synergy_1 : 0.429327 [31mkl_synergy_2 : 0.401887 [31mtotal : 5.295588 [94mAcc_combined: 59.45 [94mAcc_c: 48.06 [94mAcc_g: 47.04 [97mS:[93m42.5%[97m([91m12.6c[97m-[94mF1:33.3%) [97mU1:[93m66.5%[97m([91m15.8c[97m) [97mU2:[93m44.3%[97m([91m8.8c[97m) [97mR:[93m83.3%[97m([91m22.2c[97m) [97mS-L: [92m0:[96m25% [92m1:[96m61% [92m2:[96m11% [92m3:[96m35% [92m4:[96m20% [92m5:[96m35% [92m6:[96m59%[39m [34mF1_perclass: 61.9-75.5-46.7-51.5-57.8-77.5-44.1 [39m[39m
2026-01-15 20:26:16,128 - Agent - INFO - [37mTest Epoch 60 step 60 with [31mce_loss_combined : 1.601393 [31mce_loss_c : 1.664458 [31mce_loss_g : 1.547664 [31mce_mask0 : 1.623311 [31mce_mask1 : 1.615387 [31mkl_synergy_1 : 0.434626 [31mkl_synergy_2 : 0.396371 [31mtotal : 5.671088 [94mAcc_combined: 50.17 [94mAcc_c: 42.60 [94mAcc_g: 47.16 [97mS:[93m29.2%[97m([91m8.3c[97m-[94mF1:19.0%) [97mU1:[93m56.0%[97m([91m13.6c[97m) [97mU2:[93m42.9%[97m([91m10.5c[97m) [97mR:[93m78.0%[97m([91m17.8c[97m) [97mS-L: [92m1:[96m38% [92m2:[96m18% [92m3:[96m17% [92m4:[96m8% [92m5:[96m29% [92m6:[96m43%[39m [34mF1_perclass: 41.8-65.0-43.8-44.0-54.5-65.1-34.2 [39m[39m
2026-01-15 20:26:17,315 - Agent - INFO - Total number of trainable parameters are: 22487018
2026-01-15 20:27:37,415 - Agent - INFO - [37mVal Epoch 61 step 61 with [31mce_loss_combined : 1.500777 [31mce_loss_c : 1.644114 [31mce_loss_g : 1.423596 [31mce_mask0 : 1.507729 [31mce_mask1 : 1.515132 [31mkl_synergy_1 : 0.437481 [31mkl_synergy_2 : 0.404504 [31mtotal : 5.365621 [94mAcc_combined: 57.63 [94mAcc_c: 48.06 [94mAcc_g: 46.13 [97mS:[93m42.1%[97m([91m12.5c[97m-[94mF1:33.1%) [97mU1:[93m63.2%[97m([91m15.0c[97m) [97mU2:[93m40.8%[97m([91m8.1c[97m) [97mR:[93m82.5%[97m([91m22.0c[97m) [97mS-L: [92m1:[96m61% [92m2:[96m14% [92m3:[96m35% [92m4:[96m23% [92m5:[96m35% [92m6:[96m57%[39m [34mF1_perclass: 58.3-72.4-45.1-50.6-58.0-75.8-42.9 [39m[39m
2026-01-15 20:27:37,441 - Agent - INFO - [37mTest Epoch 61 step 61 with [31mce_loss_combined : 1.625804 [31mce_loss_c : 1.666620 [31mce_loss_g : 1.573596 [31mce_mask0 : 1.649892 [31mce_mask1 : 1.610951 [31mkl_synergy_1 : 0.430663 [31mkl_synergy_2 : 0.415358 [31mtotal : 5.732667 [94mAcc_combined: 49.39 [94mAcc_c: 42.05 [94mAcc_g: 48.28 [97mS:[93m29.6%[97m([91m8.5c[97m-[94mF1:18.6%) [97mU1:[93m55.0%[97m([91m13.3c[97m) [97mU2:[93m40.2%[97m([91m9.8c[97m) [97mR:[93m78.0%[97m([91m17.8c[97m) [97mS-L: [92m1:[96m25% [92m2:[96m21% [92m3:[96m17% [92m4:[96m8% [92m5:[96m29% [92m6:[96m44%[39m [34mF1_perclass: 42.1-62.1-43.8-41.9-54.0-63.6-35.1 [39m[39m
2026-01-15 20:27:37,442 - Agent - INFO - Total number of trainable parameters are: 22487018
2026-01-15 20:29:07,308 - Agent - INFO - [37mVal Epoch 62 step 62 with [31mce_loss_combined : 1.481530 [31mce_loss_c : 1.641036 [31mce_loss_g : 1.402239 [31mce_mask0 : 1.489107 [31mce_mask1 : 1.500062 [31mkl_synergy_1 : 0.436955 [31mkl_synergy_2 : 0.397798 [31mtotal : 5.305453 [94mAcc_combined: 57.86 [94mAcc_c: 47.95 [94mAcc_g: 48.06 [97mS:[93m43.3%[97m([91m12.9c[97m-[94mF1:32.7%) [97mU1:[93m60.3%[97m([91m14.4c[97m) [97mU2:[93m43.7%[97m([91m8.7c[97m) [97mR:[93m82.5%[97m([91m22.0c[97m) [97mS-L: [92m1:[96m61% [92m2:[96m16% [92m3:[96m35% [92m4:[96m27% [92m5:[96m25% [92m6:[96m59%[39m [34mF1_perclass: 58.8-73.9-46.0-51.5-58.9-74.9-42.1 [39m[39m
2026-01-15 20:29:07,334 - Agent - INFO - [37mTest Epoch 62 step 62 with [31mce_loss_combined : 1.613887 [31mce_loss_c : 1.663473 [31mce_loss_g : 1.575420 [31mce_mask0 : 1.604433 [31mce_mask1 : 1.621532 [31mkl_synergy_1 : 0.442479 [31mkl_synergy_2 : 0.426152 [31mtotal : 5.708483 [94mAcc_combined: 50.06 [94mAcc_c: 42.71 [94mAcc_g: 48.05 [97mS:[93m30.0%[97m([91m8.6c[97m-[94mF1:19.7%) [97mU1:[93m55.0%[97m([91m13.3c[97m) [97mU2:[93m44.3%[97m([91m10.8c[97m) [97mR:[93m76.1%[97m([91m17.4c[97m) [97mS-L: [92m1:[96m62% [92m2:[96m24% [92m3:[96m14% [92m4:[96m8% [92m5:[96m24% [92m6:[96m43%[39m [34mF1_perclass: 37.5-66.1-46.2-42.9-55.6-64.5-34.1 [39m[39m
2026-01-15 20:29:07,336 - Agent - INFO - Total number of trainable parameters are: 22487018
2026-01-15 20:30:35,254 - Agent - INFO - [37mVal Epoch 63 step 63 with [31mce_loss_combined : 1.484510 [31mce_loss_c : 1.641824 [31mce_loss_g : 1.408013 [31mce_mask0 : 1.505312 [31mce_mask1 : 1.486743 [31mkl_synergy_1 : 0.428184 [31mkl_synergy_2 : 0.401871 [31mtotal : 5.306620 [94mAcc_combined: 58.31 [94mAcc_c: 47.49 [94mAcc_g: 48.29 [97mS:[93m43.3%[97m([91m12.9c[97m-[94mF1:34.1%) [97mU1:[93m63.2%[97m([91m15.0c[97m) [97mU2:[93m43.7%[97m([91m8.7c[97m) [97mR:[93m81.6%[97m([91m21.8c[97m) [97mS-L: [92m0:[96m25% [92m1:[96m61% [92m2:[96m16% [92m3:[96m35% [92m4:[96m27% [92m5:[96m30% [92m6:[96m58%[39m [34mF1_perclass: 58.0-74.4-48.2-52.6-58.0-75.7-41.9 [39m[39m
2026-01-15 20:30:35,280 - Agent - INFO - [37mTest Epoch 63 step 63 with [31mce_loss_combined : 1.607098 [31mce_loss_c : 1.665718 [31mce_loss_g : 1.558836 [31mce_mask0 : 1.608554 [31mce_mask1 : 1.633957 [31mkl_synergy_1 : 0.463170 [31mkl_synergy_2 : 0.402259 [31mtotal : 5.715038 [94mAcc_combined: 50.50 [94mAcc_c: 41.49 [94mAcc_g: 48.50 [97mS:[93m30.0%[97m([91m8.6c[97m-[94mF1:19.4%) [97mU1:[93m56.0%[97m([91m13.6c[97m) [97mU2:[93m43.4%[97m([91m10.6c[97m) [97mR:[93m78.0%[97m([91m17.8c[97m) [97mS-L: [92m1:[96m50% [92m2:[96m21% [92m3:[96m14% [92m4:[96m8% [92m5:[96m29% [92m6:[96m44%[39m [34mF1_perclass: 43.2-64.3-45.5-42.5-56.0-64.2-35.2 [39m[39m
2026-01-15 20:30:35,281 - Agent - INFO - Total number of trainable parameters are: 22487018
2026-01-15 20:31:58,090 - Agent - INFO - [37mVal Epoch 64 step 64 with [31mce_loss_combined : 1.627232 [31mce_loss_c : 1.631214 [31mce_loss_g : 1.503047 [31mce_mask0 : 1.645083 [31mce_mask1 : 1.638645 [31mkl_synergy_1 : 0.431233 [31mkl_synergy_2 : 0.416529 [31mtotal : 5.758723 [94mAcc_combined: 50.46 [94mAcc_c: 45.56 [94mAcc_g: 43.28 [97mS:[93m41.0%[97m([91m12.2c[97m-[94mF1:30.1%) [97mU1:[93m46.9%[97m([91m11.2c[97m) [97mU2:[93m37.4%[97m([91m7.4c[97m) [97mR:[93m73.9%[97m([91m19.7c[97m) [97mS-L: [92m1:[96m65% [92m2:[96m14% [92m3:[96m45% [92m4:[96m17% [92m5:[96m20% [92m6:[96m55%[39m [34mF1_perclass: 37.6-71.1-41.2-41.7-51.6-70.7-39.9 [39m[39m
2026-01-15 20:31:58,115 - Agent - INFO - [37mTest Epoch 64 step 64 with [31mce_loss_combined : 1.734563 [31mce_loss_c : 1.649823 [31mce_loss_g : 1.784723 [31mce_mask0 : 1.771783 [31mce_mask1 : 1.743874 [31mkl_synergy_1 : 0.486283 [31mkl_synergy_2 : 0.464867 [31mtotal : 6.201371 [94mAcc_combined: 43.27 [94mAcc_c: 41.27 [94mAcc_g: 43.49 [97mS:[93m31.9%[97m([91m9.1c[97m-[94mF1:19.3%) [97mU1:[93m40.4%[97m([91m9.8c[97m) [97mU2:[93m39.3%[97m([91m9.6c[97m) [97mR:[93m64.9%[97m([91m14.8c[97m) [97mS-L: [92m1:[96m38% [92m2:[96m13% [92m3:[96m47% [92m4:[96m4% [92m5:[96m19% [92m6:[96m44%[39m [34mF1_perclass: 22.1-54.7-38.3-44.1-46.1-58.4-32.6 [39m[39m
2026-01-15 20:31:58,116 - Agent - INFO - Total number of trainable parameters are: 22487018
2026-01-15 20:33:22,587 - Agent - INFO - [37mVal Epoch 65 step 65 with [31mce_loss_combined : 1.484443 [31mce_loss_c : 1.571036 [31mce_loss_g : 1.646197 [31mce_mask0 : 1.486256 [31mce_mask1 : 1.493785 [31mkl_synergy_1 : 0.446687 [31mkl_synergy_2 : 0.370362 [31mtotal : 5.281533 [94mAcc_combined: 59.57 [94mAcc_c: 50.80 [94mAcc_g: 38.38 [97mS:[93m35.6%[97m([91m10.6c[97m-[94mF1:30.6%) [97mU1:[93m70.3%[97m([91m16.7c[97m) [97mU2:[93m46.6%[97m([91m9.2c[97m) [97mR:[93m86.3%[97m([91m23.0c[97m) [97mS-L: [92m0:[96m50% [92m1:[96m52% [92m2:[96m22% [92m3:[96m32% [92m4:[96m10% [92m5:[96m40% [92m6:[96m43%[39m [34mF1_perclass: 64.6-69.3-51.8-56.4-66.4-74.2-36.8 [39m[39m
2026-01-15 20:33:22,613 - Agent - INFO - [37mTest Epoch 65 step 65 with [31mce_loss_combined : 1.516117 [31mce_loss_c : 1.606119 [31mce_loss_g : 1.817242 [31mce_mask0 : 1.519428 [31mce_mask1 : 1.526069 [31mkl_synergy_1 : 0.414907 [31mkl_synergy_2 : 0.358298 [31mtotal : 5.334819 [94mAcc_combined: 55.06 [94mAcc_c: 42.71 [94mAcc_g: 36.04 [97mS:[93m27.6%[97m([91m7.9c[97m-[94mF1:19.3%) [97mU1:[93m68.3%[97m([91m16.6c[97m) [97mU2:[93m44.7%[97m([91m10.9c[97m) [97mR:[93m86.3%[97m([91m19.7c[97m) [97mS-L: [92m0:[96m8% [92m1:[96m38% [92m2:[96m18% [92m3:[96m17% [92m4:[96m4% [92m5:[96m43% [92m6:[96m37%[39m [34mF1_perclass: 67.4-67.6-47.4-41.5-56.0-62.7-38.2 [39m[39m
2026-01-15 20:33:22,614 - Agent - INFO - Total number of trainable parameters are: 22487018
2026-01-15 20:34:44,903 - Agent - INFO - [37mVal Epoch 66 step 66 with [31mce_loss_combined : 1.517299 [31mce_loss_c : 1.599521 [31mce_loss_g : 1.549933 [31mce_mask0 : 1.528606 [31mce_mask1 : 1.525366 [31mkl_synergy_1 : 0.430700 [31mkl_synergy_2 : 0.411122 [31mtotal : 5.413092 [94mAcc_combined: 54.90 [94mAcc_c: 44.42 [94mAcc_g: 39.75 [97mS:[93m37.9%[97m([91m11.3c[97m-[94mF1:29.3%) [97mU1:[93m65.6%[97m([91m15.6c[97m) [97mU2:[93m37.9%[97m([91m7.5c[97m) [97mR:[93m76.9%[97m([91m20.5c[97m) [97mS-L: [92m1:[96m35% [92m2:[96m14% [92m3:[96m19% [92m4:[96m27% [92m5:[96m65% [92m6:[96m51%[39m [34mF1_perclass: 58.1-63.4-46.4-45.7-60.7-71.3-37.2 [39m[39m
2026-01-15 20:34:44,928 - Agent - INFO - [37mTest Epoch 66 step 66 with [31mce_loss_combined : 1.598334 [31mce_loss_c : 1.649702 [31mce_loss_g : 1.643044 [31mce_mask0 : 1.610202 [31mce_mask1 : 1.616447 [31mkl_synergy_1 : 0.472349 [31mkl_synergy_2 : 0.450474 [31mtotal : 5.747806 [94mAcc_combined: 49.50 [94mAcc_c: 40.04 [94mAcc_g: 44.16 [97mS:[93m30.4%[97m([91m8.7c[97m-[94mF1:20.1%) [97mU1:[93m61.0%[97m([91m14.8c[97m) [97mU2:[93m36.5%[97m([91m8.9c[97m) [97mR:[93m75.1%[97m([91m17.1c[97m) [97mS-L: [92m1:[96m25% [92m2:[96m13% [92m3:[96m17% [92m4:[96m12% [92m5:[96m62% [92m6:[96m42%[39m [34mF1_perclass: 41.1-58.9-47.3-43.1-60.2-61.2-33.2 [39m[39m
2026-01-15 20:34:44,929 - Agent - INFO - Total number of trainable parameters are: 22487018
2026-01-15 20:36:12,176 - Agent - INFO - [37mVal Epoch 67 step 67 with [31mce_loss_combined : 1.455961 [31mce_loss_c : 1.608945 [31mce_loss_g : 1.444818 [31mce_mask0 : 1.472592 [31mce_mask1 : 1.464378 [31mkl_synergy_1 : 0.449718 [31mkl_synergy_2 : 0.382473 [31mtotal : 5.225123 [94mAcc_combined: 59.57 [94mAcc_c: 46.58 [94mAcc_g: 48.06 [97mS:[93m39.1%[97m([91m11.6c[97m-[94mF1:33.9%) [97mU1:[93m67.9%[97m([91m16.2c[97m) [97mU2:[93m44.3%[97m([91m8.8c[97m) [97mR:[93m86.3%[97m([91m23.0c[97m) [97mS-L: [92m0:[96m25% [92m1:[96m65% [92m2:[96m14% [92m3:[96m26% [92m4:[96m27% [92m5:[96m50% [92m6:[96m47%[39m [34mF1_perclass: 62.5-70.5-53.1-51.2-63.6-76.9-38.8 [39m[39m
2026-01-15 20:36:12,201 - Agent - INFO - [37mTest Epoch 67 step 67 with [31mce_loss_combined : 1.570153 [31mce_loss_c : 1.636337 [31mce_loss_g : 1.610580 [31mce_mask0 : 1.586335 [31mce_mask1 : 1.596409 [31mkl_synergy_1 : 0.471240 [31mkl_synergy_2 : 0.388030 [31mtotal : 5.612166 [94mAcc_combined: 53.28 [94mAcc_c: 41.16 [94mAcc_g: 46.05 [97mS:[93m29.2%[97m([91m8.3c[97m-[94mF1:20.1%) [97mU1:[93m63.8%[97m([91m15.5c[97m) [97mU2:[93m43.8%[97m([91m10.7c[97m) [97mR:[93m82.4%[97m([91m18.8c[97m) [97mS-L: [92m0:[96m8% [92m1:[96m50% [92m2:[96m16% [92m3:[96m19% [92m4:[96m4% [92m5:[96m38% [92m6:[96m41%[39m [34mF1_perclass: 63.6-59.6-47.3-44.2-55.9-67.3-34.4 [39m[39m
2026-01-15 20:36:12,202 - Agent - INFO - Total number of trainable parameters are: 22487018
2026-01-15 20:37:39,191 - Agent - INFO - [37mVal Epoch 68 step 68 with [31mce_loss_combined : 1.644923 [31mce_loss_c : 1.638989 [31mce_loss_g : 1.970317 [31mce_mask0 : 1.652875 [31mce_mask1 : 1.658342 [31mkl_synergy_1 : 0.411353 [31mkl_synergy_2 : 0.365623 [31mtotal : 5.733116 [94mAcc_combined: 47.04 [94mAcc_c: 47.72 [94mAcc_g: 30.87 [97mS:[93m35.2%[97m([91m10.5c[97m-[94mF1:26.7%) [97mU1:[93m50.2%[97m([91m12.0c[97m) [97mU2:[93m37.4%[97m([91m7.4c[97m) [97mR:[93m64.5%[97m([91m17.2c[97m) [97mS-L: [92m1:[96m22% [92m2:[96m24% [92m3:[96m45% [92m4:[96m37% [92m5:[96m20% [92m6:[96m42%[39m [34mF1_perclass: 29.1-49.4-51.0-38.8-55.2-76.5-34.7 [39m[39m
2026-01-15 20:37:39,283 - Agent - INFO - [37mTest Epoch 68 step 68 with [31mce_loss_combined : 1.639441 [31mce_loss_c : 1.635179 [31mce_loss_g : 1.782012 [31mce_mask0 : 1.646903 [31mce_mask1 : 1.638026 [31mkl_synergy_1 : 0.414755 [31mkl_synergy_2 : 0.364970 [31mtotal : 5.704094 [94mAcc_combined: 46.05 [94mAcc_c: 42.83 [94mAcc_g: 39.60 [97mS:[93m28.4%[97m([91m8.1c[97m-[94mF1:18.5%) [97mU1:[93m50.9%[97m([91m12.3c[97m) [97mU2:[93m38.4%[97m([91m9.3c[97m) [97mR:[93m71.2%[97m([91m16.2c[97m) [97mS-L: [92m1:[96m12% [92m2:[96m24% [92m3:[96m33% [92m4:[96m17% [92m5:[96m14% [92m6:[96m37%[39m [34mF1_perclass: 26.0-56.6-47.9-37.8-50.8-68.3-33.5 [39m[39m
2026-01-15 20:37:39,284 - Agent - INFO - Total number of trainable parameters are: 22487018
2026-01-15 20:39:01,990 - Agent - INFO - [37mVal Epoch 69 step 69 with [31mce_loss_combined : 1.600467 [31mce_loss_c : 1.596437 [31mce_loss_g : 1.557778 [31mce_mask0 : 1.605185 [31mce_mask1 : 1.607808 [31mkl_synergy_1 : 0.381320 [31mkl_synergy_2 : 0.363582 [31mtotal : 5.558362 [94mAcc_combined: 52.39 [94mAcc_c: 48.97 [94mAcc_g: 41.80 [97mS:[93m37.2%[97m([91m11.0c[97m-[94mF1:28.6%) [97mU1:[93m52.2%[97m([91m12.4c[97m) [97mU2:[93m43.1%[97m([91m8.5c[97m) [97mR:[93m76.5%[97m([91m20.4c[97m) [97mS-L: [92m1:[96m61% [92m2:[96m27% [92m3:[96m32% [92m4:[96m27% [92m5:[96m30% [92m6:[96m42%[39m [34mF1_perclass: 48.2-61.9-45.3-47.7-58.1-69.5-36.1 [39m[39m
2026-01-15 20:39:02,016 - Agent - INFO - [37mTest Epoch 69 step 69 with [31mce_loss_combined : 1.688402 [31mce_loss_c : 1.597963 [31mce_loss_g : 1.797052 [31mce_mask0 : 1.726913 [31mce_mask1 : 1.694226 [31mkl_synergy_1 : 0.451792 [31mkl_synergy_2 : 0.413117 [31mtotal : 5.974449 [94mAcc_combined: 45.38 [94mAcc_c: 43.60 [94mAcc_g: 41.16 [97mS:[93m31.1%[97m([91m8.9c[97m-[94mF1:20.8%) [97mU1:[93m42.2%[97m([91m10.2c[97m) [97mU2:[93m42.5%[97m([91m10.3c[97m) [97mR:[93m69.8%[97m([91m15.9c[97m) [97mS-L: [92m1:[96m38% [92m2:[96m26% [92m3:[96m39% [92m4:[96m4% [92m5:[96m24% [92m6:[96m40%[39m [34mF1_perclass: 19.3-56.1-47.0-41.9-48.3-59.6-34.7 [39m[39m
2026-01-15 20:39:02,017 - Agent - INFO - Total number of trainable parameters are: 22487018
2026-01-15 20:40:34,150 - Agent - INFO - [37mVal Epoch 70 step 70 with [31mce_loss_combined : 1.475499 [31mce_loss_c : 1.666130 [31mce_loss_g : 1.562900 [31mce_mask0 : 1.483607 [31mce_mask1 : 1.489657 [31mkl_synergy_1 : 0.433779 [31mkl_synergy_2 : 0.441104 [31mtotal : 5.323645 [94mAcc_combined: 57.29 [94mAcc_c: 42.71 [94mAcc_g: 42.71 [97mS:[93m42.9%[97m([91m12.8c[97m-[94mF1:31.7%) [97mU1:[93m61.2%[97m([91m14.6c[97m) [97mU2:[93m43.1%[97m([91m8.5c[97m) [97mR:[93m80.3%[97m([91m21.4c[97m) [97mS-L: [92m1:[96m57% [92m2:[96m14% [92m3:[96m19% [92m4:[96m23% [92m5:[96m50% [92m6:[96m61%[39m [34mF1_perclass: 57.3-70.8-44.4-44.2-63.2-74.7-42.6 [39m[39m
2026-01-15 20:40:34,177 - Agent - INFO - [37mTest Epoch 70 step 70 with [31mce_loss_combined : 1.613621 [31mce_loss_c : 1.696270 [31mce_loss_g : 1.927614 [31mce_mask0 : 1.633255 [31mce_mask1 : 1.636601 [31mkl_synergy_1 : 0.505447 [31mkl_synergy_2 : 0.510790 [31mtotal : 5.899714 [94mAcc_combined: 47.94 [94mAcc_c: 38.93 [94mAcc_g: 41.05 [97mS:[93m33.9%[97m([91m9.7c[97m-[94mF1:22.4%) [97mU1:[93m47.7%[97m([91m11.6c[97m) [97mU2:[93m40.2%[97m([91m9.8c[97m) [97mR:[93m74.1%[97m([91m16.9c[97m) [97mS-L: [92m0:[96m8% [92m1:[96m50% [92m2:[96m11% [92m3:[96m14% [92m4:[96m12% [92m5:[96m48% [92m6:[96m51%[39m [34mF1_perclass: 36.8-59.8-42.7-37.0-59.2-64.3-33.3 [39m[39m
2026-01-15 20:40:35,388 - Agent - INFO - Total number of trainable parameters are: 22487018
2026-01-15 20:42:01,614 - Agent - INFO - [37mVal Epoch 71 step 71 with [31mce_loss_combined : 1.511789 [31mce_loss_c : 1.661935 [31mce_loss_g : 1.544885 [31mce_mask0 : 1.521406 [31mce_mask1 : 1.515559 [31mkl_synergy_1 : 0.390010 [31mkl_synergy_2 : 0.368212 [31mtotal : 5.306977 [94mAcc_combined: 57.86 [94mAcc_c: 46.47 [94mAcc_g: 44.08 [97mS:[93m44.4%[97m([91m13.2c[97m-[94mF1:33.7%) [97mU1:[93m60.8%[97m([91m14.5c[97m) [97mU2:[93m42.5%[97m([91m8.4c[97m) [97mR:[93m81.6%[97m([91m21.8c[97m) [97mS-L: [92m0:[96m25% [92m1:[96m65% [92m2:[96m19% [92m3:[96m16% [92m4:[96m23% [92m5:[96m35% [92m6:[96m64%[39m [34mF1_perclass: 62.7-76.3-50.6-40.0-59.8-69.6-42.4 [39m[39m
2026-01-15 20:42:01,646 - Agent - INFO - [37mTest Epoch 71 step 71 with [31mce_loss_combined : 1.601645 [31mce_loss_c : 1.698298 [31mce_loss_g : 1.826368 [31mce_mask0 : 1.603880 [31mce_mask1 : 1.605336 [31mkl_synergy_1 : 0.447473 [31mkl_synergy_2 : 0.410734 [31mtotal : 5.669068 [94mAcc_combined: 49.05 [94mAcc_c: 40.27 [94mAcc_g: 43.94 [97mS:[93m32.7%[97m([91m9.3c[97m-[94mF1:20.4%) [97mU1:[93m49.1%[97m([91m11.9c[97m) [97mU2:[93m40.6%[97m([91m9.9c[97m) [97mR:[93m78.5%[97m([91m17.9c[97m) [97mS-L: [92m0:[96m8% [92m1:[96m75% [92m2:[96m5% [92m3:[96m17% [92m4:[96m4% [92m5:[96m43% [92m6:[96m50%[39m [34mF1_perclass: 47.1-65.7-34.0-37.0-47.6-61.5-36.2 [39m[39m
2026-01-15 20:42:01,647 - Agent - INFO - Total number of trainable parameters are: 22487018
2026-01-15 20:43:25,797 - Agent - INFO - [37mVal Epoch 72 step 72 with [31mce_loss_combined : 1.610638 [31mce_loss_c : 1.634195 [31mce_loss_g : 1.993589 [31mce_mask0 : 1.621038 [31mce_mask1 : 1.616658 [31mkl_synergy_1 : 0.394943 [31mkl_synergy_2 : 0.343593 [31mtotal : 5.586870 [94mAcc_combined: 50.34 [94mAcc_c: 47.72 [94mAcc_g: 32.35 [97mS:[93m36.0%[97m([91m10.7c[97m-[94mF1:28.3%) [97mU1:[93m52.6%[97m([91m12.5c[97m) [97mU2:[93m35.1%[97m([91m6.9c[97m) [97mR:[93m75.6%[97m([91m20.2c[97m) [97mS-L: [92m1:[96m30% [92m2:[96m19% [92m3:[96m39% [92m4:[96m23% [92m5:[96m45% [92m6:[96m45%[39m [34mF1_perclass: 56.6-47.6-41.6-49.0-59.1-64.6-35.8 [39m[39m
2026-01-15 20:43:25,822 - Agent - INFO - [37mTest Epoch 72 step 72 with [31mce_loss_combined : 1.622236 [31mce_loss_c : 1.644558 [31mce_loss_g : 2.093894 [31mce_mask0 : 1.638999 [31mce_mask1 : 1.642963 [31mkl_synergy_1 : 0.490426 [31mkl_synergy_2 : 0.425252 [31mtotal : 5.819876 [94mAcc_combined: 47.16 [94mAcc_c: 41.94 [94mAcc_g: 35.82 [97mS:[93m29.6%[97m([91m8.5c[97m-[94mF1:20.4%) [97mU1:[93m51.4%[97m([91m12.5c[97m) [97mU2:[93m36.1%[97m([91m8.8c[97m) [97mR:[93m76.6%[97m([91m17.5c[97m) [97mS-L: [92m0:[96m8% [92m1:[96m12% [92m2:[96m16% [92m3:[96m47% [92m4:[96m4% [92m5:[96m43% [92m6:[96m35%[39m [34mF1_perclass: 48.6-54.3-46.2-44.7-43.0-58.8-32.7 [39m[39m
2026-01-15 20:43:25,823 - Agent - INFO - Total number of trainable parameters are: 22487018
2026-01-15 20:44:54,311 - Agent - INFO - [37mVal Epoch 73 step 73 with [31mce_loss_combined : 1.508269 [31mce_loss_c : 1.623770 [31mce_loss_g : 1.500026 [31mce_mask0 : 1.512691 [31mce_mask1 : 1.518737 [31mkl_synergy_1 : 0.467993 [31mkl_synergy_2 : 0.394733 [31mtotal : 5.402423 [94mAcc_combined: 56.26 [94mAcc_c: 47.72 [94mAcc_g: 42.71 [97mS:[93m44.8%[97m([91m13.3c[97m-[94mF1:31.8%) [97mU1:[93m59.3%[97m([91m14.1c[97m) [97mU2:[93m39.1%[97m([91m7.7c[97m) [97mR:[93m79.1%[97m([91m21.1c[97m) [97mS-L: [92m1:[96m52% [92m2:[96m22% [92m3:[96m19% [92m4:[96m23% [92m5:[96m25% [92m6:[96m68%[39m [34mF1_perclass: 54.7-71.7-50.0-47.1-57.6-76.1-42.8 [39m[39m
2026-01-15 20:44:54,337 - Agent - INFO - [37mTest Epoch 73 step 73 with [31mce_loss_combined : 1.558331 [31mce_loss_c : 1.642889 [31mce_loss_g : 1.621249 [31mce_mask0 : 1.545096 [31mce_mask1 : 1.570378 [31mkl_synergy_1 : 0.456562 [31mkl_synergy_2 : 0.403879 [31mtotal : 5.534246 [94mAcc_combined: 53.84 [94mAcc_c: 42.71 [94mAcc_g: 46.50 [97mS:[93m32.3%[97m([91m9.2c[97m-[94mF1:19.1%) [97mU1:[93m59.2%[97m([91m14.3c[97m) [97mU2:[93m47.0%[97m([91m11.5c[97m) [97mR:[93m82.4%[97m([91m18.8c[97m) [97mS-L: [92m1:[96m62% [92m2:[96m16% [92m3:[96m11% [92m4:[96m4% [92m5:[96m24% [92m6:[96m53%[39m [34mF1_perclass: 43.7-75.1-49.2-39.3-53.3-68.8-40.1 [39m[39m
2026-01-15 20:44:54,338 - Agent - INFO - Total number of trainable parameters are: 22487018
2026-01-15 20:46:17,620 - Agent - INFO - [37mVal Epoch 74 step 74 with [31mce_loss_combined : 1.455308 [31mce_loss_c : 1.664988 [31mce_loss_g : 1.422788 [31mce_mask0 : 1.451439 [31mce_mask1 : 1.470748 [31mkl_synergy_1 : 0.439600 [31mkl_synergy_2 : 0.376829 [31mtotal : 5.193925 [94mAcc_combined: 59.68 [94mAcc_c: 46.81 [94mAcc_g: 42.82 [97mS:[93m36.8%[97m([91m10.9c[97m-[94mF1:31.3%) [97mU1:[93m74.2%[97m([91m17.7c[97m) [97mU2:[93m46.0%[97m([91m9.1c[97m) [97mR:[93m82.5%[97m([91m22.0c[97m) [97mS-L: [92m0:[96m25% [92m1:[96m52% [92m2:[96m24% [92m3:[96m19% [92m4:[96m33% [92m5:[96m30% [92m6:[96m45%[39m [34mF1_perclass: 66.4-72.6-51.0-48.2-64.0-74.2-40.4 [39m[39m
2026-01-15 20:46:17,647 - Agent - INFO - [37mTest Epoch 74 step 74 with [31mce_loss_combined : 1.528248 [31mce_loss_c : 1.698393 [31mce_loss_g : 1.500713 [31mce_mask0 : 1.536076 [31mce_mask1 : 1.539414 [31mkl_synergy_1 : 0.406666 [31mkl_synergy_2 : 0.379382 [31mtotal : 5.389785 [94mAcc_combined: 55.62 [94mAcc_c: 42.49 [94mAcc_g: 46.38 [97mS:[93m30.4%[97m([91m8.7c[97m-[94mF1:22.6%) [97mU1:[93m69.7%[97m([91m16.9c[97m) [97mU2:[93m43.4%[97m([91m10.6c[97m) [97mR:[93m85.4%[97m([91m19.5c[97m) [97mS-L: [92m1:[96m62% [92m2:[96m24% [92m3:[96m14% [92m4:[96m12% [92m5:[96m48% [92m6:[96m39%[39m [34mF1_perclass: 66.7-70.6-47.9-40.2-58.7-68.0-35.3 [39m[39m
2026-01-15 20:46:17,648 - Agent - INFO - Total number of trainable parameters are: 22487018
2026-01-15 20:47:45,807 - Agent - INFO - [37mVal Epoch 75 step 75 with [31mce_loss_combined : 1.574305 [31mce_loss_c : 1.666135 [31mce_loss_g : 1.518225 [31mce_mask0 : 1.586239 [31mce_mask1 : 1.588805 [31mkl_synergy_1 : 0.398544 [31mkl_synergy_2 : 0.409123 [31mtotal : 5.557015 [94mAcc_combined: 53.42 [94mAcc_c: 46.13 [94mAcc_g: 38.61 [97mS:[93m42.5%[97m([91m12.6c[97m-[94mF1:33.8%) [97mU1:[93m56.9%[97m([91m13.6c[97m) [97mU2:[93m37.9%[97m([91m7.5c[97m) [97mR:[93m73.9%[97m([91m19.7c[97m) [97mS-L: [92m1:[96m30% [92m2:[96m38% [92m3:[96m26% [92m4:[96m33% [92m5:[96m45% [92m6:[96m54%[39m [34mF1_perclass: 52.6-55.8-46.5-49.4-62.9-73.0-39.8 [39m[39m
2026-01-15 20:47:45,833 - Agent - INFO - [37mTest Epoch 75 step 75 with [31mce_loss_combined : 1.663576 [31mce_loss_c : 1.670288 [31mce_loss_g : 1.603184 [31mce_mask0 : 1.685740 [31mce_mask1 : 1.684040 [31mkl_synergy_1 : 0.416308 [31mkl_synergy_2 : 0.451232 [31mtotal : 5.900897 [94mAcc_combined: 47.83 [94mAcc_c: 40.27 [94mAcc_g: 42.60 [97mS:[93m35.0%[97m([91m10.0c[97m-[94mF1:21.1%) [97mU1:[93m55.0%[97m([91m13.3c[97m) [97mU2:[93m33.8%[97m([91m8.2c[97m) [97mR:[93m71.2%[97m([91m16.2c[97m) [97mS-L: [92m2:[96m39% [92m3:[96m33% [92m4:[96m17% [92m5:[96m19% [92m6:[96m47%[39m [34mF1_perclass: 39.8-51.3-44.6-48.5-60.1-64.0-33.5 [39m[39m
2026-01-15 20:47:45,834 - Agent - INFO - Total number of trainable parameters are: 22487018
2026-01-15 20:49:17,467 - Agent - INFO - [37mVal Epoch 76 step 76 with [31mce_loss_combined : 1.593143 [31mce_loss_c : 1.647130 [31mce_loss_g : 1.598642 [31mce_mask0 : 1.601782 [31mce_mask1 : 1.599264 [31mkl_synergy_1 : 0.456317 [31mkl_synergy_2 : 0.391106 [31mtotal : 5.641612 [94mAcc_combined: 52.51 [94mAcc_c: 47.49 [94mAcc_g: 38.72 [97mS:[93m42.1%[97m([91m12.5c[97m-[94mF1:31.4%) [97mU1:[93m48.8%[97m([91m11.6c[97m) [97mU2:[93m40.2%[97m([91m8.0c[97m) [97mR:[93m76.5%[97m([91m20.4c[97m) [97mS-L: [92m1:[96m35% [92m2:[96m14% [92m3:[96m29% [92m4:[96m43% [92m5:[96m25% [92m6:[96m60%[39m [34mF1_perclass: 49.3-60.3-39.2-47.5-58.1-73.3-42.4 [39m[39m
2026-01-15 20:49:17,493 - Agent - INFO - [37mTest Epoch 76 step 76 with [31mce_loss_combined : 1.624290 [31mce_loss_c : 1.676853 [31mce_loss_g : 1.610831 [31mce_mask0 : 1.649967 [31mce_mask1 : 1.655338 [31mkl_synergy_1 : 0.403500 [31mkl_synergy_2 : 0.374211 [31mtotal : 5.707306 [94mAcc_combined: 48.94 [94mAcc_c: 42.38 [94mAcc_g: 41.49 [97mS:[93m34.6%[97m([91m9.9c[97m-[94mF1:21.3%) [97mU1:[93m50.0%[97m([91m12.1c[97m) [97mU2:[93m40.2%[97m([91m9.8c[97m) [97mR:[93m75.1%[97m([91m17.1c[97m) [97mS-L: [92m1:[96m12% [92m2:[96m11% [92m3:[96m39% [92m4:[96m29% [92m5:[96m19% [92m6:[96m50%[39m [34mF1_perclass: 33.3-60.9-38.5-43.6-56.8-67.9-37.0 [39m[39m
2026-01-15 20:49:17,494 - Agent - INFO - Total number of trainable parameters are: 22487018
2026-01-15 20:49:26,887 - Agent - INFO - We are in the final state.
2026-01-15 20:49:27,212 - root - INFO - Loaded best model from /esat/smcdata/users/kkontras/Image_Dataset/no_backup/data/2025_data/synergy/CremadPlus/v2/SynIB_RMask_fold0_l1_vldsyn_accuracy_fillema_lsparse0.1_lr0.0001_wd0.0001_clsmlp_bs64.pth.tar
2026-01-15 20:49:36,488 - Agent - INFO - [37mVal Epoch 76 step 0 with [31mce_loss_combined : 1.489513 [31mce_loss_c : 1.597306 [31mce_loss_g : 1.511280 [31mce_mask0 : 1.492074 [31mce_mask1 : 1.499415 [31mkl_synergy_1 : 0.456028 [31mkl_synergy_2 : 0.394446 [31mtotal : 5.331475 [94mAcc_combined: 61.28 [94mAcc_c: 49.77 [94mAcc_g: 41.34 [97mS:[93m44.8%[97m([91m13.3c[97m-[94mF1:36.4%) [97mU1:[93m67.9%[97m([91m16.2c[97m) [97mU2:[93m47.1%[97m([91m9.3c[97m) [97mR:[93m84.2%[97m([91m22.4c[97m) [97mS-L: [92m0:[96m50% [92m1:[96m57% [92m2:[96m38% [92m3:[96m29% [92m4:[96m17% [92m5:[96m30% [92m6:[96m59%[39m [34mF1_perclass: 65.3-76.1-54.1-53.6-62.0-76.1-46.0 [39m[39m
2026-01-15 20:49:49,140 - Agent - INFO - [37mTest Epoch 76 step 0 with [31mce_loss_combined : 1.550849 [31mce_loss_c : 1.608280 [31mce_loss_g : 1.574686 [31mce_mask0 : 1.554833 [31mce_mask1 : 1.578547 [31mkl_synergy_1 : 0.450670 [31mkl_synergy_2 : 0.411251 [31mtotal : 5.546150 [94mAcc_combined: 52.95 [94mAcc_c: 43.27 [94mAcc_g: 44.49 [97mS:[93m33.9%[97m([91m9.7c[97m-[94mF1:21.3%) [97mU1:[93m63.8%[97m([91m15.5c[97m) [97mU2:[93m42.9%[97m([91m10.5c[97m) [97mR:[93m76.1%[97m([91m17.4c[97m) [97mS-L: [92m1:[96m50% [92m2:[96m26% [92m3:[96m19% [92m4:[96m4% [92m5:[96m24% [92m6:[96m51%[39m [34mF1_perclass: 52.8-67.3-50.2-43.6-54.5-64.4-39.9 [39m[39m
2026-01-15 20:49:50,275 - Agent - INFO - [37mModel saved successfully at: /esat/smcdata/users/kkontras/Image_Dataset/no_backup/data/2025_data/synergy/CremadPlus/v2/SynIB_RMask_fold0_l1_vldsyn_accuracy_fillema_lsparse0.1_lr0.0001_wd0.0001_clsmlp_bs64.pth.tar[39m
Job finished
