Starting Job
/esat/smcdata/users/kkontras/Image_Dataset/no_backup/git/Synergy/train.py
/esat/smcdata/users/kkontras/Image_Dataset/no_backup/envs/synergy_new/bin/python
Python 3.10.19
/esat/smcdata/users/kkontras/Image_Dataset/no_backup/git/Synergy
We have 1 GPU
/esat/smcdata/users/kkontras/Image_Dataset/no_backup/git/Synergy/train.py
config-./configs/CREMA_D/synergy/jan/synprom_RMask.json
Executing command: python /esat/smcdata/users/kkontras/Image_Dataset/no_backup/git/Synergy/train.py --config ./configs/CREMA_D/synergy/jan/synprom_RMask.json --default_config ./configs/CREMA_D/default_config_cremadplus_res_syn.json --fold 0 --l 1 --lr 0.0001 --wd 0.0001 --cls mlp --batch_size 64 --perturb_fill ema --perturb_lsparse 1 --validate_with syn_accuracy
Namespace(config='./configs/CREMA_D/synergy/jan/synprom_RMask.json', default_config='./configs/CREMA_D/default_config_cremadplus_res_syn.json', fold='0', alpha=None, tanh_mode=None, tanh_mode_beta=None, regby=None, clip=None, batch_size='64', l='1', multil=None, l_diffsq=None, lib=None, ratio_us=None, ratio_snr=None, kmepoch=None, num_samples=None, pow=None, nstep=None, contrcoeff=None, kde_coeff=None, etube=None, temperature=None, contr_type=None, shuffle_type=None, validate_with='syn_accuracy', transform_type=None, trasform_before=None, num_classes=None, base_alpha=None, alpha_var=None, base_beta=None, beta_var=None, optim_method=None, ilr_c=None, ilr_g=None, mmcosine_scaling=None, ending_epoch=None, load_ongoing=None, commonlayers=None, recon_weight1=None, recon_weight2=None, recon_epochstages=None, recon_ensemblestages=None, lr='0.0001', wd='0.0001', mm=None, cls='mlp', perturb=None, perturb_fill='ema', perturb_pmax=None, perturb_pmin=None, perturb_lsparse='1', pre=False, frozen=False, tdqm_disable=False, start_over=False)
2026-01-15 18:58:43,350 - Config - INFO - ./configs/CREMA_D/synergy/jan/synprom_RMask.json
2026-01-15 18:58:43,353 - Config - INFO -  THE Configuration of your experiment ..
{'agent': 'Agent',
 'dataset': {'data_roots': '/esat/smcdata/users/kkontras/Image_Dataset/no_backup/CremaD/CREMA-D',
             'data_split': {'fold': 0, 'method': 'non_inclusive'},
             'dataloader_class': 'CramedDPlus_Dataloader',
             'fps': 1,
             'ironic_label_name': 'SARCASM',
             'ironic_modes': ['train', 'val', 'test'],
             'ironic_rate': 1.0,
             'norm': False,
             'norm_face_path': './mydatasets/CREMAD/norm_face_path_fold{}.pkl',
             'norm_wav_path': './mydatasets/CREMAD/wav_norm_22050_fold{}.pkl',
             'num_frame': 3,
             'return_data': {'audio': False,
                             'face': False,
                             'spectrogram': True,
                             'video': True},
             'sampling_rate': 22050},
 'early_stopping': {'end_of_epoch_check': True,
                    'log_interval': 10,
                    'max_epoch': 1500,
                    'n_steps_stop': 30,
                    'n_steps_stop_after': 0,
                    'save_every_step': 3000,
                    'save_every_valstep': 10,
                    'validate_after': 0,
                    'validate_every': 25,
                    'validate_with': 'accuracy'},
 'exp_name': 'CREMAD Experiment',
 'model': {'args': {'bias_infusion': {'contrcoeff': 0.0, 'l': 1.0},
                    'cls_type': 'mlp',
                    'd_model': 512,
                    'dropout': 0.1,
                    'fc_inner': 64,
                    'in_dim': 64,
                    'multi_loss': {'multi_supervised_w': {'c': 1,
                                                          'combined': 1,
                                                          'g': 1}},
                    'norm_decision': False,
                    'num_classes': 7,
                    'synergy_type': 'gaussian'},
           'ceu': {'test': './cremadplus_ceu_test_res.pkl',
                   'val': './cremadplus_ceu_val_res.pkl'},
           'encoders': [{'args': {'d_model': 512,
                                  'dropout': 0.1,
                                  'fc_inner': 64,
                                  'freeze_encoder': False,
                                  'num_classes': 7},
                         'model': 'Audio_ResNet',
                         'name': 'enc_0_modality1_encoder',
                         'pretrainedEncoder': {'dir': 'unimodal_audio_fold{}_lr0.001_wd0.0001_bs64.pth.tar',
                                               'use': True},
                         'save_encoder': False},
                        {'args': {'d_model': 512,
                                  'dropout': 0.1,
                                  'fc_inner': 64,
                                  'freeze_encoder': False,
                                  'num_classes': 7},
                         'model': 'Video_ResNet',
                         'name': 'enc_1_modality2_encoder',
                         'pretrainedEncoder': {'dir': 'unimodal_video_fold{}_lr0.0001_wd0.0001_bs64.pth.tar',
                                               'use': True},
                         'save_encoder': False},
                        {'args': {'d_model': 512,
                                  'dropout': 0.1,
                                  'fc_inner': 64,
                                  'freeze_encoder': False},
                         'model': 'FusionTrunkLinear',
                         'name': 'enc_2_fusion_trunk',
                         'pretrainedEncoder': {'dir': 'enc_2_fusion_trunk_fold{}.pth.tar',
                                               'use': False},
                         'save_encoder': False},
                        {'args': {'freeze_encoder': False,
                                  'in_dim': 64,
                                  'num_classes': 7},
                         'model': 'LinearHead',
                         'name': 'enc_3_fusion_head',
                         'pretrainedEncoder': {'dir': 'enc_3_fusion_head_fold{}.pth.tar',
                                               'use': False},
                         'save_encoder': False},
                        {'args': {'dropout': 0.1,
                                  'freeze_encoder': False,
                                  'hidden_dim': 64,
                                  'in_dim': 512,
                                  'num_classes': 7},
                         'model': 'MLPHead',
                         'name': 'enc_4_unimodal_head_1',
                         'pretrainedEncoder': {'dir': 'enc_4_unimodal1_fold{}.pth.tar',
                                               'use': False},
                         'save_encoder': False},
                        {'args': {'dropout': 0.1,
                                  'freeze_encoder': False,
                                  'hidden_dim': 64,
                                  'in_dim': 512,
                                  'num_classes': 7},
                         'model': 'MLPHead',
                         'name': 'enc_5_unimodal_head_2',
                         'pretrainedEncoder': {'dir': 'enc_5_unimodal2_fold{}.pth.tar',
                                               'use': False},
                         'save_encoder': False}],
           'load_ongoing': False,
           'model_class': 'FusionIBModel_Mask',
           'save_base_dir': '/esat/smcdata/users/kkontras/Image_Dataset/no_backup/data/2025_data/synergy/CremadPlus/v2',
           'save_dir': 'SynIB_RMask_{}.pth.tar'},
 'optimizer': {'beta1': 0.9,
               'beta2': 0.999,
               'learning_rate': 1e-05,
               'momentum': 0.9,
               'type': 'Adam',
               'weight_decay': 1e-05},
 'scheduler': {'max_lr': 0.03, 'type': 'cosanneal', 'warm_up_steps': 780},
 'training_params': {'async_loading': True,
                     'batch_size': 128,
                     'cuda': True,
                     'data_loader_workers': 8,
                     'gpu_device': [0],
                     'pin_memory': False,
                     'rec_test': True,
                     'res': True,
                     'seed': 109,
                     'tdqm_disable': False,
                     'test_batch_size': 128,
                     'test_on_bottoms': True,
                     'use_test_set': True,
                     'validation': True,
                     'verbose': True,
                     'wandb_disable': False}}
2026-01-15 18:58:43,355 - Config - INFO -  *************************************** 
2026-01-15 18:58:43,355 - Config - INFO - The experiment name is CREMAD Experiment
2026-01-15 18:58:43,355 - Config - INFO -  *************************************** 
2026-01-15 18:58:43,355 - root - INFO - save_dir: SynIB_RMask_fold0_l1_vldsyn_accuracy_fillema_lsparse1_lr0.0001_wd0.0001_clsmlp_bs64.pth.tar
2026-01-15 18:58:43,404 - Cuda Statistics - INFO - __Python VERSION:  3.10.19 (main, Oct 21 2025, 16:43:05) [GCC 11.2.0]
2026-01-15 18:58:43,404 - Cuda Statistics - INFO - __pyTorch VERSION:  2.9.1+cu128
2026-01-15 18:58:43,404 - Cuda Statistics - INFO - __CUDA VERSION
2026-01-15 18:58:43,410 - Cuda Statistics - INFO - __CUDNN VERSION:  91002
2026-01-15 18:58:43,430 - Cuda Statistics - INFO - __Number CUDA Devices:  1
2026-01-15 18:58:43,430 - Cuda Statistics - INFO - __Devices
2026-01-15 18:58:43,430 - Cuda Statistics - INFO - index, name, driver_version, memory.total [MiB], memory.used [MiB], memory.free [MiB]
2026-01-15 18:58:43,430 - Cuda Statistics - INFO - 0, NVIDIA L40S, 580.119.02, 46068 MiB, 3 MiB, 45455 MiB
2026-01-15 18:58:43,433 - Cuda Statistics - INFO - Active CUDA Device: GPU 0
2026-01-15 18:58:43,433 - Cuda Statistics - INFO - Available devices  1
2026-01-15 18:58:43,433 - Cuda Statistics - INFO - Current cuda device  0
2026-01-15 18:58:45,669 - CREMADPlusDataset - INFO - Loaded wav norm from ./mydatasets/CREMAD/wav_norm_22050_fold0.pkl
2026-01-15 18:58:45,679 - CREMADPlusDataset - INFO - [train] Ironic pairing enabled: ironic_rate=1.000, target≈673.7, requested_k=674, applied_k=674
2026-01-15 18:58:45,679 - CREMADPlusDataset - INFO - [train] Flipped-to-sarcasm counts by original class: {0: 135, 1: 143, 2: 94, 3: 111, 4: 98, 5: 93}
2026-01-15 18:58:45,679 - CREMADPlusDataset - INFO - [train] Top (orig_label -> donor_label) sarcasm pairs: [('FEA->HAP', 111), ('DIS->HAP', 98), ('SAD->HAP', 94), ('HAP->ANG', 55), ('HAP->DIS', 47), ('HAP->SAD', 41), ('ANG->HAP', 35), ('ANG->NEU', 35), ('NEU->HAP', 32), ('NEU->FEA', 28)]
2026-01-15 18:58:45,679 - CREMADPlusDataset - INFO - [train] Top donor indices reused (idx, times): [(1334, 4), (3408, 3), (2650, 3), (3255, 3), (3446, 3), (3674, 3), (1379, 3), (2982, 3), (4022, 3), (3631, 3)]
2026-01-15 18:58:45,679 - CREMADPlusDataset - INFO - [train] Label distribution after applying ironic pairs: {0: 570, 1: 695, 2: 476, 3: 512, 4: 525, 5: 590, 6: 674}
2026-01-15 18:58:46,013 - CREMADPlusDataset - INFO - Loaded wav norm from ./mydatasets/CREMAD/wav_norm_22050_fold0.pkl
2026-01-15 18:58:46,015 - CREMADPlusDataset - INFO - [val] Ironic pairing enabled: ironic_rate=1.000, target≈146.3, requested_k=146, applied_k=146
2026-01-15 18:58:46,015 - CREMADPlusDataset - INFO - [val] Flipped-to-sarcasm counts by original class: {0: 27, 1: 31, 2: 19, 3: 21, 4: 23, 5: 25}
2026-01-15 18:58:46,015 - CREMADPlusDataset - INFO - [val] Top (orig_label -> donor_label) sarcasm pairs: [('DIS->HAP', 23), ('FEA->HAP', 21), ('SAD->HAP', 19), ('HAP->DIS', 14), ('HAP->ANG', 12), ('NEU->HAP', 10), ('ANG->NEU', 9), ('ANG->SAD', 8), ('ANG->HAP', 8), ('HAP->SAD', 5)]
2026-01-15 18:58:46,016 - CREMADPlusDataset - INFO - [val] Top donor indices reused (idx, times): [(255, 3), (225, 3), (61, 2), (121, 2), (812, 2), (694, 2), (304, 2), (510, 2), (209, 2), (189, 2)]
2026-01-15 18:58:46,016 - CREMADPlusDataset - INFO - [val] Label distribution after applying ironic pairs: {0: 123, 1: 157, 2: 93, 3: 117, 4: 129, 5: 113, 6: 146}
2026-01-15 18:58:46,355 - CREMADPlusDataset - INFO - Loaded wav norm from ./mydatasets/CREMAD/wav_norm_22050_fold0.pkl
2026-01-15 18:58:46,357 - CREMADPlusDataset - INFO - [test] Ironic pairing enabled: ironic_rate=1.000, target≈149.8, requested_k=150, applied_k=150
2026-01-15 18:58:46,357 - CREMADPlusDataset - INFO - [test] Flipped-to-sarcasm counts by original class: {0: 22, 1: 28, 2: 23, 3: 18, 4: 29, 5: 30}
2026-01-15 18:58:46,357 - CREMADPlusDataset - INFO - [test] Top (orig_label -> donor_label) sarcasm pairs: [('DIS->HAP', 29), ('SAD->HAP', 23), ('FEA->HAP', 18), ('ANG->NEU', 13), ('HAP->ANG', 11), ('ANG->HAP', 11), ('HAP->SAD', 9), ('HAP->DIS', 8), ('NEU->HAP', 8), ('ANG->SAD', 6)]
2026-01-15 18:58:46,357 - CREMADPlusDataset - INFO - [test] Top donor indices reused (idx, times): [(606, 3), (246, 2), (796, 2), (75, 2), (612, 2), (686, 2), (425, 2), (281, 2), (501, 2), (115, 2)]
2026-01-15 18:58:46,357 - CREMADPlusDataset - INFO - [test] Label distribution after applying ironic pairs: {0: 125, 1: 162, 2: 95, 3: 123, 4: 109, 5: 135, 6: 150}
2026-01-15 18:58:46,358 - Agent - INFO - Device: cuda:0
2026-01-15 18:58:46,358 - Agent - INFO - Total training batches: 64, validate every 25 batches, steps per epoch: 3
2026-01-15 18:58:51,725 - Agent - INFO - Loss Weights are {'total': 1, 'combined': 1, 'c': 1, 'g': 1}
2026-01-15 18:58:52,060 - root - INFO - Loading enc best model state dict from /esat/smcdata/users/kkontras/Image_Dataset/no_backup/data/2025_data/synergy/CremadPlus/v2/unimodal_audio_fold0_lr0.001_wd0.0001_bs64.pth.tar
2026-01-15 18:58:52,261 - root - INFO - Loading enc best model state dict from /esat/smcdata/users/kkontras/Image_Dataset/no_backup/data/2025_data/synergy/CremadPlus/v2/unimodal_video_fold0_lr0.0001_wd0.0001_bs64.pth.tar
2026-01-15 18:58:52,281 - Agent - INFO - Total number of trainable parameters are: 22487018
2026-01-15 18:59:16,734 - Agent - INFO - [37mVal Epoch 0 step 0 with [31mce_loss_combined : 2.045220 [31mce_loss_c : 1.383450 [31mce_loss_g : 1.751162 [31mce_mask0 : 2.048383 [31mce_mask1 : 2.047941 [31mkl_synergy_1 : 0.297862 [31mkl_synergy_2 : 0.297947 [31mtotal : 6.737354 [94mAcc_combined: 12.19 [94mAcc_c: 53.08 [94mAcc_g: 43.28 [97mS:[93m3.8%[97m([91m1.1c[97m-[94mF1:4.1%) [97mU1:[93m13.9%[97m([91m3.3c[97m) [97mU2:[93m10.9%[97m([91m2.2c[97m) [97mR:[93m20.9%[97m([91m5.6c[97m) [97mS-L: [92m0:[96m50% [92m2:[96m3% [92m3:[96m16% [92m5:[96m5% [92m6:[96m1%[39m [34mF1_perclass: 29.3-1.7-1.8-8.4-0.0-2.4-1.3 [39m[39m
2026-01-15 18:59:16,750 - Agent - INFO - [37mTest Epoch 0 step 0 with [31mce_loss_combined : 2.022011 [31mce_loss_c : 1.492977 [31mce_loss_g : 1.984664 [31mce_mask0 : 2.022669 [31mce_mask1 : 2.034126 [31mkl_synergy_1 : 0.293206 [31mkl_synergy_2 : 0.283097 [31mtotal : 6.655108 [94mAcc_combined: 14.57 [94mAcc_c: 46.38 [94mAcc_g: 39.38 [97mS:[93m6.2%[97m([91m1.8c[97m-[94mF1:5.8%) [97mU1:[93m22.9%[97m([91m5.6c[97m) [97mU2:[93m11.0%[97m([91m2.7c[97m) [97mR:[93m20.0%[97m([91m4.6c[97m) [97mS-L: [92m0:[96m42% [92m2:[96m3% [92m3:[96m19% [92m4:[96m4% [92m5:[96m5% [92m6:[96m1%[39m [34mF1_perclass: 27.5-0.0-2.1-22.0-5.6-1.3-1.3 [39m[39m
2026-01-15 18:59:16,890 - Agent - INFO - [37mModel saved successfully at: /esat/smcdata/users/kkontras/Image_Dataset/no_backup/data/2025_data/synergy/CremadPlus/v2/SynIB_RMask_fold0_l1_vldsyn_accuracy_fillema_lsparse1_lr0.0001_wd0.0001_clsmlp_bs64.pth.tar[39m
2026-01-15 18:59:16,892 - Agent - INFO - Total number of trainable parameters are: 22487018
2026-01-15 19:00:24,436 - Agent - INFO - [37mVal Epoch 1 step 1 with [31mce_loss_combined : 1.434986 [31mce_loss_c : 1.536803 [31mce_loss_g : 2.024040 [31mce_mask0 : 1.439945 [31mce_mask1 : 1.446667 [31mkl_synergy_1 : 0.844066 [31mkl_synergy_2 : 0.903777 [31mtotal : 6.069440 [94mAcc_combined: 55.47 [94mAcc_c: 43.28 [94mAcc_g: 23.35 [97mS:[93m23.4%[97m([91m6.9c[97m-[94mF1:20.9%) [97mU1:[93m54.1%[97m([91m12.9c[97m) [97mU2:[93m60.9%[97m([91m12.1c[97m) [97mR:[93m88.5%[97m([91m23.6c[97m) [97mS-L: [92m0:[96m25% [92m1:[96m100% [92m2:[96m22% [92m3:[96m42% [92m4:[96m7% [92m5:[96m20% [92m6:[96m9%[39m [34mF1_perclass: 56.5-66.1-46.2-47.5-67.6-71.9-11.5 [39m[39m
2026-01-15 19:00:24,453 - Agent - INFO - [37mTest Epoch 1 step 1 with [31mce_loss_combined : 1.513173 [31mce_loss_c : 1.759727 [31mce_loss_g : 1.881167 [31mce_mask0 : 1.524107 [31mce_mask1 : 1.541989 [31mkl_synergy_1 : 0.861909 [31mkl_synergy_2 : 0.880741 [31mtotal : 6.321919 [94mAcc_combined: 52.06 [94mAcc_c: 37.04 [94mAcc_g: 22.36 [97mS:[93m12.1%[97m([91m3.4c[97m-[94mF1:10.3%) [97mU1:[93m53.2%[97m([91m12.9c[97m) [97mU2:[93m66.7%[97m([91m16.2c[97m) [97mR:[93m85.4%[97m([91m19.5c[97m) [97mS-L: [92m1:[96m88% [92m2:[96m8% [92m3:[96m28% [92m5:[96m19% [92m6:[96m6%[39m [34mF1_perclass: 57.7-57.4-50.6-49.2-49.7-67.4-10.5 [39m[39m
2026-01-15 19:00:24,935 - Agent - INFO - [37mModel saved successfully at: /esat/smcdata/users/kkontras/Image_Dataset/no_backup/data/2025_data/synergy/CremadPlus/v2/SynIB_RMask_fold0_l1_vldsyn_accuracy_fillema_lsparse1_lr0.0001_wd0.0001_clsmlp_bs64.pth.tar[39m
2026-01-15 19:00:24,956 - Agent - INFO - Total number of trainable parameters are: 22487018
2026-01-15 19:01:24,554 - Agent - INFO - [37mVal Epoch 2 step 2 with [31mce_loss_combined : 1.425315 [31mce_loss_c : 1.773137 [31mce_loss_g : 1.770112 [31mce_mask0 : 1.432252 [31mce_mask1 : 1.434946 [31mkl_synergy_1 : 0.685043 [31mkl_synergy_2 : 0.611101 [31mtotal : 5.588657 [94mAcc_combined: 62.53 [94mAcc_c: 31.44 [94mAcc_g: 30.41 [97mS:[93m31.8%[97m([91m9.5c[97m-[94mF1:31.2%) [97mU1:[93m67.5%[97m([91m16.1c[97m) [97mU2:[93m58.6%[97m([91m11.6c[97m) [97mR:[93m95.3%[97m([91m25.4c[97m) [97mS-L: [92m0:[96m25% [92m1:[96m91% [92m2:[96m24% [92m3:[96m45% [92m4:[96m23% [92m5:[96m60% [92m6:[96m16%[39m [34mF1_perclass: 67.1-76.1-48.4-57.7-68.3-75.5-21.6 [39m[39m
2026-01-15 19:01:24,570 - Agent - INFO - [37mTest Epoch 2 step 2 with [31mce_loss_combined : 1.545642 [31mce_loss_c : 1.790943 [31mce_loss_g : 1.754334 [31mce_mask0 : 1.524415 [31mce_mask1 : 1.551014 [31mkl_synergy_1 : 0.661577 [31mkl_synergy_2 : 0.601472 [31mtotal : 5.884121 [94mAcc_combined: 54.39 [94mAcc_c: 30.48 [94mAcc_g: 32.59 [97mS:[93m16.0%[97m([91m4.6c[97m-[94mF1:13.1%) [97mU1:[93m59.6%[97m([91m14.5c[97m) [97mU2:[93m60.7%[97m([91m14.8c[97m) [97mR:[93m90.2%[97m([91m20.6c[97m) [97mS-L: [92m1:[96m62% [92m2:[96m5% [92m3:[96m44% [92m4:[96m4% [92m5:[96m38% [92m6:[96m8%[39m [34mF1_perclass: 64.3-65.2-44.0-52.5-58.4-58.3-12.0 [39m[39m
2026-01-15 19:01:25,173 - Agent - INFO - [37mModel saved successfully at: /esat/smcdata/users/kkontras/Image_Dataset/no_backup/data/2025_data/synergy/CremadPlus/v2/SynIB_RMask_fold0_l1_vldsyn_accuracy_fillema_lsparse1_lr0.0001_wd0.0001_clsmlp_bs64.pth.tar[39m
2026-01-15 19:01:25,177 - Agent - INFO - Total number of trainable parameters are: 22487018
2026-01-15 19:02:22,967 - Agent - INFO - [37mVal Epoch 3 step 3 with [31mce_loss_combined : 1.471140 [31mce_loss_c : 1.913545 [31mce_loss_g : 1.852839 [31mce_mask0 : 1.483916 [31mce_mask1 : 1.474531 [31mkl_synergy_1 : 0.636519 [31mkl_synergy_2 : 0.615167 [31mtotal : 5.681273 [94mAcc_combined: 57.63 [94mAcc_c: 21.98 [94mAcc_g: 23.35 [97mS:[93m37.5%[97m([91m11.2c[97m-[94mF1:30.9%) [97mU1:[93m62.7%[97m([91m14.9c[97m) [97mU2:[93m48.3%[97m([91m9.6c[97m) [97mR:[93m82.5%[97m([91m22.0c[97m) [97mS-L: [92m0:[96m25% [92m1:[96m74% [92m2:[96m24% [92m3:[96m26% [92m4:[96m23% [92m5:[96m20% [92m6:[96m45%[39m [34mF1_perclass: 63.0-77.1-50.3-45.0-67.8-73.5-34.2 [39m[39m
2026-01-15 19:02:22,983 - Agent - INFO - [37mTest Epoch 3 step 3 with [31mce_loss_combined : 1.514041 [31mce_loss_c : 1.886773 [31mce_loss_g : 1.812161 [31mce_mask0 : 1.540265 [31mce_mask1 : 1.528893 [31mkl_synergy_1 : 0.646719 [31mkl_synergy_2 : 0.632174 [31mtotal : 5.862092 [94mAcc_combined: 57.06 [94mAcc_c: 22.25 [94mAcc_g: 20.58 [97mS:[93m28.8%[97m([91m8.2c[97m-[94mF1:16.0%) [97mU1:[93m62.8%[97m([91m15.2c[97m) [97mU2:[93m56.6%[97m([91m13.8c[97m) [97mR:[93m86.8%[97m([91m19.8c[97m) [97mS-L: [92m1:[96m38% [92m2:[96m8% [92m3:[96m42% [92m4:[96m4% [92m5:[96m5% [92m6:[96m43%[39m [34mF1_perclass: 63.7-76.6-47.2-50.2-60.3-66.4-34.3 [39m[39m
2026-01-15 19:02:23,572 - Agent - INFO - [37mModel saved successfully at: /esat/smcdata/users/kkontras/Image_Dataset/no_backup/data/2025_data/synergy/CremadPlus/v2/SynIB_RMask_fold0_l1_vldsyn_accuracy_fillema_lsparse1_lr0.0001_wd0.0001_clsmlp_bs64.pth.tar[39m
2026-01-15 19:02:23,576 - Agent - INFO - Total number of trainable parameters are: 22487018
2026-01-15 19:03:13,688 - Agent - INFO - [37mVal Epoch 4 step 4 with [31mce_loss_combined : 1.519257 [31mce_loss_c : 1.668924 [31mce_loss_g : 1.742475 [31mce_mask0 : 1.527168 [31mce_mask1 : 1.523722 [31mkl_synergy_1 : 0.678949 [31mkl_synergy_2 : 0.700730 [31mtotal : 5.949825 [94mAcc_combined: 50.46 [94mAcc_c: 38.38 [94mAcc_g: 29.16 [97mS:[93m27.2%[97m([91m8.1c[97m-[94mF1:19.6%) [97mU1:[93m46.4%[97m([91m11.0c[97m) [97mU2:[93m48.3%[97m([91m9.6c[97m) [97mR:[93m81.6%[97m([91m21.8c[97m) [97mS-L: [92m0:[96m25% [92m1:[96m78% [92m2:[96m11% [92m3:[96m45% [92m4:[96m3% [92m5:[96m5% [92m6:[96m28%[39m [34mF1_perclass: 67.2-68.9-32.0-41.5-57.8-57.6-23.9 [39m[39m
2026-01-15 19:03:13,703 - Agent - INFO - [37mTest Epoch 4 step 4 with [31mce_loss_combined : 1.604161 [31mce_loss_c : 1.658189 [31mce_loss_g : 1.835238 [31mce_mask0 : 1.615269 [31mce_mask1 : 1.623042 [31mkl_synergy_1 : 0.690040 [31mkl_synergy_2 : 0.693796 [31mtotal : 6.226307 [94mAcc_combined: 49.72 [94mAcc_c: 34.93 [94mAcc_g: 29.37 [97mS:[93m24.1%[97m([91m6.9c[97m-[94mF1:12.6%) [97mU1:[93m50.0%[97m([91m12.1c[97m) [97mU2:[93m51.1%[97m([91m12.5c[97m) [97mR:[93m80.0%[97m([91m18.2c[97m) [97mS-L: [92m1:[96m62% [92m3:[96m53% [92m5:[96m5% [92m6:[96m31%[39m [34mF1_perclass: 64.8-60.5-16.5-47.0-43.1-63.1-30.0 [39m[39m
2026-01-15 19:03:13,704 - Agent - INFO - Total number of trainable parameters are: 22487018
2026-01-15 19:04:10,807 - Agent - INFO - [37mVal Epoch 5 step 5 with [31mce_loss_combined : 1.534344 [31mce_loss_c : 1.574556 [31mce_loss_g : 1.779362 [31mce_mask0 : 1.539387 [31mce_mask1 : 1.552991 [31mkl_synergy_1 : 0.623380 [31mkl_synergy_2 : 0.591591 [31mtotal : 5.841691 [94mAcc_combined: 52.96 [94mAcc_c: 43.17 [94mAcc_g: 25.28 [97mS:[93m22.2%[97m([91m6.6c[97m-[94mF1:20.7%) [97mU1:[93m62.7%[97m([91m14.9c[97m) [97mU2:[93m46.0%[97m([91m9.1c[97m) [97mR:[93m83.8%[97m([91m22.3c[97m) [97mS-L: [92m0:[96m25% [92m1:[96m39% [92m2:[96m5% [92m3:[96m23% [92m4:[96m63% [92m5:[96m20% [92m6:[96m14%[39m [34mF1_perclass: 67.7-62.7-32.1-59.9-47.1-72.3-20.7 [39m[39m
2026-01-15 19:04:10,854 - Agent - INFO - [37mTest Epoch 5 step 5 with [31mce_loss_combined : 1.577721 [31mce_loss_c : 1.608165 [31mce_loss_g : 1.808625 [31mce_mask0 : 1.594377 [31mce_mask1 : 1.575885 [31mkl_synergy_1 : 0.625055 [31mkl_synergy_2 : 0.566809 [31mtotal : 5.939847 [94mAcc_combined: 50.95 [94mAcc_c: 40.04 [94mAcc_g: 28.36 [97mS:[93m17.5%[97m([91m5.0c[97m-[94mF1:14.8%) [97mU1:[93m60.6%[97m([91m14.7c[97m) [97mU2:[93m51.1%[97m([91m12.5c[97m) [97mR:[93m82.4%[97m([91m18.8c[97m) [97mS-L: [92m0:[96m8% [92m1:[96m25% [92m2:[96m11% [92m3:[96m19% [92m4:[96m67% [92m5:[96m10% [92m6:[96m11%[39m [34mF1_perclass: 64.6-76.4-35.8-40.0-44.4-64.1-14.6 [39m[39m
2026-01-15 19:04:10,856 - Agent - INFO - Total number of trainable parameters are: 22487018
2026-01-15 19:05:08,888 - Agent - INFO - [37mVal Epoch 6 step 6 with [31mce_loss_combined : 1.460223 [31mce_loss_c : 1.553796 [31mce_loss_g : 1.575574 [31mce_mask0 : 1.466972 [31mce_mask1 : 1.479183 [31mkl_synergy_1 : 0.588887 [31mkl_synergy_2 : 0.630058 [31mtotal : 5.625324 [94mAcc_combined: 61.50 [94mAcc_c: 45.67 [94mAcc_g: 43.28 [97mS:[93m28.4%[97m([91m8.4c[97m-[94mF1:26.2%) [97mU1:[93m67.9%[97m([91m16.2c[97m) [97mU2:[93m59.8%[97m([91m11.8c[97m) [97mR:[93m94.0%[97m([91m25.1c[97m) [97mS-L: [92m0:[96m25% [92m1:[96m65% [92m3:[96m42% [92m4:[96m20% [92m5:[96m55% [92m6:[96m24%[39m [34mF1_perclass: 71.0-79.2-22.0-55.2-69.0-79.0-25.9 [39m[39m
2026-01-15 19:05:08,943 - Agent - INFO - [37mTest Epoch 6 step 6 with [31mce_loss_combined : 1.537351 [31mce_loss_c : 1.608186 [31mce_loss_g : 1.636670 [31mce_mask0 : 1.540838 [31mce_mask1 : 1.570531 [31mkl_synergy_1 : 0.623628 [31mkl_synergy_2 : 0.629766 [31mtotal : 5.902114 [94mAcc_combined: 56.28 [94mAcc_c: 41.94 [94mAcc_g: 39.82 [97mS:[93m21.4%[97m([91m6.1c[97m-[94mF1:16.4%) [97mU1:[93m60.6%[97m([91m14.7c[97m) [97mU2:[93m62.6%[97m([91m15.2c[97m) [97mR:[93m88.8%[97m([91m20.2c[97m) [97mS-L: [92m1:[96m50% [92m3:[96m50% [92m4:[96m21% [92m5:[96m29% [92m6:[96m19%[39m [34mF1_perclass: 63.9-75.2-16.7-53.7-60.3-65.5-24.7 [39m[39m
2026-01-15 19:05:08,944 - Agent - INFO - Total number of trainable parameters are: 22487018
2026-01-15 19:06:06,634 - Agent - INFO - [37mVal Epoch 7 step 7 with [31mce_loss_combined : 1.443916 [31mce_loss_c : 1.597865 [31mce_loss_g : 1.597667 [31mce_mask0 : 1.450960 [31mce_mask1 : 1.451468 [31mkl_synergy_1 : 0.594049 [31mkl_synergy_2 : 0.539660 [31mtotal : 5.480053 [94mAcc_combined: 60.02 [94mAcc_c: 45.33 [94mAcc_g: 44.31 [97mS:[93m24.9%[97m([91m7.4c[97m-[94mF1:21.9%) [97mU1:[93m73.7%[97m([91m17.5c[97m) [97mU2:[93m53.4%[97m([91m10.6c[97m) [97mR:[93m91.9%[97m([91m24.5c[97m) [97mS-L: [92m0:[96m50% [92m1:[96m74% [92m2:[96m30% [92m3:[96m39% [92m4:[96m13% [92m5:[96m5% [92m6:[96m16%[39m [34mF1_perclass: 67.8-72.9-49.5-55.9-62.9-76.3-18.8 [39m[39m
2026-01-15 19:06:06,649 - Agent - INFO - [37mTest Epoch 7 step 7 with [31mce_loss_combined : 1.505917 [31mce_loss_c : 1.612111 [31mce_loss_g : 1.638314 [31mce_mask0 : 1.519731 [31mce_mask1 : 1.527684 [31mkl_synergy_1 : 0.591180 [31mkl_synergy_2 : 0.521299 [31mtotal : 5.665812 [94mAcc_combined: 57.51 [94mAcc_c: 42.71 [94mAcc_g: 40.16 [97mS:[93m17.5%[97m([91m5.0c[97m-[94mF1:14.3%) [97mU1:[93m68.3%[97m([91m16.6c[97m) [97mU2:[93m63.0%[97m([91m15.4c[97m) [97mR:[93m90.2%[97m([91m20.6c[97m) [97mS-L: [92m0:[96m8% [92m1:[96m62% [92m2:[96m16% [92m3:[96m42% [92m4:[96m4% [92m5:[96m10% [92m6:[96m13%[39m [34mF1_perclass: 63.9-70.5-51.9-51.1-55.0-69.9-20.7 [39m[39m
2026-01-15 19:06:06,650 - Agent - INFO - Total number of trainable parameters are: 22487018
2026-01-15 19:07:10,059 - Agent - INFO - [37mVal Epoch 8 step 8 with [31mce_loss_combined : 1.514197 [31mce_loss_c : 1.509552 [31mce_loss_g : 1.671734 [31mce_mask0 : 1.527361 [31mce_mask1 : 1.517727 [31mkl_synergy_1 : 0.618745 [31mkl_synergy_2 : 0.588999 [31mtotal : 5.767029 [94mAcc_combined: 57.06 [94mAcc_c: 50.00 [94mAcc_g: 35.76 [97mS:[93m31.8%[97m([91m9.5c[97m-[94mF1:28.4%) [97mU1:[93m70.8%[97m([91m16.9c[97m) [97mU2:[93m46.0%[97m([91m9.1c[97m) [97mR:[93m81.2%[97m([91m21.6c[97m) [97mS-L: [92m0:[96m25% [92m1:[96m74% [92m2:[96m59% [92m3:[96m19% [92m4:[96m30% [92m5:[96m20% [92m6:[96m21%[39m [34mF1_perclass: 60.0-73.2-46.8-50.0-61.9-73.1-25.2 [39m[39m
2026-01-15 19:07:10,075 - Agent - INFO - [37mTest Epoch 8 step 8 with [31mce_loss_combined : 1.536316 [31mce_loss_c : 1.544147 [31mce_loss_g : 1.668426 [31mce_mask0 : 1.539166 [31mce_mask1 : 1.543890 [31mkl_synergy_1 : 0.665215 [31mkl_synergy_2 : 0.637304 [31mtotal : 5.921892 [94mAcc_combined: 52.61 [94mAcc_c: 42.83 [94mAcc_g: 39.60 [97mS:[93m23.0%[97m([91m6.6c[97m-[94mF1:17.4%) [97mU1:[93m64.7%[97m([91m15.7c[97m) [97mU2:[93m52.1%[97m([91m12.7c[97m) [97mR:[93m77.6%[97m([91m17.7c[97m) [97mS-L: [92m0:[96m8% [92m1:[96m62% [92m2:[96m50% [92m3:[96m6% [92m4:[96m21% [92m5:[96m10% [92m6:[96m21%[39m [34mF1_perclass: 53.3-70.6-43.6-20.0-58.5-68.2-27.3 [39m[39m
2026-01-15 19:07:10,076 - Agent - INFO - Total number of trainable parameters are: 22487018
2026-01-15 19:08:02,659 - Agent - INFO - [37mVal Epoch 9 step 9 with [31mce_loss_combined : 1.533940 [31mce_loss_c : 1.518337 [31mce_loss_g : 1.585615 [31mce_mask0 : 1.541007 [31mce_mask1 : 1.541253 [31mkl_synergy_1 : 0.555743 [31mkl_synergy_2 : 0.532161 [31mtotal : 5.704104 [94mAcc_combined: 55.24 [94mAcc_c: 45.33 [94mAcc_g: 37.93 [97mS:[93m26.8%[97m([91m8.0c[97m-[94mF1:25.9%) [97mU1:[93m71.8%[97m([91m17.1c[97m) [97mU2:[93m38.5%[97m([91m7.6c[97m) [97mR:[93m84.6%[97m([91m22.6c[97m) [97mS-L: [92m1:[96m52% [92m2:[96m19% [92m3:[96m29% [92m4:[96m10% [92m5:[96m70% [92m6:[96m22%[39m [34mF1_perclass: 63.5-67.2-52.6-51.3-67.3-54.7-25.0 [39m[39m
2026-01-15 19:08:02,713 - Agent - INFO - [37mTest Epoch 9 step 9 with [31mce_loss_combined : 1.564075 [31mce_loss_c : 1.548556 [31mce_loss_g : 1.714214 [31mce_mask0 : 1.572541 [31mce_mask1 : 1.557471 [31mkl_synergy_1 : 0.552563 [31mkl_synergy_2 : 0.509515 [31mtotal : 5.756165 [94mAcc_combined: 49.05 [94mAcc_c: 41.82 [94mAcc_g: 38.71 [97mS:[93m22.2%[97m([91m6.3c[97m-[94mF1:15.0%) [97mU1:[93m61.0%[97m([91m14.8c[97m) [97mU2:[93m38.8%[97m([91m9.5c[97m) [97mR:[93m81.0%[97m([91m18.5c[97m) [97mS-L: [92m1:[96m25% [92m2:[96m5% [92m3:[96m14% [92m5:[96m76% [92m6:[96m27%[39m [34mF1_perclass: 60.0-66.9-42.7-35.7-51.1-48.2-31.3 [39m[39m
2026-01-15 19:08:02,714 - Agent - INFO - Total number of trainable parameters are: 22487018
2026-01-15 19:09:00,565 - Agent - INFO - [37mVal Epoch 10 step 10 with [31mce_loss_combined : 1.510284 [31mce_loss_c : 1.479702 [31mce_loss_g : 1.510074 [31mce_mask0 : 1.520115 [31mce_mask1 : 1.515095 [31mkl_synergy_1 : 0.524422 [31mkl_synergy_2 : 0.459282 [31mtotal : 5.529197 [94mAcc_combined: 60.14 [94mAcc_c: 47.49 [94mAcc_g: 40.43 [97mS:[93m34.9%[97m([91m10.4c[97m-[94mF1:29.1%) [97mU1:[93m66.0%[97m([91m15.7c[97m) [97mU2:[93m50.0%[97m([91m9.9c[97m) [97mR:[93m90.6%[97m([91m24.1c[97m) [97mS-L: [92m0:[96m25% [92m1:[96m70% [92m2:[96m19% [92m3:[96m29% [92m4:[96m40% [92m5:[96m15% [92m6:[96m37%[39m [34mF1_perclass: 64.6-75.5-43.8-61.0-62.8-75.1-31.7 [39m[39m
2026-01-15 19:09:00,630 - Agent - INFO - [37mTest Epoch 10 step 10 with [31mce_loss_combined : 1.558070 [31mce_loss_c : 1.491678 [31mce_loss_g : 1.702290 [31mce_mask0 : 1.556619 [31mce_mask1 : 1.561931 [31mkl_synergy_1 : 0.475856 [31mkl_synergy_2 : 0.420832 [31mtotal : 5.573308 [94mAcc_combined: 55.17 [94mAcc_c: 44.27 [94mAcc_g: 40.04 [97mS:[93m25.3%[97m([91m7.2c[97m-[94mF1:17.9%) [97mU1:[93m62.4%[97m([91m15.1c[97m) [97mU2:[93m54.3%[97m([91m13.2c[97m) [97mR:[93m85.9%[97m([91m19.6c[97m) [97mS-L: [92m1:[96m62% [92m2:[96m8% [92m3:[96m28% [92m4:[96m17% [92m5:[96m19% [92m6:[96m33%[39m [34mF1_perclass: 55.6-66.8-39.2-51.1-60.1-66.4-33.9 [39m[39m
2026-01-15 19:09:01,534 - Agent - INFO - Total number of trainable parameters are: 22487018
2026-01-15 19:09:58,713 - Agent - INFO - [37mVal Epoch 11 step 11 with [31mce_loss_combined : 1.541423 [31mce_loss_c : 1.519393 [31mce_loss_g : 1.744645 [31mce_mask0 : 1.548147 [31mce_mask1 : 1.550197 [31mkl_synergy_1 : 0.509645 [31mkl_synergy_2 : 0.442662 [31mtotal : 5.592074 [94mAcc_combined: 56.83 [94mAcc_c: 44.99 [94mAcc_g: 34.62 [97mS:[93m35.2%[97m([91m10.5c[97m-[94mF1:29.7%) [97mU1:[93m67.9%[97m([91m16.2c[97m) [97mU2:[93m39.7%[97m([91m7.9c[97m) [97mR:[93m83.8%[97m([91m22.3c[97m) [97mS-L: [92m0:[96m25% [92m1:[96m52% [92m2:[96m14% [92m3:[96m19% [92m4:[96m40% [92m5:[96m25% [92m6:[96m44%[39m [34mF1_perclass: 64.0-67.8-41.4-51.7-61.1-74.7-34.0 [39m[39m
2026-01-15 19:09:58,728 - Agent - INFO - [37mTest Epoch 11 step 11 with [31mce_loss_combined : 1.543848 [31mce_loss_c : 1.534580 [31mce_loss_g : 1.802789 [31mce_mask0 : 1.542937 [31mce_mask1 : 1.545158 [31mkl_synergy_1 : 0.506403 [31mkl_synergy_2 : 0.428622 [31mtotal : 5.566967 [94mAcc_combined: 56.17 [94mAcc_c: 40.38 [94mAcc_g: 37.04 [97mS:[93m27.2%[97m([91m7.8c[97m-[94mF1:19.2%) [97mU1:[93m71.1%[97m([91m17.2c[97m) [97mU2:[93m46.6%[97m([91m11.3c[97m) [97mR:[93m86.8%[97m([91m19.8c[97m) [97mS-L: [92m0:[96m17% [92m1:[96m50% [92m2:[96m5% [92m3:[96m17% [92m4:[96m25% [92m5:[96m19% [92m6:[96m39%[39m [34mF1_perclass: 64.3-70.7-41.9-42.1-55.7-67.6-38.6 [39m[39m
2026-01-15 19:09:58,729 - Agent - INFO - Total number of trainable parameters are: 22487018
2026-01-15 19:10:53,686 - Agent - INFO - [37mVal Epoch 12 step 12 with [31mce_loss_combined : 1.516049 [31mce_loss_c : 1.512752 [31mce_loss_g : 1.632058 [31mce_mask0 : 1.529847 [31mce_mask1 : 1.522503 [31mkl_synergy_1 : 0.576809 [31mkl_synergy_2 : 0.506009 [31mtotal : 5.651217 [94mAcc_combined: 54.90 [94mAcc_c: 50.80 [94mAcc_g: 39.98 [97mS:[93m27.2%[97m([91m8.1c[97m-[94mF1:27.6%) [97mU1:[93m65.1%[97m([91m15.5c[97m) [97mU2:[93m39.7%[97m([91m7.9c[97m) [97mR:[93m88.0%[97m([91m23.5c[97m) [97mS-L: [92m0:[96m50% [92m1:[96m43% [92m2:[96m14% [92m3:[96m29% [92m4:[96m13% [92m5:[96m45% [92m6:[96m28%[39m [34mF1_perclass: 56.2-68.0-40.6-53.7-62.4-71.8-29.3 [39m[39m
2026-01-15 19:10:53,743 - Agent - INFO - [37mTest Epoch 12 step 12 with [31mce_loss_combined : 1.535302 [31mce_loss_c : 1.541384 [31mce_loss_g : 1.675936 [31mce_mask0 : 1.518649 [31mce_mask1 : 1.542713 [31mkl_synergy_1 : 0.540525 [31mkl_synergy_2 : 0.446874 [31mtotal : 5.584062 [94mAcc_combined: 53.84 [94mAcc_c: 42.38 [94mAcc_g: 41.82 [97mS:[93m27.6%[97m([91m7.9c[97m-[94mF1:20.5%) [97mU1:[93m66.5%[97m([91m16.1c[97m) [97mU2:[93m42.5%[97m([91m10.3c[97m) [97mR:[93m85.4%[97m([91m19.5c[97m) [97mS-L: [92m0:[96m25% [92m1:[96m25% [92m2:[96m8% [92m3:[96m19% [92m4:[96m12% [92m5:[96m43% [92m6:[96m37%[39m [34mF1_perclass: 64.4-60.2-42.3-44.7-60.4-66.5-33.0 [39m[39m
2026-01-15 19:10:53,745 - Agent - INFO - Total number of trainable parameters are: 22487018
2026-01-15 19:11:49,992 - Agent - INFO - [37mVal Epoch 13 step 13 with [31mce_loss_combined : 1.451927 [31mce_loss_c : 1.522496 [31mce_loss_g : 1.479666 [31mce_mask0 : 1.466041 [31mce_mask1 : 1.461105 [31mkl_synergy_1 : 0.596485 [31mkl_synergy_2 : 0.493766 [31mtotal : 5.469324 [94mAcc_combined: 61.16 [94mAcc_c: 48.75 [94mAcc_g: 45.10 [97mS:[93m33.0%[97m([91m9.8c[97m-[94mF1:30.6%) [97mU1:[93m76.6%[97m([91m18.2c[97m) [97mU2:[93m46.6%[97m([91m9.2c[97m) [97mR:[93m89.7%[97m([91m23.9c[97m) [97mS-L: [92m0:[96m25% [92m1:[96m57% [92m2:[96m24% [92m3:[96m32% [92m4:[96m20% [92m5:[96m40% [92m6:[96m34%[39m [34mF1_perclass: 66.9-72.0-53.8-61.8-67.5-74.2-31.0 [39m[39m
2026-01-15 19:11:50,046 - Agent - INFO - [37mTest Epoch 13 step 13 with [31mce_loss_combined : 1.467648 [31mce_loss_c : 1.539877 [31mce_loss_g : 1.559754 [31mce_mask0 : 1.490063 [31mce_mask1 : 1.475236 [31mkl_synergy_1 : 0.567971 [31mkl_synergy_2 : 0.450313 [31mtotal : 5.451231 [94mAcc_combined: 57.29 [94mAcc_c: 42.71 [94mAcc_g: 46.72 [97mS:[93m24.5%[97m([91m7.0c[97m-[94mF1:16.9%) [97mU1:[93m74.8%[97m([91m18.1c[97m) [97mU2:[93m49.3%[97m([91m12.0c[97m) [97mR:[93m88.3%[97m([91m20.1c[97m) [97mS-L: [92m1:[96m25% [92m2:[96m11% [92m3:[96m17% [92m4:[96m12% [92m5:[96m38% [92m6:[96m34%[39m [34mF1_perclass: 66.9-68.2-49.4-44.1-61.3-70.8-34.4 [39m[39m
2026-01-15 19:11:50,047 - Agent - INFO - Total number of trainable parameters are: 22487018
2026-01-15 19:12:50,111 - Agent - INFO - [37mVal Epoch 14 step 14 with [31mce_loss_combined : 1.463208 [31mce_loss_c : 1.534205 [31mce_loss_g : 1.462224 [31mce_mask0 : 1.476701 [31mce_mask1 : 1.483076 [31mkl_synergy_1 : 0.593348 [31mkl_synergy_2 : 0.501133 [31mtotal : 5.517467 [94mAcc_combined: 60.71 [94mAcc_c: 49.89 [94mAcc_g: 43.28 [97mS:[93m34.9%[97m([91m10.4c[97m-[94mF1:30.3%) [97mU1:[93m72.7%[97m([91m17.3c[97m) [97mU2:[93m46.0%[97m([91m9.1c[97m) [97mR:[93m89.7%[97m([91m23.9c[97m) [97mS-L: [92m0:[96m25% [92m1:[96m57% [92m2:[96m24% [92m3:[96m32% [92m4:[96m27% [92m5:[96m25% [92m6:[96m39%[39m [34mF1_perclass: 63.9-73.0-49.5-58.0-65.9-76.9-35.6 [39m[39m
2026-01-15 19:12:50,128 - Agent - INFO - [37mTest Epoch 14 step 14 with [31mce_loss_combined : 1.510588 [31mce_loss_c : 1.539580 [31mce_loss_g : 1.592426 [31mce_mask0 : 1.501587 [31mce_mask1 : 1.516919 [31mkl_synergy_1 : 0.533752 [31mkl_synergy_2 : 0.445334 [31mtotal : 5.508180 [94mAcc_combined: 56.28 [94mAcc_c: 43.16 [94mAcc_g: 44.94 [97mS:[93m25.7%[97m([91m7.3c[97m-[94mF1:19.9%) [97mU1:[93m70.2%[97m([91m17.0c[97m) [97mU2:[93m49.8%[97m([91m12.1c[97m) [97mR:[93m86.8%[97m([91m19.8c[97m) [97mS-L: [92m0:[96m8% [92m1:[96m50% [92m2:[96m13% [92m3:[96m31% [92m4:[96m17% [92m5:[96m24% [92m6:[96m31%[39m [34mF1_perclass: 62.4-66.1-49.0-49.4-61.1-71.8-31.2 [39m[39m
2026-01-15 19:12:50,129 - Agent - INFO - Total number of trainable parameters are: 22487018
2026-01-15 19:13:51,790 - Agent - INFO - [37mVal Epoch 15 step 15 with [31mce_loss_combined : 1.478057 [31mce_loss_c : 1.543815 [31mce_loss_g : 1.472853 [31mce_mask0 : 1.488672 [31mce_mask1 : 1.489548 [31mkl_synergy_1 : 0.575130 [31mkl_synergy_2 : 0.479052 [31mtotal : 5.510458 [94mAcc_combined: 60.36 [94mAcc_c: 48.41 [94mAcc_g: 42.94 [97mS:[93m33.3%[97m([91m9.9c[97m-[94mF1:30.5%) [97mU1:[93m73.2%[97m([91m17.4c[97m) [97mU2:[93m46.6%[97m([91m9.2c[97m) [97mR:[93m89.3%[97m([91m23.8c[97m) [97mS-L: [92m0:[96m25% [92m1:[96m57% [92m2:[96m24% [92m3:[96m35% [92m4:[96m40% [92m5:[96m30% [92m6:[96m30%[39m [34mF1_perclass: 63.1-70.1-50.0-59.5-67.2-77.9-29.9 [39m[39m
2026-01-15 19:13:51,806 - Agent - INFO - [37mTest Epoch 15 step 15 with [31mce_loss_combined : 1.509919 [31mce_loss_c : 1.547080 [31mce_loss_g : 1.569787 [31mce_mask0 : 1.523379 [31mce_mask1 : 1.531802 [31mkl_synergy_1 : 0.531914 [31mkl_synergy_2 : 0.444705 [31mtotal : 5.541719 [94mAcc_combined: 56.06 [94mAcc_c: 42.94 [94mAcc_g: 45.27 [97mS:[93m24.1%[97m([91m6.9c[97m-[94mF1:17.4%) [97mU1:[93m72.0%[97m([91m17.5c[97m) [97mU2:[93m49.8%[97m([91m12.1c[97m) [97mR:[93m85.9%[97m([91m19.6c[97m) [97mS-L: [92m1:[96m38% [92m2:[96m11% [92m3:[96m22% [92m4:[96m17% [92m5:[96m29% [92m6:[96m31%[39m [34mF1_perclass: 59.6-65.1-48.6-45.2-62.8-70.9-33.7 [39m[39m
2026-01-15 19:13:51,807 - Agent - INFO - Total number of trainable parameters are: 22487018
2026-01-15 19:14:46,756 - Agent - INFO - [37mVal Epoch 16 step 16 with [31mce_loss_combined : 1.580242 [31mce_loss_c : 1.569477 [31mce_loss_g : 1.623313 [31mce_mask0 : 1.584731 [31mce_mask1 : 1.594946 [31mkl_synergy_1 : 0.540404 [31mkl_synergy_2 : 0.454666 [31mtotal : 5.754989 [94mAcc_combined: 52.51 [94mAcc_c: 43.05 [94mAcc_g: 34.97 [97mS:[93m38.3%[97m([91m11.4c[97m-[94mF1:26.9%) [97mU1:[93m60.3%[97m([91m14.4c[97m) [97mU2:[93m35.6%[97m([91m7.1c[97m) [97mR:[93m73.9%[97m([91m19.7c[97m) [97mS-L: [92m0:[96m25% [92m1:[96m39% [92m2:[96m22% [92m3:[96m19% [92m4:[96m17% [92m5:[96m10% [92m6:[96m59%[39m [34mF1_perclass: 63.2-67.4-51.5-45.6-57.4-58.5-34.4 [39m[39m
2026-01-15 19:14:46,772 - Agent - INFO - [37mTest Epoch 16 step 16 with [31mce_loss_combined : 1.581365 [31mce_loss_c : 1.553134 [31mce_loss_g : 1.716809 [31mce_mask0 : 1.581815 [31mce_mask1 : 1.593441 [31mkl_synergy_1 : 0.482725 [31mkl_synergy_2 : 0.409897 [31mtotal : 5.649243 [94mAcc_combined: 53.50 [94mAcc_c: 39.27 [94mAcc_g: 36.37 [97mS:[93m33.5%[97m([91m9.6c[97m-[94mF1:19.6%) [97mU1:[93m58.3%[97m([91m14.1c[97m) [97mU2:[93m50.7%[97m([91m12.3c[97m) [97mR:[93m76.6%[97m([91m17.5c[97m) [97mS-L: [92m0:[96m17% [92m1:[96m50% [92m2:[96m8% [92m3:[96m14% [92m4:[96m12% [92m5:[96m10% [92m6:[96m57%[39m [34mF1_perclass: 63.9-73.7-48.1-37.8-52.3-57.1-39.5 [39m[39m
2026-01-15 19:14:47,447 - Agent - INFO - [37mModel saved successfully at: /esat/smcdata/users/kkontras/Image_Dataset/no_backup/data/2025_data/synergy/CremadPlus/v2/SynIB_RMask_fold0_l1_vldsyn_accuracy_fillema_lsparse1_lr0.0001_wd0.0001_clsmlp_bs64.pth.tar[39m
2026-01-15 19:14:47,451 - Agent - INFO - Total number of trainable parameters are: 22487018
2026-01-15 19:15:45,587 - Agent - INFO - [37mVal Epoch 17 step 17 with [31mce_loss_combined : 1.531665 [31mce_loss_c : 1.545277 [31mce_loss_g : 1.572665 [31mce_mask0 : 1.537234 [31mce_mask1 : 1.539418 [31mkl_synergy_1 : 0.480933 [31mkl_synergy_2 : 0.407385 [31mtotal : 5.496635 [94mAcc_combined: 57.86 [94mAcc_c: 47.84 [94mAcc_g: 41.34 [97mS:[93m30.7%[97m([91m9.1c[97m-[94mF1:29.1%) [97mU1:[93m64.6%[97m([91m15.4c[97m) [97mU2:[93m46.6%[97m([91m9.2c[97m) [97mR:[93m90.6%[97m([91m24.1c[97m) [97mS-L: [92m0:[96m25% [92m1:[96m61% [92m2:[96m8% [92m3:[96m35% [92m4:[96m30% [92m5:[96m65% [92m6:[96m25%[39m [34mF1_perclass: 64.9-67.8-37.4-54.3-70.1-66.2-28.7 [39m[39m
2026-01-15 19:15:45,640 - Agent - INFO - [37mTest Epoch 17 step 17 with [31mce_loss_combined : 1.596344 [31mce_loss_c : 1.566824 [31mce_loss_g : 1.820493 [31mce_mask0 : 1.605296 [31mce_mask1 : 1.612962 [31mkl_synergy_1 : 0.461458 [31mkl_synergy_2 : 0.391971 [31mtotal : 5.668031 [94mAcc_combined: 49.28 [94mAcc_c: 43.72 [94mAcc_g: 40.38 [97mS:[93m23.0%[97m([91m6.6c[97m-[94mF1:15.6%) [97mU1:[93m57.3%[97m([91m13.9c[97m) [97mU2:[93m40.6%[97m([91m9.9c[97m) [97mR:[93m82.9%[97m([91m18.9c[97m) [97mS-L: [92m1:[96m38% [92m2:[96m3% [92m3:[96m25% [92m4:[96m4% [92m5:[96m43% [92m6:[96m31%[39m [34mF1_perclass: 57.4-63.2-23.7-43.0-53.3-56.7-31.1 [39m[39m
2026-01-15 19:15:45,644 - Agent - INFO - Total number of trainable parameters are: 22487018
2026-01-15 19:16:42,757 - Agent - INFO - [37mVal Epoch 18 step 18 with [31mce_loss_combined : 1.511143 [31mce_loss_c : 1.546376 [31mce_loss_g : 1.541725 [31mce_mask0 : 1.519975 [31mce_mask1 : 1.522238 [31mkl_synergy_1 : 0.466322 [31mkl_synergy_2 : 0.373309 [31mtotal : 5.392987 [94mAcc_combined: 58.43 [94mAcc_c: 45.44 [94mAcc_g: 37.93 [97mS:[93m38.7%[97m([91m11.5c[97m-[94mF1:31.2%) [97mU1:[93m69.9%[97m([91m16.6c[97m) [97mU2:[93m41.4%[97m([91m8.2c[97m) [97mR:[93m82.9%[97m([91m22.1c[97m) [97mS-L: [92m0:[96m25% [92m1:[96m57% [92m2:[96m22% [92m3:[96m23% [92m4:[96m27% [92m5:[96m20% [92m6:[96m52%[39m [34mF1_perclass: 64.1-72.8-54.1-45.2-62.6-76.2-37.9 [39m[39m
2026-01-15 19:16:42,773 - Agent - INFO - [37mTest Epoch 18 step 18 with [31mce_loss_combined : 1.510790 [31mce_loss_c : 1.531850 [31mce_loss_g : 1.711165 [31mce_mask0 : 1.511154 [31mce_mask1 : 1.517440 [31mkl_synergy_1 : 0.444508 [31mkl_synergy_2 : 0.339660 [31mtotal : 5.323552 [94mAcc_combined: 56.06 [94mAcc_c: 41.82 [94mAcc_g: 42.60 [97mS:[93m29.6%[97m([91m8.5c[97m-[94mF1:18.6%) [97mU1:[93m71.1%[97m([91m17.2c[97m) [97mU2:[93m47.0%[97m([91m11.5c[97m) [97mR:[93m82.9%[97m([91m18.9c[97m) [97mS-L: [92m0:[96m8% [92m1:[96m25% [92m2:[96m18% [92m3:[96m19% [92m4:[96m4% [92m5:[96m19% [92m6:[96m46%[39m [34mF1_perclass: 62.4-74.7-52.3-42.9-53.7-68.2-38.1 [39m[39m
2026-01-15 19:16:43,343 - Agent - INFO - [37mModel saved successfully at: /esat/smcdata/users/kkontras/Image_Dataset/no_backup/data/2025_data/synergy/CremadPlus/v2/SynIB_RMask_fold0_l1_vldsyn_accuracy_fillema_lsparse1_lr0.0001_wd0.0001_clsmlp_bs64.pth.tar[39m
2026-01-15 19:16:43,347 - Agent - INFO - Total number of trainable parameters are: 22487018
2026-01-15 19:17:41,589 - Agent - INFO - [37mVal Epoch 19 step 19 with [31mce_loss_combined : 1.548764 [31mce_loss_c : 1.610979 [31mce_loss_g : 1.639396 [31mce_mask0 : 1.551126 [31mce_mask1 : 1.550159 [31mkl_synergy_1 : 0.528151 [31mkl_synergy_2 : 0.459909 [31mtotal : 5.638109 [94mAcc_combined: 50.80 [94mAcc_c: 46.70 [94mAcc_g: 37.13 [97mS:[93m29.5%[97m([91m8.8c[97m-[94mF1:23.6%) [97mU1:[93m55.0%[97m([91m13.1c[97m) [97mU2:[93m35.1%[97m([91m6.9c[97m) [97mR:[93m82.5%[97m([91m22.0c[97m) [97mS-L: [92m0:[96m25% [92m1:[96m30% [92m2:[96m8% [92m3:[96m45% [92m4:[96m23% [92m5:[96m5% [92m6:[96m38%[39m [34mF1_perclass: 60.0-52.9-31.5-48.4-63.5-63.3-33.1 [39m[39m
2026-01-15 19:17:41,605 - Agent - INFO - [37mTest Epoch 19 step 19 with [31mce_loss_combined : 1.509249 [31mce_loss_c : 1.590429 [31mce_loss_g : 1.614100 [31mce_mask0 : 1.517791 [31mce_mask1 : 1.543277 [31mkl_synergy_1 : 0.495010 [31mkl_synergy_2 : 0.405309 [31mtotal : 5.470635 [94mAcc_combined: 53.50 [94mAcc_c: 41.60 [94mAcc_g: 41.60 [97mS:[93m27.6%[97m([91m7.9c[97m-[94mF1:18.9%) [97mU1:[93m63.3%[97m([91m15.4c[97m) [97mU2:[93m47.9%[97m([91m11.7c[97m) [97mR:[93m81.5%[97m([91m18.6c[97m) [97mS-L: [92m0:[96m17% [92m1:[96m25% [92m2:[96m11% [92m3:[96m44% [92m4:[96m8% [92m5:[96m10% [92m6:[96m36%[39m [34mF1_perclass: 63.4-64.1-43.1-46.4-55.3-67.8-35.8 [39m[39m
2026-01-15 19:17:41,606 - Agent - INFO - Total number of trainable parameters are: 22487018
2026-01-15 19:18:34,081 - Agent - INFO - [37mVal Epoch 20 step 20 with [31mce_loss_combined : 1.489673 [31mce_loss_c : 1.599494 [31mce_loss_g : 1.555272 [31mce_mask0 : 1.496240 [31mce_mask1 : 1.497526 [31mkl_synergy_1 : 0.541449 [31mkl_synergy_2 : 0.413872 [31mtotal : 5.438760 [94mAcc_combined: 57.06 [94mAcc_c: 43.62 [94mAcc_g: 42.26 [97mS:[93m38.3%[97m([91m11.4c[97m-[94mF1:31.2%) [97mU1:[93m71.8%[97m([91m17.1c[97m) [97mU2:[93m33.9%[97m([91m6.7c[97m) [97mR:[93m82.1%[97m([91m21.9c[97m) [97mS-L: [92m0:[96m50% [92m1:[96m43% [92m2:[96m22% [92m3:[96m23% [92m4:[96m10% [92m5:[96m35% [92m6:[96m54%[39m [34mF1_perclass: 64.6-65.2-51.7-45.2-61.8-75.8-38.9 [39m[39m
2026-01-15 19:18:34,135 - Agent - INFO - [37mTest Epoch 20 step 20 with [31mce_loss_combined : 1.488835 [31mce_loss_c : 1.596462 [31mce_loss_g : 1.623718 [31mce_mask0 : 1.485752 [31mce_mask1 : 1.490106 [31mkl_synergy_1 : 0.525126 [31mkl_synergy_2 : 0.375165 [31mtotal : 5.364985 [94mAcc_combined: 56.84 [94mAcc_c: 39.04 [94mAcc_g: 42.27 [97mS:[93m30.4%[97m([91m8.7c[97m-[94mF1:19.6%) [97mU1:[93m75.7%[97m([91m18.4c[97m) [97mU2:[93m40.2%[97m([91m9.8c[97m) [97mR:[93m87.8%[97m([91m20.0c[97m) [97mS-L: [92m0:[96m25% [92m1:[96m38% [92m2:[96m16% [92m3:[96m8% [92m5:[96m33% [92m6:[96m47%[39m [34mF1_perclass: 67.4-74.6-49.2-38.3-52.2-66.0-41.6 [39m[39m
2026-01-15 19:18:34,921 - Agent - INFO - Total number of trainable parameters are: 22487018
2026-01-15 19:19:32,646 - Agent - INFO - [37mVal Epoch 21 step 21 with [31mce_loss_combined : 1.485907 [31mce_loss_c : 1.620953 [31mce_loss_g : 1.588804 [31mce_mask0 : 1.495670 [31mce_mask1 : 1.496086 [31mkl_synergy_1 : 0.630025 [31mkl_synergy_2 : 0.484062 [31mtotal : 5.591750 [94mAcc_combined: 57.40 [94mAcc_c: 44.65 [94mAcc_g: 40.66 [97mS:[93m26.4%[97m([91m7.9c[97m-[94mF1:23.9%) [97mU1:[93m70.8%[97m([91m16.9c[97m) [97mU2:[93m46.0%[97m([91m9.1c[97m) [97mR:[93m88.5%[97m([91m23.6c[97m) [97mS-L: [92m0:[96m25% [92m1:[96m52% [92m2:[96m11% [92m3:[96m26% [92m4:[96m17% [92m5:[96m45% [92m6:[96m26%[39m [34mF1_perclass: 63.3-67.7-44.3-52.5-66.4-69.9-29.3 [39m[39m
2026-01-15 19:19:32,662 - Agent - INFO - [37mTest Epoch 21 step 21 with [31mce_loss_combined : 1.522370 [31mce_loss_c : 1.609315 [31mce_loss_g : 1.811114 [31mce_mask0 : 1.536442 [31mce_mask1 : 1.542232 [31mkl_synergy_1 : 0.575713 [31mkl_synergy_2 : 0.447334 [31mtotal : 5.624092 [94mAcc_combined: 53.06 [94mAcc_c: 39.27 [94mAcc_g: 40.71 [97mS:[93m24.1%[97m([91m6.9c[97m-[94mF1:17.3%) [97mU1:[93m66.5%[97m([91m16.1c[97m) [97mU2:[93m42.5%[97m([91m10.3c[97m) [97mR:[93m86.3%[97m([91m19.7c[97m) [97mS-L: [92m0:[96m17% [92m1:[96m38% [92m2:[96m13% [92m3:[96m14% [92m4:[96m4% [92m5:[96m33% [92m6:[96m33%[39m [34mF1_perclass: 65.9-60.3-48.3-43.4-53.1-64.0-31.6 [39m[39m
2026-01-15 19:19:32,663 - Agent - INFO - Total number of trainable parameters are: 22487018
2026-01-15 19:20:30,926 - Agent - INFO - [37mVal Epoch 22 step 22 with [31mce_loss_combined : 1.496395 [31mce_loss_c : 1.616402 [31mce_loss_g : 1.458219 [31mce_mask0 : 1.502742 [31mce_mask1 : 1.501207 [31mkl_synergy_1 : 0.574008 [31mkl_synergy_2 : 0.434060 [31mtotal : 5.508411 [94mAcc_combined: 57.06 [94mAcc_c: 47.49 [94mAcc_g: 47.27 [97mS:[93m29.5%[97m([91m8.8c[97m-[94mF1:27.6%) [97mU1:[93m73.7%[97m([91m17.5c[97m) [97mU2:[93m42.0%[97m([91m8.3c[97m) [97mR:[93m84.2%[97m([91m22.4c[97m) [97mS-L: [92m0:[96m50% [92m1:[96m61% [92m2:[96m30% [92m3:[96m29% [92m4:[96m33% [92m5:[96m10% [92m6:[96m25%[39m [34mF1_perclass: 60.4-63.6-54.5-52.7-66.7-70.7-29.9 [39m[39m
2026-01-15 19:20:30,942 - Agent - INFO - [37mTest Epoch 22 step 22 with [31mce_loss_combined : 1.558298 [31mce_loss_c : 1.611079 [31mce_loss_g : 1.730038 [31mce_mask0 : 1.583942 [31mce_mask1 : 1.563080 [31mkl_synergy_1 : 0.520260 [31mkl_synergy_2 : 0.430123 [31mtotal : 5.655704 [94mAcc_combined: 48.16 [94mAcc_c: 42.94 [94mAcc_g: 42.60 [97mS:[93m19.1%[97m([91m5.5c[97m-[94mF1:12.8%) [97mU1:[93m61.5%[97m([91m14.9c[97m) [97mU2:[93m39.7%[97m([91m9.7c[97m) [97mR:[93m79.5%[97m([91m18.1c[97m) [97mS-L: [92m0:[96m17% [92m1:[96m12% [92m2:[96m5% [92m3:[96m14% [92m4:[96m12% [92m5:[96m10% [92m6:[96m29%[39m [34mF1_perclass: 61.7-54.4-41.8-41.2-58.8-56.9-25.2 [39m[39m
2026-01-15 19:20:30,943 - Agent - INFO - Total number of trainable parameters are: 22487018
2026-01-15 19:21:22,324 - Agent - INFO - [37mVal Epoch 23 step 23 with [31mce_loss_combined : 1.506367 [31mce_loss_c : 1.598347 [31mce_loss_g : 1.583268 [31mce_mask0 : 1.510667 [31mce_mask1 : 1.518163 [31mkl_synergy_1 : 0.517767 [31mkl_synergy_2 : 0.382614 [31mtotal : 5.435578 [94mAcc_combined: 57.63 [94mAcc_c: 43.74 [94mAcc_g: 36.67 [97mS:[93m35.6%[97m([91m10.6c[97m-[94mF1:29.5%) [97mU1:[93m68.4%[97m([91m16.3c[97m) [97mU2:[93m39.7%[97m([91m7.9c[97m) [97mR:[93m85.9%[97m([91m22.9c[97m) [97mS-L: [92m0:[96m50% [92m1:[96m48% [92m2:[96m16% [92m3:[96m35% [92m4:[96m17% [92m5:[96m15% [92m6:[96m47%[39m [34mF1_perclass: 63.9-68.4-46.5-52.4-60.6-74.0-39.3 [39m[39m
2026-01-15 19:21:22,378 - Agent - INFO - [37mTest Epoch 23 step 23 with [31mce_loss_combined : 1.497248 [31mce_loss_c : 1.610154 [31mce_loss_g : 1.599979 [31mce_mask0 : 1.501807 [31mce_mask1 : 1.509833 [31mkl_synergy_1 : 0.502448 [31mkl_synergy_2 : 0.382077 [31mtotal : 5.393413 [94mAcc_combined: 55.28 [94mAcc_c: 40.04 [94mAcc_g: 43.60 [97mS:[93m28.8%[97m([91m8.2c[97m-[94mF1:18.6%) [97mU1:[93m68.8%[97m([91m16.7c[97m) [97mU2:[93m46.1%[97m([91m11.2c[97m) [97mR:[93m83.9%[97m([91m19.1c[97m) [97mS-L: [92m0:[96m17% [92m1:[96m38% [92m2:[96m5% [92m3:[96m31% [92m4:[96m4% [92m5:[96m19% [92m6:[96m43%[39m [34mF1_perclass: 64.3-75.7-44.4-43.2-45.8-68.9-37.5 [39m[39m
2026-01-15 19:21:22,379 - Agent - INFO - Total number of trainable parameters are: 22487018
2026-01-15 19:22:18,663 - Agent - INFO - [37mVal Epoch 24 step 24 with [31mce_loss_combined : 1.477562 [31mce_loss_c : 1.592860 [31mce_loss_g : 1.481806 [31mce_mask0 : 1.488003 [31mce_mask1 : 1.485181 [31mkl_synergy_1 : 0.562532 [31mkl_synergy_2 : 0.402556 [31mtotal : 5.415834 [94mAcc_combined: 58.20 [94mAcc_c: 48.41 [94mAcc_g: 43.28 [97mS:[93m33.0%[97m([91m9.8c[97m-[94mF1:30.7%) [97mU1:[93m75.6%[97m([91m18.0c[97m) [97mU2:[93m39.7%[97m([91m7.9c[97m) [97mR:[93m84.6%[97m([91m22.6c[97m) [97mS-L: [92m0:[96m25% [92m1:[96m43% [92m2:[96m27% [92m3:[96m29% [92m4:[96m37% [92m5:[96m30% [92m6:[96m34%[39m [34mF1_perclass: 63.6-70.4-51.0-55.8-57.6-78.2-32.2 [39m[39m
2026-01-15 19:22:18,679 - Agent - INFO - [37mTest Epoch 24 step 24 with [31mce_loss_combined : 1.514187 [31mce_loss_c : 1.600748 [31mce_loss_g : 1.616477 [31mce_mask0 : 1.536985 [31mce_mask1 : 1.528952 [31mkl_synergy_1 : 0.532201 [31mkl_synergy_2 : 0.376599 [31mtotal : 5.488925 [94mAcc_combined: 52.39 [94mAcc_c: 42.49 [94mAcc_g: 45.38 [97mS:[93m25.3%[97m([91m7.2c[97m-[94mF1:18.2%) [97mU1:[93m73.4%[97m([91m17.8c[97m) [97mU2:[93m37.0%[97m([91m9.0c[97m) [97mR:[93m80.5%[97m([91m18.4c[97m) [97mS-L: [92m1:[96m12% [92m2:[96m11% [92m3:[96m25% [92m4:[96m29% [92m5:[96m33% [92m6:[96m31%[39m [34mF1_perclass: 58.1-63.1-48.4-41.3-52.3-69.4-31.0 [39m[39m
2026-01-15 19:22:18,680 - Agent - INFO - Total number of trainable parameters are: 22487018
2026-01-15 19:23:18,068 - Agent - INFO - [37mVal Epoch 25 step 25 with [31mce_loss_combined : 1.515951 [31mce_loss_c : 1.619179 [31mce_loss_g : 1.573930 [31mce_mask0 : 1.521223 [31mce_mask1 : 1.515276 [31mkl_synergy_1 : 0.520450 [31mkl_synergy_2 : 0.375561 [31mtotal : 5.448461 [94mAcc_combined: 55.24 [94mAcc_c: 46.24 [94mAcc_g: 38.72 [97mS:[93m33.7%[97m([91m10.0c[97m-[94mF1:30.8%) [97mU1:[93m70.3%[97m([91m16.7c[97m) [97mU2:[93m36.2%[97m([91m7.2c[97m) [97mR:[93m79.9%[97m([91m21.3c[97m) [97mS-L: [92m0:[96m25% [92m1:[96m43% [92m2:[96m43% [92m3:[96m39% [92m4:[96m23% [92m5:[96m25% [92m6:[96m32%[39m [34mF1_perclass: 58.6-65.4-49.6-54.5-58.7-73.2-28.7 [39m[39m
2026-01-15 19:23:18,084 - Agent - INFO - [37mTest Epoch 25 step 25 with [31mce_loss_combined : 1.532109 [31mce_loss_c : 1.605907 [31mce_loss_g : 1.671975 [31mce_mask0 : 1.526304 [31mce_mask1 : 1.548098 [31mkl_synergy_1 : 0.480842 [31mkl_synergy_2 : 0.364855 [31mtotal : 5.452208 [94mAcc_combined: 52.39 [94mAcc_c: 41.38 [94mAcc_g: 43.27 [97mS:[93m27.2%[97m([91m7.8c[97m-[94mF1:19.5%) [97mU1:[93m70.2%[97m([91m17.0c[97m) [97mU2:[93m37.9%[97m([91m9.2c[97m) [97mR:[93m80.5%[97m([91m18.4c[97m) [97mS-L: [92m1:[96m25% [92m2:[96m21% [92m3:[96m22% [92m4:[96m8% [92m5:[96m43% [92m6:[96m35%[39m [34mF1_perclass: 54.5-63.5-50.4-43.3-50.7-68.6-33.7 [39m[39m
2026-01-15 19:23:18,085 - Agent - INFO - Total number of trainable parameters are: 22487018
2026-01-15 19:24:20,626 - Agent - INFO - [37mVal Epoch 26 step 26 with [31mce_loss_combined : 1.506232 [31mce_loss_c : 1.607297 [31mce_loss_g : 1.541734 [31mce_mask0 : 1.511268 [31mce_mask1 : 1.511621 [31mkl_synergy_1 : 0.513795 [31mkl_synergy_2 : 0.352884 [31mtotal : 5.395801 [94mAcc_combined: 57.63 [94mAcc_c: 47.84 [94mAcc_g: 42.26 [97mS:[93m33.7%[97m([91m10.0c[97m-[94mF1:31.6%) [97mU1:[93m71.3%[97m([91m17.0c[97m) [97mU2:[93m39.1%[97m([91m7.7c[97m) [97mR:[93m85.9%[97m([91m22.9c[97m) [97mS-L: [92m0:[96m50% [92m1:[96m48% [92m2:[96m24% [92m3:[96m32% [92m4:[96m33% [92m5:[96m30% [92m6:[96m34%[39m [34mF1_perclass: 62.5-68.9-47.7-57.1-59.6-75.1-32.0 [39m[39m
2026-01-15 19:24:20,642 - Agent - INFO - [37mTest Epoch 26 step 26 with [31mce_loss_combined : 1.549640 [31mce_loss_c : 1.603299 [31mce_loss_g : 1.683983 [31mce_mask0 : 1.561220 [31mce_mask1 : 1.551731 [31mkl_synergy_1 : 0.471441 [31mkl_synergy_2 : 0.341845 [31mtotal : 5.475877 [94mAcc_combined: 52.61 [94mAcc_c: 42.38 [94mAcc_g: 45.27 [97mS:[93m27.6%[97m([91m7.9c[97m-[94mF1:19.7%) [97mU1:[93m72.0%[97m([91m17.5c[97m) [97mU2:[93m37.0%[97m([91m9.0c[97m) [97mR:[93m80.0%[97m([91m18.2c[97m) [97mS-L: [92m1:[96m25% [92m2:[96m16% [92m3:[96m28% [92m4:[96m17% [92m5:[96m33% [92m6:[96m36%[39m [34mF1_perclass: 59.3-60.1-47.9-42.6-57.1-67.1-33.1 [39m[39m
2026-01-15 19:24:20,643 - Agent - INFO - Total number of trainable parameters are: 22487018
2026-01-15 19:25:17,483 - Agent - INFO - [37mVal Epoch 27 step 27 with [31mce_loss_combined : 1.478298 [31mce_loss_c : 1.627010 [31mce_loss_g : 1.461228 [31mce_mask0 : 1.482478 [31mce_mask1 : 1.475591 [31mkl_synergy_1 : 0.524605 [31mkl_synergy_2 : 0.366924 [31mtotal : 5.327895 [94mAcc_combined: 58.77 [94mAcc_c: 45.67 [94mAcc_g: 45.33 [97mS:[93m34.5%[97m([91m10.3c[97m-[94mF1:31.7%) [97mU1:[93m73.2%[97m([91m17.4c[97m) [97mU2:[93m40.2%[97m([91m8.0c[97m) [97mR:[93m86.8%[97m([91m23.1c[97m) [97mS-L: [92m0:[96m25% [92m1:[96m65% [92m2:[96m24% [92m3:[96m39% [92m4:[96m33% [92m5:[96m20% [92m6:[96m34%[39m [34mF1_perclass: 64.1-72.9-50.6-54.2-62.8-72.7-31.9 [39m[39m
2026-01-15 19:25:17,537 - Agent - INFO - [37mTest Epoch 27 step 27 with [31mce_loss_combined : 1.516131 [31mce_loss_c : 1.621878 [31mce_loss_g : 1.566725 [31mce_mask0 : 1.523525 [31mce_mask1 : 1.527800 [31mkl_synergy_1 : 0.485097 [31mkl_synergy_2 : 0.373318 [31mtotal : 5.425871 [94mAcc_combined: 54.39 [94mAcc_c: 40.38 [94mAcc_g: 46.72 [97mS:[93m27.6%[97m([91m7.9c[97m-[94mF1:19.6%) [97mU1:[93m73.4%[97m([91m17.8c[97m) [97mU2:[93m40.2%[97m([91m9.8c[97m) [97mR:[93m82.9%[97m([91m18.9c[97m) [97mS-L: [92m1:[96m25% [92m2:[96m16% [92m3:[96m33% [92m4:[96m12% [92m5:[96m33% [92m6:[96m35%[39m [34mF1_perclass: 63.4-62.4-51.5-45.3-54.6-67.3-33.9 [39m[39m
2026-01-15 19:25:17,539 - Agent - INFO - Total number of trainable parameters are: 22487018
2026-01-15 19:26:09,883 - Agent - INFO - [37mVal Epoch 28 step 28 with [31mce_loss_combined : 1.477766 [31mce_loss_c : 1.623612 [31mce_loss_g : 1.478421 [31mce_mask0 : 1.489636 [31mce_mask1 : 1.487337 [31mkl_synergy_1 : 0.533484 [31mkl_synergy_2 : 0.368869 [31mtotal : 5.357093 [94mAcc_combined: 59.68 [94mAcc_c: 44.99 [94mAcc_g: 42.82 [97mS:[93m36.8%[97m([91m10.9c[97m-[94mF1:32.0%) [97mU1:[93m70.3%[97m([91m16.7c[97m) [97mU2:[93m47.1%[97m([91m9.3c[97m) [97mR:[93m85.0%[97m([91m22.7c[97m) [97mS-L: [92m0:[96m25% [92m1:[96m61% [92m2:[96m24% [92m3:[96m35% [92m4:[96m33% [92m5:[96m25% [92m6:[96m40%[39m [34mF1_perclass: 63.2-74.2-51.0-57.8-62.4-74.4-35.0 [39m[39m
2026-01-15 19:26:09,901 - Agent - INFO - [37mTest Epoch 28 step 28 with [31mce_loss_combined : 1.513118 [31mce_loss_c : 1.617763 [31mce_loss_g : 1.614311 [31mce_mask0 : 1.504605 [31mce_mask1 : 1.529608 [31mkl_synergy_1 : 0.503430 [31mkl_synergy_2 : 0.368293 [31mtotal : 5.419055 [94mAcc_combined: 53.17 [94mAcc_c: 40.71 [94mAcc_g: 47.05 [97mS:[93m26.1%[97m([91m7.5c[97m-[94mF1:18.1%) [97mU1:[93m71.6%[97m([91m17.4c[97m) [97mU2:[93m40.6%[97m([91m9.9c[97m) [97mR:[93m81.0%[97m([91m18.5c[97m) [97mS-L: [92m1:[96m50% [92m2:[96m16% [92m3:[96m19% [92m4:[96m12% [92m5:[96m19% [92m6:[96m36%[39m [34mF1_perclass: 55.0-64.6-49.5-40.2-57.0-67.4-35.4 [39m[39m
2026-01-15 19:26:09,902 - Agent - INFO - Total number of trainable parameters are: 22487018
2026-01-15 19:27:07,865 - Agent - INFO - [37mVal Epoch 29 step 29 with [31mce_loss_combined : 1.475761 [31mce_loss_c : 1.627611 [31mce_loss_g : 1.443485 [31mce_mask0 : 1.488707 [31mce_mask1 : 1.478166 [31mkl_synergy_1 : 0.524993 [31mkl_synergy_2 : 0.377134 [31mtotal : 5.344762 [94mAcc_combined: 59.68 [94mAcc_c: 46.01 [94mAcc_g: 45.44 [97mS:[93m37.5%[97m([91m11.2c[97m-[94mF1:33.6%) [97mU1:[93m71.8%[97m([91m17.1c[97m) [97mU2:[93m40.8%[97m([91m8.1c[97m) [97mR:[93m87.6%[97m([91m23.3c[97m) [97mS-L: [92m0:[96m25% [92m1:[96m65% [92m2:[96m30% [92m3:[96m35% [92m4:[96m27% [92m5:[96m35% [92m6:[96m39%[39m [34mF1_perclass: 64.2-73.5-50.8-56.5-62.0-74.1-35.2 [39m[39m
2026-01-15 19:27:07,880 - Agent - INFO - [37mTest Epoch 29 step 29 with [31mce_loss_combined : 1.520797 [31mce_loss_c : 1.621512 [31mce_loss_g : 1.597967 [31mce_mask0 : 1.527428 [31mce_mask1 : 1.525320 [31mkl_synergy_1 : 0.489380 [31mkl_synergy_2 : 0.361585 [31mtotal : 5.424510 [94mAcc_combined: 52.39 [94mAcc_c: 40.38 [94mAcc_g: 47.61 [97mS:[93m27.2%[97m([91m7.8c[97m-[94mF1:19.1%) [97mU1:[93m71.6%[97m([91m17.4c[97m) [97mU2:[93m35.6%[97m([91m8.7c[97m) [97mR:[93m81.5%[97m([91m18.6c[97m) [97mS-L: [92m0:[96m8% [92m1:[96m25% [92m2:[96m13% [92m3:[96m22% [92m4:[96m12% [92m5:[96m33% [92m6:[96m37%[39m [34mF1_perclass: 61.8-60.3-48.6-40.3-54.0-66.7-33.3 [39m[39m
2026-01-15 19:27:07,881 - Agent - INFO - Total number of trainable parameters are: 22487018
2026-01-15 19:28:04,653 - Agent - INFO - [37mVal Epoch 30 step 30 with [31mce_loss_combined : 1.475129 [31mce_loss_c : 1.627823 [31mce_loss_g : 1.463294 [31mce_mask0 : 1.486116 [31mce_mask1 : 1.478893 [31mkl_synergy_1 : 0.527060 [31mkl_synergy_2 : 0.373597 [31mtotal : 5.340795 [94mAcc_combined: 59.45 [94mAcc_c: 45.22 [94mAcc_g: 45.33 [97mS:[93m37.2%[97m([91m11.0c[97m-[94mF1:33.0%) [97mU1:[93m70.8%[97m([91m16.9c[97m) [97mU2:[93m42.5%[97m([91m8.4c[97m) [97mR:[93m86.8%[97m([91m23.1c[97m) [97mS-L: [92m0:[96m25% [92m1:[96m74% [92m2:[96m30% [92m3:[96m35% [92m4:[96m27% [92m5:[96m30% [92m6:[96m37%[39m [34mF1_perclass: 63.6-74.1-48.8-56.8-62.3-73.2-35.3 [39m[39m
2026-01-15 19:28:04,668 - Agent - INFO - [37mTest Epoch 30 step 30 with [31mce_loss_combined : 1.516464 [31mce_loss_c : 1.624743 [31mce_loss_g : 1.595383 [31mce_mask0 : 1.522077 [31mce_mask1 : 1.521732 [31mkl_synergy_1 : 0.485407 [31mkl_synergy_2 : 0.379213 [31mtotal : 5.424892 [94mAcc_combined: 52.61 [94mAcc_c: 40.49 [94mAcc_g: 48.72 [97mS:[93m26.1%[97m([91m7.5c[97m-[94mF1:17.3%) [97mU1:[93m73.4%[97m([91m17.8c[97m) [97mU2:[93m37.4%[97m([91m9.1c[97m) [97mR:[93m80.0%[97m([91m18.2c[97m) [97mS-L: [92m1:[96m38% [92m2:[96m13% [92m3:[96m17% [92m4:[96m12% [92m5:[96m24% [92m6:[96m38%[39m [34mF1_perclass: 60.1-62.0-47.7-39.5-54.2-67.1-35.0 [39m[39m
2026-01-15 19:28:05,502 - Agent - INFO - Total number of trainable parameters are: 22487018
2026-01-15 19:29:07,325 - Agent - INFO - [37mVal Epoch 31 step 31 with [31mce_loss_combined : 1.481987 [31mce_loss_c : 1.626529 [31mce_loss_g : 1.468001 [31mce_mask0 : 1.487730 [31mce_mask1 : 1.492112 [31mkl_synergy_1 : 0.514865 [31mkl_synergy_2 : 0.369627 [31mtotal : 5.346321 [94mAcc_combined: 59.91 [94mAcc_c: 45.22 [94mAcc_g: 44.31 [97mS:[93m36.4%[97m([91m10.8c[97m-[94mF1:32.4%) [97mU1:[93m71.3%[97m([91m17.0c[97m) [97mU2:[93m43.7%[97m([91m8.7c[97m) [97mR:[93m88.0%[97m([91m23.5c[97m) [97mS-L: [92m0:[96m25% [92m1:[96m74% [92m2:[96m22% [92m3:[96m35% [92m4:[96m33% [92m5:[96m30% [92m6:[96m36%[39m [34mF1_perclass: 63.2-75.7-47.8-57.1-63.0-72.7-34.2 [39m[39m
2026-01-15 19:29:07,341 - Agent - INFO - [37mTest Epoch 31 step 31 with [31mce_loss_combined : 1.528323 [31mce_loss_c : 1.624789 [31mce_loss_g : 1.633258 [31mce_mask0 : 1.536134 [31mce_mask1 : 1.545039 [31mkl_synergy_1 : 0.493088 [31mkl_synergy_2 : 0.388430 [31mtotal : 5.491014 [94mAcc_combined: 53.17 [94mAcc_c: 40.60 [94mAcc_g: 48.05 [97mS:[93m26.1%[97m([91m7.5c[97m-[94mF1:19.0%) [97mU1:[93m70.2%[97m([91m17.0c[97m) [97mU2:[93m41.1%[97m([91m10.0c[97m) [97mR:[93m82.0%[97m([91m18.7c[97m) [97mS-L: [92m1:[96m62% [92m2:[96m16% [92m3:[96m22% [92m4:[96m12% [92m5:[96m24% [92m6:[96m34%[39m [34mF1_perclass: 57.4-64.5-50.0-40.8-54.0-66.7-33.1 [39m[39m
2026-01-15 19:29:07,342 - Agent - INFO - Total number of trainable parameters are: 22487018
2026-01-15 19:30:04,601 - Agent - INFO - [37mVal Epoch 32 step 32 with [31mce_loss_combined : 1.652927 [31mce_loss_c : 1.658245 [31mce_loss_g : 1.604375 [31mce_mask0 : 1.658186 [31mce_mask1 : 1.662446 [31mkl_synergy_1 : 0.351224 [31mkl_synergy_2 : 0.277065 [31mtotal : 5.601849 [94mAcc_combined: 53.64 [94mAcc_c: 43.62 [94mAcc_g: 39.64 [97mS:[93m26.1%[97m([91m7.7c[97m-[94mF1:25.3%) [97mU1:[93m63.2%[97m([91m15.0c[97m) [97mU2:[93m42.5%[97m([91m8.4c[97m) [97mR:[93m84.2%[97m([91m22.4c[97m) [97mS-L: [92m1:[96m65% [92m2:[96m5% [92m3:[96m52% [92m4:[96m27% [92m5:[96m45% [92m6:[96m16%[39m [34mF1_perclass: 60.0-66.9-34.8-49.4-63.4-63.2-19.4 [39m[39m
2026-01-15 19:30:04,618 - Agent - INFO - [37mTest Epoch 32 step 32 with [31mce_loss_combined : 1.677003 [31mce_loss_c : 1.641596 [31mce_loss_g : 1.749809 [31mce_mask0 : 1.686977 [31mce_mask1 : 1.681330 [31mkl_synergy_1 : 0.347028 [31mkl_synergy_2 : 0.283642 [31mtotal : 5.675980 [94mAcc_combined: 48.28 [94mAcc_c: 37.93 [94mAcc_g: 39.82 [97mS:[93m19.5%[97m([91m5.6c[97m-[94mF1:13.9%) [97mU1:[93m57.3%[97m([91m13.9c[97m) [97mU2:[93m42.9%[97m([91m10.5c[97m) [97mR:[93m80.5%[97m([91m18.4c[97m) [97mS-L: [92m1:[96m50% [92m3:[96m47% [92m4:[96m4% [92m5:[96m24% [92m6:[96m19%[39m [34mF1_perclass: 53.6-60.1-32.5-44.2-50.5-57.5-24.7 [39m[39m
2026-01-15 19:30:04,619 - Agent - INFO - Total number of trainable parameters are: 22487018
2026-01-15 19:31:07,189 - Agent - INFO - [37mVal Epoch 33 step 33 with [31mce_loss_combined : 1.518748 [31mce_loss_c : 1.607060 [31mce_loss_g : 1.565125 [31mce_mask0 : 1.528008 [31mce_mask1 : 1.523962 [31mkl_synergy_1 : 0.457344 [31mkl_synergy_2 : 0.363185 [31mtotal : 5.391247 [94mAcc_combined: 56.49 [94mAcc_c: 46.58 [94mAcc_g: 42.48 [97mS:[93m29.5%[97m([91m8.8c[97m-[94mF1:29.5%) [97mU1:[93m70.3%[97m([91m16.7c[97m) [97mU2:[93m46.0%[97m([91m9.1c[97m) [97mR:[93m82.1%[97m([91m21.9c[97m) [97mS-L: [92m0:[96m25% [92m1:[96m48% [92m2:[96m14% [92m3:[96m42% [92m4:[96m43% [92m5:[96m45% [92m6:[96m22%[39m [34mF1_perclass: 64.1-63.5-42.8-56.2-62.4-73.8-23.5 [39m[39m
2026-01-15 19:31:07,205 - Agent - INFO - [37mTest Epoch 33 step 33 with [31mce_loss_combined : 1.524810 [31mce_loss_c : 1.627880 [31mce_loss_g : 1.603554 [31mce_mask0 : 1.530920 [31mce_mask1 : 1.528391 [31mkl_synergy_1 : 0.425572 [31mkl_synergy_2 : 0.331003 [31mtotal : 5.340696 [94mAcc_combined: 53.62 [94mAcc_c: 42.16 [94mAcc_g: 45.38 [97mS:[93m25.7%[97m([91m7.3c[97m-[94mF1:20.1%) [97mU1:[93m72.0%[97m([91m17.5c[97m) [97mU2:[93m40.2%[97m([91m9.8c[97m) [97mR:[93m83.4%[97m([91m19.0c[97m) [97mS-L: [92m1:[96m25% [92m2:[96m11% [92m3:[96m33% [92m4:[96m29% [92m5:[96m43% [92m6:[96m27%[39m [34mF1_perclass: 62.8-63.9-44.2-47.8-55.7-65.4-29.5 [39m[39m
2026-01-15 19:31:07,206 - Agent - INFO - Total number of trainable parameters are: 22487018
2026-01-15 19:32:02,558 - Agent - INFO - [37mVal Epoch 34 step 34 with [31mce_loss_combined : 1.534576 [31mce_loss_c : 1.604408 [31mce_loss_g : 1.631890 [31mce_mask0 : 1.546408 [31mce_mask1 : 1.536827 [31mkl_synergy_1 : 0.487393 [31mkl_synergy_2 : 0.377471 [31mtotal : 5.482675 [94mAcc_combined: 53.64 [94mAcc_c: 43.51 [94mAcc_g: 35.08 [97mS:[93m31.8%[97m([91m9.5c[97m-[94mF1:27.0%) [97mU1:[93m69.9%[97m([91m16.6c[97m) [97mU2:[93m34.5%[97m([91m6.8c[97m) [97mR:[93m77.8%[97m([91m20.7c[97m) [97mS-L: [92m0:[96m50% [92m1:[96m22% [92m2:[96m16% [92m3:[96m19% [92m4:[96m37% [92m5:[96m35% [92m6:[96m40%[39m [34mF1_perclass: 62.8-49.5-52.8-48.4-59.9-73.5-32.2 [39m[39m
2026-01-15 19:32:02,574 - Agent - INFO - [37mTest Epoch 34 step 34 with [31mce_loss_combined : 1.501392 [31mce_loss_c : 1.624856 [31mce_loss_g : 1.577210 [31mce_mask0 : 1.514760 [31mce_mask1 : 1.496009 [31mkl_synergy_1 : 0.474789 [31mkl_synergy_2 : 0.356758 [31mtotal : 5.343708 [94mAcc_combined: 55.06 [94mAcc_c: 41.27 [94mAcc_g: 38.93 [97mS:[93m30.4%[97m([91m8.7c[97m-[94mF1:21.2%) [97mU1:[93m70.6%[97m([91m17.1c[97m) [97mU2:[93m39.7%[97m([91m9.7c[97m) [97mR:[93m85.9%[97m([91m19.6c[97m) [97mS-L: [92m0:[96m25% [92m1:[96m25% [92m2:[96m5% [92m3:[96m17% [92m4:[96m12% [92m5:[96m33% [92m6:[96m47%[39m [34mF1_perclass: 65.4-71.7-43.9-40.8-51.6-66.5-39.2 [39m[39m
2026-01-15 19:32:02,575 - Agent - INFO - Total number of trainable parameters are: 22487018
2026-01-15 19:32:57,372 - Agent - INFO - [37mVal Epoch 35 step 35 with [31mce_loss_combined : 1.488697 [31mce_loss_c : 1.638044 [31mce_loss_g : 1.641920 [31mce_mask0 : 1.498688 [31mce_mask1 : 1.503489 [31mkl_synergy_1 : 0.529383 [31mkl_synergy_2 : 0.406918 [31mtotal : 5.427176 [94mAcc_combined: 57.29 [94mAcc_c: 40.21 [94mAcc_g: 40.43 [97mS:[93m36.0%[97m([91m10.7c[97m-[94mF1:32.2%) [97mU1:[93m72.2%[97m([91m17.2c[97m) [97mU2:[93m40.2%[97m([91m8.0c[97m) [97mR:[93m80.3%[97m([91m21.4c[97m) [97mS-L: [92m0:[96m50% [92m1:[96m48% [92m2:[96m22% [92m3:[96m39% [92m4:[96m33% [92m5:[96m25% [92m6:[96m40%[39m [34mF1_perclass: 62.2-66.7-47.9-57.5-63.4-71.9-33.9 [39m[39m
2026-01-15 19:32:57,387 - Agent - INFO - [37mTest Epoch 35 step 35 with [31mce_loss_combined : 1.551152 [31mce_loss_c : 1.706565 [31mce_loss_g : 1.707278 [31mce_mask0 : 1.570431 [31mce_mask1 : 1.574998 [31mkl_synergy_1 : 0.485137 [31mkl_synergy_2 : 0.376415 [31mtotal : 5.558134 [94mAcc_combined: 52.73 [94mAcc_c: 36.04 [94mAcc_g: 39.38 [97mS:[93m27.2%[97m([91m7.8c[97m-[94mF1:19.6%) [97mU1:[93m70.2%[97m([91m17.0c[97m) [97mU2:[93m38.8%[97m([91m9.5c[97m) [97mR:[93m81.0%[97m([91m18.5c[97m) [97mS-L: [92m0:[96m8% [92m1:[96m25% [92m2:[96m13% [92m3:[96m31% [92m4:[96m17% [92m5:[96m24% [92m6:[96m36%[39m [34mF1_perclass: 63.5-63.1-45.7-42.5-55.4-67.4-33.0 [39m[39m
2026-01-15 19:32:57,388 - Agent - INFO - Total number of trainable parameters are: 22487018
2026-01-15 19:33:53,962 - Agent - INFO - [37mVal Epoch 36 step 36 with [31mce_loss_combined : 1.521767 [31mce_loss_c : 1.648339 [31mce_loss_g : 1.714070 [31mce_mask0 : 1.524498 [31mce_mask1 : 1.534739 [31mkl_synergy_1 : 0.496015 [31mkl_synergy_2 : 0.373082 [31mtotal : 5.450101 [94mAcc_combined: 58.54 [94mAcc_c: 46.47 [94mAcc_g: 44.19 [97mS:[93m31.8%[97m([91m9.5c[97m-[94mF1:29.4%) [97mU1:[93m76.1%[97m([91m18.1c[97m) [97mU2:[93m40.8%[97m([91m8.1c[97m) [97mR:[93m85.9%[97m([91m22.9c[97m) [97mS-L: [92m0:[96m50% [92m1:[96m61% [92m2:[96m27% [92m3:[96m32% [92m4:[96m10% [92m5:[96m55% [92m6:[96m28%[39m [34mF1_perclass: 64.7-66.2-51.1-53.1-62.4-70.0-34.6 [39m[39m
2026-01-15 19:33:53,978 - Agent - INFO - [37mTest Epoch 36 step 36 with [31mce_loss_combined : 1.560310 [31mce_loss_c : 1.660559 [31mce_loss_g : 1.724788 [31mce_mask0 : 1.566930 [31mce_mask1 : 1.566113 [31mkl_synergy_1 : 0.529361 [31mkl_synergy_2 : 0.406480 [31mtotal : 5.629196 [94mAcc_combined: 51.39 [94mAcc_c: 40.27 [94mAcc_g: 44.72 [97mS:[93m24.1%[97m([91m6.9c[97m-[94mF1:18.6%) [97mU1:[93m69.3%[97m([91m16.8c[97m) [97mU2:[93m35.6%[97m([91m8.7c[97m) [97mR:[93m83.4%[97m([91m19.0c[97m) [97mS-L: [92m0:[96m8% [92m1:[96m38% [92m2:[96m13% [92m3:[96m28% [92m4:[96m8% [92m5:[96m43% [92m6:[96m27%[39m [34mF1_perclass: 62.9-54.7-48.2-47.5-54.1-60.7-27.9 [39m[39m
2026-01-15 19:33:53,979 - Agent - INFO - Total number of trainable parameters are: 22487018
2026-01-15 19:34:50,420 - Agent - INFO - [37mVal Epoch 37 step 37 with [31mce_loss_combined : 1.530469 [31mce_loss_c : 1.600533 [31mce_loss_g : 1.570476 [31mce_mask0 : 1.530700 [31mce_mask1 : 1.533157 [31mkl_synergy_1 : 0.454124 [31mkl_synergy_2 : 0.335416 [31mtotal : 5.383865 [94mAcc_combined: 57.97 [94mAcc_c: 45.33 [94mAcc_g: 38.95 [97mS:[93m37.5%[97m([91m11.2c[97m-[94mF1:31.3%) [97mU1:[93m68.9%[97m([91m16.4c[97m) [97mU2:[93m40.8%[97m([91m8.1c[97m) [97mR:[93m83.8%[97m([91m22.3c[97m) [97mS-L: [92m0:[96m25% [92m1:[96m78% [92m2:[96m11% [92m3:[96m26% [92m4:[96m27% [92m5:[96m50% [92m6:[96m42%[39m [34mF1_perclass: 65.1-71.4-39.7-51.0-61.9-71.9-35.0 [39m[39m
2026-01-15 19:34:50,474 - Agent - INFO - [37mTest Epoch 37 step 37 with [31mce_loss_combined : 1.606037 [31mce_loss_c : 1.656172 [31mce_loss_g : 1.765537 [31mce_mask0 : 1.617012 [31mce_mask1 : 1.619881 [31mkl_synergy_1 : 0.460678 [31mkl_synergy_2 : 0.350263 [31mtotal : 5.653870 [94mAcc_combined: 50.17 [94mAcc_c: 40.71 [94mAcc_g: 37.93 [97mS:[93m24.9%[97m([91m7.1c[97m-[94mF1:15.8%) [97mU1:[93m67.9%[97m([91m16.5c[97m) [97mU2:[93m36.5%[97m([91m8.9c[97m) [97mR:[93m77.6%[97m([91m17.7c[97m) [97mS-L: [92m1:[96m50% [92m2:[96m3% [92m3:[96m19% [92m4:[96m8% [92m5:[96m33% [92m6:[96m36%[39m [34mF1_perclass: 59.9-57.5-40.9-37.8-48.6-63.6-33.4 [39m[39m
2026-01-15 19:34:50,475 - Agent - INFO - Total number of trainable parameters are: 22487018
2026-01-15 19:35:47,827 - Agent - INFO - [37mVal Epoch 38 step 38 with [31mce_loss_combined : 1.501509 [31mce_loss_c : 1.629597 [31mce_loss_g : 1.688574 [31mce_mask0 : 1.511745 [31mce_mask1 : 1.513313 [31mkl_synergy_1 : 0.466644 [31mkl_synergy_2 : 0.352418 [31mtotal : 5.345628 [94mAcc_combined: 57.97 [94mAcc_c: 42.48 [94mAcc_g: 42.14 [97mS:[93m37.9%[97m([91m11.3c[97m-[94mF1:31.1%) [97mU1:[93m61.2%[97m([91m14.6c[97m) [97mU2:[93m47.7%[97m([91m9.5c[97m) [97mR:[93m85.0%[97m([91m22.7c[97m) [97mS-L: [92m1:[96m70% [92m2:[96m16% [92m3:[96m42% [92m4:[96m23% [92m5:[96m30% [92m6:[96m44%[39m [34mF1_perclass: 64.7-75.3-39.5-49.3-61.0-73.9-39.1 [39m[39m
2026-01-15 19:35:47,842 - Agent - INFO - [37mTest Epoch 38 step 38 with [31mce_loss_combined : 1.553337 [31mce_loss_c : 1.626576 [31mce_loss_g : 1.909509 [31mce_mask0 : 1.530723 [31mce_mask1 : 1.570606 [31mkl_synergy_1 : 0.496979 [31mkl_synergy_2 : 0.391088 [31mtotal : 5.542734 [94mAcc_combined: 52.28 [94mAcc_c: 40.27 [94mAcc_g: 41.27 [97mS:[93m25.7%[97m([91m7.3c[97m-[94mF1:18.6%) [97mU1:[93m58.7%[97m([91m14.2c[97m) [97mU2:[93m49.8%[97m([91m12.1c[97m) [97mR:[93m81.5%[97m([91m18.6c[97m) [97mS-L: [92m1:[96m62% [92m2:[96m11% [92m3:[96m33% [92m4:[96m8% [92m5:[96m29% [92m6:[96m31%[39m [34mF1_perclass: 50.5-70.5-43.3-45.5-52.4-62.9-32.4 [39m[39m
2026-01-15 19:35:47,843 - Agent - INFO - Total number of trainable parameters are: 22487018
2026-01-15 19:36:41,096 - Agent - INFO - [37mVal Epoch 39 step 39 with [31mce_loss_combined : 1.503845 [31mce_loss_c : 1.641705 [31mce_loss_g : 1.455134 [31mce_mask0 : 1.511492 [31mce_mask1 : 1.519652 [31mkl_synergy_1 : 0.467559 [31mkl_synergy_2 : 0.406746 [31mtotal : 5.409294 [94mAcc_combined: 56.49 [94mAcc_c: 43.62 [94mAcc_g: 45.67 [97mS:[93m39.1%[97m([91m11.6c[97m-[94mF1:31.8%) [97mU1:[93m71.8%[97m([91m17.1c[97m) [97mU2:[93m37.9%[97m([91m7.5c[97m) [97mR:[93m76.1%[97m([91m20.3c[97m) [97mS-L: [92m0:[96m25% [92m1:[96m61% [92m2:[96m35% [92m3:[96m13% [92m4:[96m13% [92m5:[96m50% [92m6:[96m48%[39m [34mF1_perclass: 61.2-70.3-48.4-34.2-64.5-74.9-38.6 [39m[39m
2026-01-15 19:36:41,112 - Agent - INFO - [37mTest Epoch 39 step 39 with [31mce_loss_combined : 1.579130 [31mce_loss_c : 1.661314 [31mce_loss_g : 1.586401 [31mce_mask0 : 1.589718 [31mce_mask1 : 1.578586 [31mkl_synergy_1 : 0.475434 [31mkl_synergy_2 : 0.446709 [31mtotal : 5.669576 [94mAcc_combined: 48.16 [94mAcc_c: 38.82 [94mAcc_g: 45.05 [97mS:[93m30.7%[97m([91m8.8c[97m-[94mF1:16.9%) [97mU1:[93m54.6%[97m([91m13.2c[97m) [97mU2:[93m34.2%[97m([91m8.3c[97m) [97mR:[93m78.0%[97m([91m17.8c[97m) [97mS-L: [92m1:[96m50% [92m2:[96m32% [92m5:[96m29% [92m6:[96m48%[39m [34mF1_perclass: 60.1-63.9-38.2-22.1-49.4-62.8-32.5 [39m[39m
2026-01-15 19:36:41,795 - Agent - INFO - [37mModel saved successfully at: /esat/smcdata/users/kkontras/Image_Dataset/no_backup/data/2025_data/synergy/CremadPlus/v2/SynIB_RMask_fold0_l1_vldsyn_accuracy_fillema_lsparse1_lr0.0001_wd0.0001_clsmlp_bs64.pth.tar[39m
2026-01-15 19:36:41,800 - Agent - INFO - Total number of trainable parameters are: 22487018
2026-01-15 19:37:46,169 - Agent - INFO - [37mVal Epoch 40 step 40 with [31mce_loss_combined : 1.585044 [31mce_loss_c : 1.619558 [31mce_loss_g : 1.768243 [31mce_mask0 : 1.592674 [31mce_mask1 : 1.592563 [31mkl_synergy_1 : 0.413273 [31mkl_synergy_2 : 0.320764 [31mtotal : 5.504317 [94mAcc_combined: 51.71 [94mAcc_c: 43.51 [94mAcc_g: 32.12 [97mS:[93m30.7%[97m([91m9.1c[97m-[94mF1:24.7%) [97mU1:[93m66.0%[97m([91m15.7c[97m) [97mU2:[93m33.9%[97m([91m6.7c[97m) [97mR:[93m75.6%[97m([91m20.2c[97m) [97mS-L: [92m0:[96m50% [92m1:[96m9% [92m2:[96m30% [92m3:[96m32% [92m4:[96m17% [92m5:[96m35% [92m6:[96m37%[39m [34mF1_perclass: 66.2-41.7-50.5-51.6-53.6-69.8-30.2 [39m[39m
2026-01-15 19:37:46,185 - Agent - INFO - [37mTest Epoch 40 step 40 with [31mce_loss_combined : 1.543985 [31mce_loss_c : 1.605878 [31mce_loss_g : 1.738099 [31mce_mask0 : 1.546254 [31mce_mask1 : 1.531053 [31mkl_synergy_1 : 0.436492 [31mkl_synergy_2 : 0.345189 [31mtotal : 5.402973 [94mAcc_combined: 52.50 [94mAcc_c: 41.05 [94mAcc_g: 37.26 [97mS:[93m28.4%[97m([91m8.1c[97m-[94mF1:18.7%) [97mU1:[93m69.3%[97m([91m16.8c[97m) [97mU2:[93m42.0%[97m([91m10.2c[97m) [97mR:[93m76.1%[97m([91m17.4c[97m) [97mS-L: [92m0:[96m17% [92m2:[96m24% [92m3:[96m25% [92m4:[96m4% [92m5:[96m38% [92m6:[96m37%[39m [34mF1_perclass: 64.2-69.4-43.6-42.9-44.4-64.0-35.8 [39m[39m
2026-01-15 19:37:46,895 - Agent - INFO - Total number of trainable parameters are: 22487018
2026-01-15 19:38:47,054 - Agent - INFO - [37mVal Epoch 41 step 41 with [31mce_loss_combined : 1.486106 [31mce_loss_c : 1.597898 [31mce_loss_g : 1.573480 [31mce_mask0 : 1.491667 [31mce_mask1 : 1.488114 [31mkl_synergy_1 : 0.455369 [31mkl_synergy_2 : 0.363725 [31mtotal : 5.284981 [94mAcc_combined: 59.23 [94mAcc_c: 47.61 [94mAcc_g: 42.60 [97mS:[93m34.1%[97m([91m10.1c[97m-[94mF1:30.6%) [97mU1:[93m78.5%[97m([91m18.7c[97m) [97mU2:[93m37.9%[97m([91m7.5c[97m) [97mR:[93m85.9%[97m([91m22.9c[97m) [97mS-L: [92m0:[96m25% [92m1:[96m39% [92m2:[96m32% [92m3:[96m29% [92m4:[96m23% [92m5:[96m40% [92m6:[96m37%[39m [34mF1_perclass: 69.1-68.1-53.3-56.0-59.0-72.1-34.7 [39m[39m
2026-01-15 19:38:47,108 - Agent - INFO - [37mTest Epoch 41 step 41 with [31mce_loss_combined : 1.508983 [31mce_loss_c : 1.591318 [31mce_loss_g : 1.567862 [31mce_mask0 : 1.526448 [31mce_mask1 : 1.516953 [31mkl_synergy_1 : 0.435740 [31mkl_synergy_2 : 0.361080 [31mtotal : 5.349205 [94mAcc_combined: 55.39 [94mAcc_c: 43.16 [94mAcc_g: 44.61 [97mS:[93m27.6%[97m([91m7.9c[97m-[94mF1:19.9%) [97mU1:[93m74.8%[97m([91m18.1c[97m) [97mU2:[93m40.2%[97m([91m9.8c[97m) [97mR:[93m85.9%[97m([91m19.6c[97m) [97mS-L: [92m0:[96m8% [92m1:[96m50% [92m2:[96m29% [92m3:[96m17% [92m4:[96m4% [92m5:[96m24% [92m6:[96m36%[39m [34mF1_perclass: 69.4-70.4-48.9-43.7-51.2-63.5-35.6 [39m[39m
2026-01-15 19:38:47,109 - Agent - INFO - Total number of trainable parameters are: 22487018
2026-01-15 19:39:49,270 - Agent - INFO - [37mVal Epoch 42 step 42 with [31mce_loss_combined : 1.493743 [31mce_loss_c : 1.616960 [31mce_loss_g : 1.494530 [31mce_mask0 : 1.504644 [31mce_mask1 : 1.495893 [31mkl_synergy_1 : 0.456178 [31mkl_synergy_2 : 0.360712 [31mtotal : 5.311169 [94mAcc_combined: 59.68 [94mAcc_c: 46.70 [94mAcc_g: 44.65 [97mS:[93m34.9%[97m([91m10.4c[97m-[94mF1:31.9%) [97mU1:[93m74.6%[97m([91m17.8c[97m) [97mU2:[93m42.0%[97m([91m8.3c[97m) [97mR:[93m87.2%[97m([91m23.2c[97m) [97mS-L: [92m0:[96m25% [92m1:[96m57% [92m2:[96m22% [92m3:[96m29% [92m4:[96m40% [92m5:[96m45% [92m6:[96m34%[39m [34mF1_perclass: 66.7-66.0-49.2-54.7-66.9-75.7-33.7 [39m[39m
2026-01-15 19:39:49,324 - Agent - INFO - [37mTest Epoch 42 step 42 with [31mce_loss_combined : 1.562839 [31mce_loss_c : 1.627179 [31mce_loss_g : 1.656193 [31mce_mask0 : 1.612148 [31mce_mask1 : 1.578930 [31mkl_synergy_1 : 0.453218 [31mkl_synergy_2 : 0.353892 [31mtotal : 5.561027 [94mAcc_combined: 52.28 [94mAcc_c: 42.71 [94mAcc_g: 42.05 [97mS:[93m23.3%[97m([91m6.7c[97m-[94mF1:17.8%) [97mU1:[93m68.3%[97m([91m16.6c[97m) [97mU2:[93m39.3%[97m([91m9.6c[97m) [97mR:[93m85.4%[97m([91m19.5c[97m) [97mS-L: [92m1:[96m50% [92m2:[96m21% [92m3:[96m25% [92m4:[96m12% [92m5:[96m19% [92m6:[96m27%[39m [34mF1_perclass: 67.2-56.9-45.6-45.1-55.7-66.0-27.7 [39m[39m
2026-01-15 19:39:49,325 - Agent - INFO - Total number of trainable parameters are: 22487018
2026-01-15 19:40:47,194 - Agent - INFO - [37mVal Epoch 43 step 43 with [31mce_loss_combined : 1.481492 [31mce_loss_c : 1.630296 [31mce_loss_g : 1.541203 [31mce_mask0 : 1.498040 [31mce_mask1 : 1.485183 [31mkl_synergy_1 : 0.416667 [31mkl_synergy_2 : 0.330642 [31mtotal : 5.212024 [94mAcc_combined: 60.48 [94mAcc_c: 46.36 [94mAcc_g: 42.82 [97mS:[93m36.0%[97m([91m10.7c[97m-[94mF1:34.1%) [97mU1:[93m77.0%[97m([91m18.3c[97m) [97mU2:[93m42.5%[97m([91m8.4c[97m) [97mR:[93m86.3%[97m([91m23.0c[97m) [97mS-L: [92m0:[96m50% [92m1:[96m65% [92m2:[96m24% [92m3:[96m32% [92m4:[96m30% [92m5:[96m45% [92m6:[96m34%[39m [34mF1_perclass: 65.5-75.2-54.1-56.9-61.0-72.1-33.8 [39m[39m
2026-01-15 19:40:47,210 - Agent - INFO - [37mTest Epoch 43 step 43 with [31mce_loss_combined : 1.516110 [31mce_loss_c : 1.628838 [31mce_loss_g : 1.566559 [31mce_mask0 : 1.515042 [31mce_mask1 : 1.509893 [31mkl_synergy_1 : 0.415146 [31mkl_synergy_2 : 0.359060 [31mtotal : 5.315252 [94mAcc_combined: 55.62 [94mAcc_c: 42.94 [94mAcc_g: 45.05 [97mS:[93m24.1%[97m([91m6.9c[97m-[94mF1:18.0%) [97mU1:[93m75.2%[97m([91m18.2c[97m) [97mU2:[93m43.4%[97m([91m10.6c[97m) [97mR:[93m87.3%[97m([91m19.9c[97m) [97mS-L: [92m0:[96m8% [92m1:[96m62% [92m2:[96m13% [92m3:[96m17% [92m4:[96m8% [92m5:[96m29% [92m6:[96m31%[39m [34mF1_perclass: 65.6-66.1-50.0-43.4-56.5-65.4-33.8 [39m[39m
2026-01-15 19:40:47,211 - Agent - INFO - Total number of trainable parameters are: 22487018
2026-01-15 19:41:44,469 - Agent - INFO - [37mVal Epoch 44 step 44 with [31mce_loss_combined : 1.489807 [31mce_loss_c : 1.611057 [31mce_loss_g : 1.488343 [31mce_mask0 : 1.497072 [31mce_mask1 : 1.499507 [31mkl_synergy_1 : 0.446271 [31mkl_synergy_2 : 0.358236 [31mtotal : 5.290894 [94mAcc_combined: 61.16 [94mAcc_c: 50.91 [94mAcc_g: 45.56 [97mS:[93m33.0%[97m([91m9.8c[97m-[94mF1:32.3%) [97mU1:[93m78.9%[97m([91m18.8c[97m) [97mU2:[93m43.7%[97m([91m8.7c[97m) [97mR:[93m89.7%[97m([91m23.9c[97m) [97mS-L: [92m0:[96m25% [92m1:[96m52% [92m2:[96m27% [92m3:[96m32% [92m4:[96m30% [92m5:[96m55% [92m6:[96m28%[39m [34mF1_perclass: 62.9-70.5-55.6-60.0-62.4-76.4-33.2 [39m[39m
2026-01-15 19:41:44,487 - Agent - INFO - [37mTest Epoch 44 step 44 with [31mce_loss_combined : 1.561837 [31mce_loss_c : 1.598521 [31mce_loss_g : 1.678493 [31mce_mask0 : 1.582872 [31mce_mask1 : 1.583676 [31mkl_synergy_1 : 0.431995 [31mkl_synergy_2 : 0.354687 [31mtotal : 5.515068 [94mAcc_combined: 53.62 [94mAcc_c: 44.49 [94mAcc_g: 41.05 [97mS:[93m22.2%[97m([91m6.3c[97m-[94mF1:16.6%) [97mU1:[93m73.4%[97m([91m17.8c[97m) [97mU2:[93m40.6%[97m([91m9.9c[97m) [97mR:[93m85.9%[97m([91m19.6c[97m) [97mS-L: [92m0:[96m8% [92m1:[96m38% [92m2:[96m13% [92m3:[96m25% [92m4:[96m8% [92m5:[96m19% [92m6:[96m28%[39m [34mF1_perclass: 66.7-58.7-49.4-43.3-57.9-63.4-30.3 [39m[39m
2026-01-15 19:41:44,488 - Agent - INFO - Total number of trainable parameters are: 22487018
2026-01-15 19:42:41,353 - Agent - INFO - [37mVal Epoch 45 step 45 with [31mce_loss_combined : 1.496707 [31mce_loss_c : 1.604852 [31mce_loss_g : 1.544405 [31mce_mask0 : 1.507109 [31mce_mask1 : 1.499074 [31mkl_synergy_1 : 0.454080 [31mkl_synergy_2 : 0.348300 [31mtotal : 5.305269 [94mAcc_combined: 57.63 [94mAcc_c: 47.27 [94mAcc_g: 42.26 [97mS:[93m35.2%[97m([91m10.5c[97m-[94mF1:30.6%) [97mU1:[93m67.9%[97m([91m16.2c[97m) [97mU2:[93m41.4%[97m([91m8.2c[97m) [97mR:[93m85.5%[97m([91m22.8c[97m) [97mS-L: [92m1:[96m57% [92m2:[96m16% [92m3:[96m32% [92m4:[96m30% [92m5:[96m45% [92m6:[96m39%[39m [34mF1_perclass: 58.9-70.3-44.8-54.7-64.7-68.3-36.6 [39m[39m
2026-01-15 19:42:41,370 - Agent - INFO - [37mTest Epoch 45 step 45 with [31mce_loss_combined : 1.580755 [31mce_loss_c : 1.632720 [31mce_loss_g : 1.659132 [31mce_mask0 : 1.583170 [31mce_mask1 : 1.571186 [31mkl_synergy_1 : 0.459835 [31mkl_synergy_2 : 0.363077 [31mtotal : 5.558023 [94mAcc_combined: 50.72 [94mAcc_c: 41.05 [94mAcc_g: 43.72 [97mS:[93m26.8%[97m([91m7.7c[97m-[94mF1:17.3%) [97mU1:[93m63.8%[97m([91m15.5c[97m) [97mU2:[93m38.8%[97m([91m9.5c[97m) [97mR:[93m79.5%[97m([91m18.1c[97m) [97mS-L: [92m1:[96m25% [92m2:[96m8% [92m3:[96m31% [92m4:[96m8% [92m5:[96m33% [92m6:[96m37%[39m [34mF1_perclass: 54.3-57.0-46.5-47.1-55.8-60.4-33.1 [39m[39m
2026-01-15 19:42:41,371 - Agent - INFO - Total number of trainable parameters are: 22487018
2026-01-15 19:43:38,532 - Agent - INFO - [37mVal Epoch 46 step 46 with [31mce_loss_combined : 1.493489 [31mce_loss_c : 1.626670 [31mce_loss_g : 1.538232 [31mce_mask0 : 1.506244 [31mce_mask1 : 1.506456 [31mkl_synergy_1 : 0.454606 [31mkl_synergy_2 : 0.376824 [31mtotal : 5.337619 [94mAcc_combined: 58.43 [94mAcc_c: 44.99 [94mAcc_g: 41.91 [97mS:[93m39.1%[97m([91m11.6c[97m-[94mF1:32.8%) [97mU1:[93m65.6%[97m([91m15.6c[97m) [97mU2:[93m44.8%[97m([91m8.9c[97m) [97mR:[93m83.8%[97m([91m22.3c[97m) [97mS-L: [92m1:[96m70% [92m2:[96m19% [92m3:[96m48% [92m4:[96m30% [92m5:[96m40% [92m6:[96m41%[39m [34mF1_perclass: 63.3-70.3-45.8-52.6-66.9-72.5-36.6 [39m[39m
2026-01-15 19:43:38,548 - Agent - INFO - [37mTest Epoch 46 step 46 with [31mce_loss_combined : 1.585848 [31mce_loss_c : 1.647085 [31mce_loss_g : 1.762452 [31mce_mask0 : 1.585790 [31mce_mask1 : 1.588048 [31mkl_synergy_1 : 0.488374 [31mkl_synergy_2 : 0.416865 [31mtotal : 5.664924 [94mAcc_combined: 49.50 [94mAcc_c: 41.49 [94mAcc_g: 40.49 [97mS:[93m27.2%[97m([91m7.8c[97m-[94mF1:17.8%) [97mU1:[93m52.3%[97m([91m12.7c[97m) [97mU2:[93m45.2%[97m([91m11.0c[97m) [97mR:[93m79.0%[97m([91m18.0c[97m) [97mS-L: [92m1:[96m50% [92m2:[96m11% [92m3:[96m33% [92m4:[96m4% [92m5:[96m29% [92m6:[96m36%[39m [34mF1_perclass: 48.1-59.1-41.7-46.2-58.8-61.6-31.2 [39m[39m
2026-01-15 19:43:38,549 - Agent - INFO - Total number of trainable parameters are: 22487018
2026-01-15 19:44:31,342 - Agent - INFO - [37mVal Epoch 47 step 47 with [31mce_loss_combined : 1.434729 [31mce_loss_c : 1.611342 [31mce_loss_g : 1.517527 [31mce_mask0 : 1.446225 [31mce_mask1 : 1.444726 [31mkl_synergy_1 : 0.481958 [31mkl_synergy_2 : 0.393601 [31mtotal : 5.201239 [94mAcc_combined: 60.82 [94mAcc_c: 50.11 [94mAcc_g: 43.17 [97mS:[93m41.8%[97m([91m12.4c[97m-[94mF1:35.6%) [97mU1:[93m70.8%[97m([91m16.9c[97m) [97mU2:[93m45.4%[97m([91m9.0c[97m) [97mR:[93m84.6%[97m([91m22.6c[97m) [97mS-L: [92m1:[96m57% [92m2:[96m27% [92m3:[96m29% [92m4:[96m23% [92m5:[96m40% [92m6:[96m53%[39m [34mF1_perclass: 65.7-72.2-53.1-52.7-67.2-76.3-42.5 [39m[39m
2026-01-15 19:44:31,358 - Agent - INFO - [37mTest Epoch 47 step 47 with [31mce_loss_combined : 1.478783 [31mce_loss_c : 1.611226 [31mce_loss_g : 1.554090 [31mce_mask0 : 1.479730 [31mce_mask1 : 1.481049 [31mkl_synergy_1 : 0.499028 [31mkl_synergy_2 : 0.382161 [31mtotal : 5.320751 [94mAcc_combined: 56.73 [94mAcc_c: 43.16 [94mAcc_g: 44.72 [97mS:[93m31.9%[97m([91m9.1c[97m-[94mF1:20.6%) [97mU1:[93m72.0%[97m([91m17.5c[97m) [97mU2:[93m43.4%[97m([91m10.6c[97m) [97mR:[93m85.9%[97m([91m19.6c[97m) [97mS-L: [92m1:[96m25% [92m2:[96m18% [92m3:[96m28% [92m4:[96m12% [92m5:[96m24% [92m6:[96m47%[39m [34mF1_perclass: 64.9-68.5-52.0-45.2-63.4-67.8-39.1 [39m[39m
2026-01-15 19:44:32,047 - Agent - INFO - [37mModel saved successfully at: /esat/smcdata/users/kkontras/Image_Dataset/no_backup/data/2025_data/synergy/CremadPlus/v2/SynIB_RMask_fold0_l1_vldsyn_accuracy_fillema_lsparse1_lr0.0001_wd0.0001_clsmlp_bs64.pth.tar[39m
2026-01-15 19:44:32,052 - Agent - INFO - Total number of trainable parameters are: 22487018
2026-01-15 19:45:30,150 - Agent - INFO - [37mVal Epoch 48 step 48 with [31mce_loss_combined : 1.503569 [31mce_loss_c : 1.619289 [31mce_loss_g : 1.620777 [31mce_mask0 : 1.514174 [31mce_mask1 : 1.507906 [31mkl_synergy_1 : 0.448877 [31mkl_synergy_2 : 0.384593 [31mtotal : 5.359118 [94mAcc_combined: 56.15 [94mAcc_c: 44.53 [94mAcc_g: 39.29 [97mS:[93m41.0%[97m([91m12.2c[97m-[94mF1:32.7%) [97mU1:[93m63.2%[97m([91m15.0c[97m) [97mU2:[93m42.5%[97m([91m8.4c[97m) [97mR:[93m76.9%[97m([91m20.5c[97m) [97mS-L: [92m1:[96m57% [92m2:[96m24% [92m3:[96m26% [92m4:[96m40% [92m5:[96m30% [92m6:[96m51%[39m [34mF1_perclass: 45.8-72.1-49.0-56.1-60.1-71.9-38.1 [39m[39m
2026-01-15 19:45:30,165 - Agent - INFO - [37mTest Epoch 48 step 48 with [31mce_loss_combined : 1.579310 [31mce_loss_c : 1.650054 [31mce_loss_g : 1.713386 [31mce_mask0 : 1.602738 [31mce_mask1 : 1.593653 [31mkl_synergy_1 : 0.473463 [31mkl_synergy_2 : 0.393311 [31mtotal : 5.642475 [94mAcc_combined: 48.72 [94mAcc_c: 40.71 [94mAcc_g: 44.49 [97mS:[93m27.6%[97m([91m7.9c[97m-[94mF1:18.1%) [97mU1:[93m56.9%[97m([91m13.8c[97m) [97mU2:[93m40.6%[97m([91m9.9c[97m) [97mR:[93m75.1%[97m([91m17.1c[97m) [97mS-L: [92m1:[96m25% [92m2:[96m16% [92m3:[96m17% [92m4:[96m12% [92m5:[96m38% [92m6:[96m39%[39m [34mF1_perclass: 23.0-65.5-45.5-39.1-56.2-66.5-31.5 [39m[39m
2026-01-15 19:45:30,167 - Agent - INFO - Total number of trainable parameters are: 22487018
2026-01-15 19:46:29,032 - Agent - INFO - [37mVal Epoch 49 step 49 with [31mce_loss_combined : 1.420029 [31mce_loss_c : 1.588815 [31mce_loss_g : 1.482787 [31mce_mask0 : 1.427339 [31mce_mask1 : 1.431876 [31mkl_synergy_1 : 0.429943 [31mkl_synergy_2 : 0.359808 [31mtotal : 5.068994 [94mAcc_combined: 63.33 [94mAcc_c: 48.18 [94mAcc_g: 47.61 [97mS:[93m40.6%[97m([91m12.1c[97m-[94mF1:34.2%) [97mU1:[93m77.0%[97m([91m18.3c[97m) [97mU2:[93m48.3%[97m([91m9.6c[97m) [97mR:[93m87.6%[97m([91m23.3c[97m) [97mS-L: [92m0:[96m25% [92m1:[96m57% [92m2:[96m24% [92m3:[96m39% [92m4:[96m27% [92m5:[96m25% [92m6:[96m50%[39m [34mF1_perclass: 68.1-78.1-52.7-54.9-68.0-77.1-43.9 [39m[39m
2026-01-15 19:46:29,047 - Agent - INFO - [37mTest Epoch 49 step 49 with [31mce_loss_combined : 1.486486 [31mce_loss_c : 1.600631 [31mce_loss_g : 1.524774 [31mce_mask0 : 1.496597 [31mce_mask1 : 1.488967 [31mkl_synergy_1 : 0.441593 [31mkl_synergy_2 : 0.391236 [31mtotal : 5.304877 [94mAcc_combined: 54.84 [94mAcc_c: 41.38 [94mAcc_g: 45.38 [97mS:[93m26.8%[97m([91m7.7c[97m-[94mF1:17.9%) [97mU1:[93m69.3%[97m([91m16.8c[97m) [97mU2:[93m43.4%[97m([91m10.6c[97m) [97mR:[93m86.8%[97m([91m19.8c[97m) [97mS-L: [92m0:[96m8% [92m1:[96m38% [92m2:[96m13% [92m3:[96m19% [92m4:[96m8% [92m5:[96m19% [92m6:[96m40%[39m [34mF1_perclass: 64.1-67.7-47.8-40.5-59.2-66.4-36.6 [39m[39m
2026-01-15 19:46:29,048 - Agent - INFO - Total number of trainable parameters are: 22487018
2026-01-15 19:47:21,464 - Agent - INFO - [37mVal Epoch 50 step 50 with [31mce_loss_combined : 1.446610 [31mce_loss_c : 1.606117 [31mce_loss_g : 1.505871 [31mce_mask0 : 1.446037 [31mce_mask1 : 1.460688 [31mkl_synergy_1 : 0.442669 [31mkl_synergy_2 : 0.381702 [31mtotal : 5.177707 [94mAcc_combined: 60.71 [94mAcc_c: 47.72 [94mAcc_g: 46.47 [97mS:[93m37.2%[97m([91m11.0c[97m-[94mF1:32.5%) [97mU1:[93m73.7%[97m([91m17.5c[97m) [97mU2:[93m46.0%[97m([91m9.1c[97m) [97mR:[93m86.3%[97m([91m23.0c[97m) [97mS-L: [92m0:[96m25% [92m1:[96m57% [92m2:[96m22% [92m3:[96m29% [92m4:[96m27% [92m5:[96m40% [92m6:[96m43%[39m [34mF1_perclass: 66.7-75.3-52.9-53.3-64.2-73.6-37.7 [39m[39m
2026-01-15 19:47:21,480 - Agent - INFO - [37mTest Epoch 50 step 50 with [31mce_loss_combined : 1.518435 [31mce_loss_c : 1.642855 [31mce_loss_g : 1.529730 [31mce_mask0 : 1.526670 [31mce_mask1 : 1.517395 [31mkl_synergy_1 : 0.433566 [31mkl_synergy_2 : 0.374445 [31mtotal : 5.370512 [94mAcc_combined: 54.39 [94mAcc_c: 42.16 [94mAcc_g: 46.72 [97mS:[93m25.3%[97m([91m7.2c[97m-[94mF1:18.0%) [97mU1:[93m70.2%[97m([91m17.0c[97m) [97mU2:[93m43.4%[97m([91m10.6c[97m) [97mR:[93m85.9%[97m([91m19.6c[97m) [97mS-L: [92m0:[96m8% [92m1:[96m25% [92m2:[96m16% [92m3:[96m22% [92m4:[96m8% [92m5:[96m29% [92m6:[96m34%[39m [34mF1_perclass: 64.0-71.1-48.3-43.1-54.7-63.6-32.3 [39m[39m
2026-01-15 19:47:22,238 - Agent - INFO - Total number of trainable parameters are: 22487018
2026-01-15 19:48:28,453 - Agent - INFO - [37mVal Epoch 51 step 51 with [31mce_loss_combined : 1.489117 [31mce_loss_c : 1.624242 [31mce_loss_g : 1.572281 [31mce_mask0 : 1.496632 [31mce_mask1 : 1.496982 [31mkl_synergy_1 : 0.462627 [31mkl_synergy_2 : 0.394135 [31mtotal : 5.339494 [94mAcc_combined: 57.86 [94mAcc_c: 45.67 [94mAcc_g: 41.34 [97mS:[93m36.4%[97m([91m10.8c[97m-[94mF1:31.7%) [97mU1:[93m71.8%[97m([91m17.1c[97m) [97mU2:[93m42.0%[97m([91m8.3c[97m) [97mR:[93m81.2%[97m([91m21.6c[97m) [97mS-L: [92m0:[96m25% [92m1:[96m39% [92m2:[96m24% [92m3:[96m32% [92m4:[96m40% [92m5:[96m30% [92m6:[96m41%[39m [34mF1_perclass: 62.7-63.4-52.0-56.6-62.2-73.8-36.4 [39m[39m
2026-01-15 19:48:28,469 - Agent - INFO - [37mTest Epoch 51 step 51 with [31mce_loss_combined : 1.510132 [31mce_loss_c : 1.650850 [31mce_loss_g : 1.553206 [31mce_mask0 : 1.526166 [31mce_mask1 : 1.543132 [31mkl_synergy_1 : 0.444116 [31mkl_synergy_2 : 0.404622 [31mtotal : 5.428167 [94mAcc_combined: 54.62 [94mAcc_c: 41.38 [94mAcc_g: 44.61 [97mS:[93m25.7%[97m([91m7.3c[97m-[94mF1:17.4%) [97mU1:[93m72.0%[97m([91m17.5c[97m) [97mU2:[93m42.5%[97m([91m10.3c[97m) [97mR:[93m85.4%[97m([91m19.5c[97m) [97mS-L: [92m1:[96m12% [92m2:[96m21% [92m3:[96m22% [92m4:[96m12% [92m5:[96m29% [92m6:[96m34%[39m [34mF1_perclass: 60.0-70.7-48.5-44.4-55.3-65.2-34.6 [39m[39m
2026-01-15 19:48:28,470 - Agent - INFO - Total number of trainable parameters are: 22487018
2026-01-15 19:49:26,557 - Agent - INFO - [37mVal Epoch 52 step 52 with [31mce_loss_combined : 1.499738 [31mce_loss_c : 1.616568 [31mce_loss_g : 1.644308 [31mce_mask0 : 1.503603 [31mce_mask1 : 1.510488 [31mkl_synergy_1 : 0.460603 [31mkl_synergy_2 : 0.380054 [31mtotal : 5.354486 [94mAcc_combined: 56.38 [94mAcc_c: 45.90 [94mAcc_g: 36.45 [97mS:[93m32.2%[97m([91m9.6c[97m-[94mF1:28.3%) [97mU1:[93m70.3%[97m([91m16.7c[97m) [97mU2:[93m42.5%[97m([91m8.4c[97m) [97mR:[93m81.2%[97m([91m21.6c[97m) [97mS-L: [92m0:[96m25% [92m1:[96m30% [92m2:[96m30% [92m3:[96m39% [92m4:[96m43% [92m5:[96m15% [92m6:[96m32%[39m [34mF1_perclass: 64.2-61.2-51.8-58.9-59.8-70.9-29.8 [39m[39m
2026-01-15 19:49:26,572 - Agent - INFO - [37mTest Epoch 52 step 52 with [31mce_loss_combined : 1.505768 [31mce_loss_c : 1.628509 [31mce_loss_g : 1.625682 [31mce_mask0 : 1.499633 [31mce_mask1 : 1.506853 [31mkl_synergy_1 : 0.431892 [31mkl_synergy_2 : 0.353269 [31mtotal : 5.297415 [94mAcc_combined: 55.28 [94mAcc_c: 41.38 [94mAcc_g: 39.04 [97mS:[93m27.6%[97m([91m7.9c[97m-[94mF1:19.3%) [97mU1:[93m69.7%[97m([91m16.9c[97m) [97mU2:[93m44.7%[97m([91m10.9c[97m) [97mR:[93m85.9%[97m([91m19.6c[97m) [97mS-L: [92m1:[96m25% [92m2:[96m24% [92m3:[96m19% [92m4:[96m17% [92m5:[96m24% [92m6:[96m37%[39m [34mF1_perclass: 60.8-72.4-49.3-41.5-56.3-65.3-37.9 [39m[39m
2026-01-15 19:49:26,574 - Agent - INFO - Total number of trainable parameters are: 22487018
2026-01-15 19:50:22,565 - Agent - INFO - [37mVal Epoch 53 step 53 with [31mce_loss_combined : 1.451136 [31mce_loss_c : 1.641150 [31mce_loss_g : 1.543997 [31mce_mask0 : 1.462079 [31mce_mask1 : 1.458355 [31mkl_synergy_1 : 0.443632 [31mkl_synergy_2 : 0.370259 [31mtotal : 5.185461 [94mAcc_combined: 61.05 [94mAcc_c: 46.58 [94mAcc_g: 44.76 [97mS:[93m39.1%[97m([91m11.6c[97m-[94mF1:34.1%) [97mU1:[93m75.6%[97m([91m18.0c[97m) [97mU2:[93m45.4%[97m([91m9.0c[97m) [97mR:[93m84.2%[97m([91m22.4c[97m) [97mS-L: [92m0:[96m25% [92m1:[96m57% [92m2:[96m32% [92m3:[96m29% [92m4:[96m27% [92m5:[96m35% [92m6:[96m45%[39m [34mF1_perclass: 65.4-74.6-52.3-58.4-60.9-76.3-40.3 [39m[39m
2026-01-15 19:50:22,619 - Agent - INFO - [37mTest Epoch 53 step 53 with [31mce_loss_combined : 1.516036 [31mce_loss_c : 1.648676 [31mce_loss_g : 1.581094 [31mce_mask0 : 1.525528 [31mce_mask1 : 1.522277 [31mkl_synergy_1 : 0.439683 [31mkl_synergy_2 : 0.354299 [31mtotal : 5.357822 [94mAcc_combined: 54.73 [94mAcc_c: 41.71 [94mAcc_g: 44.61 [97mS:[93m28.4%[97m([91m8.1c[97m-[94mF1:18.9%) [97mU1:[93m70.6%[97m([91m17.1c[97m) [97mU2:[93m42.9%[97m([91m10.5c[97m) [97mR:[93m83.4%[97m([91m19.0c[97m) [97mS-L: [92m1:[96m50% [92m2:[96m18% [92m3:[96m14% [92m4:[96m12% [92m5:[96m24% [92m6:[96m42%[39m [34mF1_perclass: 62.8-70.6-44.5-40.4-56.6-64.2-38.6 [39m[39m
2026-01-15 19:50:22,620 - Agent - INFO - Total number of trainable parameters are: 22487018
2026-01-15 19:51:20,588 - Agent - INFO - [37mVal Epoch 54 step 54 with [31mce_loss_combined : 1.444502 [31mce_loss_c : 1.632725 [31mce_loss_g : 1.518798 [31mce_mask0 : 1.445030 [31mce_mask1 : 1.451134 [31mkl_synergy_1 : 0.449837 [31mkl_synergy_2 : 0.367698 [31mtotal : 5.158201 [94mAcc_combined: 60.82 [94mAcc_c: 46.24 [94mAcc_g: 45.33 [97mS:[93m38.3%[97m([91m11.4c[97m-[94mF1:33.1%) [97mU1:[93m74.2%[97m([91m17.7c[97m) [97mU2:[93m46.0%[97m([91m9.1c[97m) [97mR:[93m85.0%[97m([91m22.7c[97m) [97mS-L: [92m0:[96m25% [92m1:[96m61% [92m2:[96m22% [92m3:[96m29% [92m4:[96m30% [92m5:[96m35% [92m6:[96m45%[39m [34mF1_perclass: 65.7-77.4-50.5-54.5-64.0-74.3-38.2 [39m[39m
2026-01-15 19:51:20,604 - Agent - INFO - [37mTest Epoch 54 step 54 with [31mce_loss_combined : 1.494427 [31mce_loss_c : 1.634021 [31mce_loss_g : 1.554482 [31mce_mask0 : 1.503595 [31mce_mask1 : 1.506172 [31mkl_synergy_1 : 0.443142 [31mkl_synergy_2 : 0.354277 [31mtotal : 5.301613 [94mAcc_combined: 56.28 [94mAcc_c: 42.83 [94mAcc_g: 46.94 [97mS:[93m30.4%[97m([91m8.7c[97m-[94mF1:19.7%) [97mU1:[93m71.6%[97m([91m17.4c[97m) [97mU2:[93m43.8%[97m([91m10.7c[97m) [97mR:[93m85.9%[97m([91m19.6c[97m) [97mS-L: [92m1:[96m38% [92m2:[96m16% [92m3:[96m19% [92m4:[96m8% [92m5:[96m33% [92m6:[96m45%[39m [34mF1_perclass: 61.8-75.2-44.6-43.9-53.6-65.2-40.5 [39m[39m
2026-01-15 19:51:20,605 - Agent - INFO - Total number of trainable parameters are: 22487018
2026-01-15 19:52:18,419 - Agent - INFO - [37mVal Epoch 55 step 55 with [31mce_loss_combined : 1.465810 [31mce_loss_c : 1.640599 [31mce_loss_g : 1.521555 [31mce_mask0 : 1.469471 [31mce_mask1 : 1.468561 [31mkl_synergy_1 : 0.450387 [31mkl_synergy_2 : 0.362060 [31mtotal : 5.216290 [94mAcc_combined: 60.48 [94mAcc_c: 45.56 [94mAcc_g: 44.99 [97mS:[93m39.1%[97m([91m11.6c[97m-[94mF1:35.2%) [97mU1:[93m74.2%[97m([91m17.7c[97m) [97mU2:[93m44.8%[97m([91m8.9c[97m) [97mR:[93m83.8%[97m([91m22.3c[97m) [97mS-L: [92m0:[96m25% [92m1:[96m57% [92m2:[96m27% [92m3:[96m32% [92m4:[96m33% [92m5:[96m40% [92m6:[96m43%[39m [34mF1_perclass: 65.2-77.0-50.3-54.9-61.8-77.7-37.1 [39m[39m
2026-01-15 19:52:18,435 - Agent - INFO - [37mTest Epoch 55 step 55 with [31mce_loss_combined : 1.523937 [31mce_loss_c : 1.645175 [31mce_loss_g : 1.540784 [31mce_mask0 : 1.543489 [31mce_mask1 : 1.544117 [31mkl_synergy_1 : 0.433170 [31mkl_synergy_2 : 0.346225 [31mtotal : 5.390938 [94mAcc_combined: 54.73 [94mAcc_c: 42.71 [94mAcc_g: 46.16 [97mS:[93m29.2%[97m([91m8.3c[97m-[94mF1:19.9%) [97mU1:[93m67.9%[97m([91m16.5c[97m) [97mU2:[93m43.8%[97m([91m10.7c[97m) [97mR:[93m84.4%[97m([91m19.2c[97m) [97mS-L: [92m1:[96m38% [92m2:[96m21% [92m3:[96m28% [92m4:[96m8% [92m5:[96m24% [92m6:[96m40%[39m [34mF1_perclass: 60.1-71.7-48.5-47.3-53.1-62.0-37.8 [39m[39m
2026-01-15 19:52:18,436 - Agent - INFO - Total number of trainable parameters are: 22487018
2026-01-15 19:53:22,456 - Agent - INFO - [37mVal Epoch 56 step 56 with [31mce_loss_combined : 1.452139 [31mce_loss_c : 1.647501 [31mce_loss_g : 1.486764 [31mce_mask0 : 1.455999 [31mce_mask1 : 1.447304 [31mkl_synergy_1 : 0.447997 [31mkl_synergy_2 : 0.368714 [31mtotal : 5.172153 [94mAcc_combined: 61.85 [94mAcc_c: 46.01 [94mAcc_g: 47.84 [97mS:[93m39.8%[97m([91m11.8c[97m-[94mF1:35.0%) [97mU1:[93m74.2%[97m([91m17.7c[97m) [97mU2:[93m45.4%[97m([91m9.0c[97m) [97mR:[93m87.6%[97m([91m23.3c[97m) [97mS-L: [92m0:[96m25% [92m1:[96m65% [92m2:[96m30% [92m3:[96m32% [92m4:[96m27% [92m5:[96m35% [92m6:[96m45%[39m [34mF1_perclass: 67.6-79.0-50.5-55.2-63.3-76.7-39.0 [39m[39m
2026-01-15 19:53:22,472 - Agent - INFO - [37mTest Epoch 56 step 56 with [31mce_loss_combined : 1.502402 [31mce_loss_c : 1.651299 [31mce_loss_g : 1.520781 [31mce_mask0 : 1.521389 [31mce_mask1 : 1.510359 [31mkl_synergy_1 : 0.452862 [31mkl_synergy_2 : 0.380992 [31mtotal : 5.368004 [94mAcc_combined: 55.73 [94mAcc_c: 42.38 [94mAcc_g: 46.50 [97mS:[93m28.0%[97m([91m8.0c[97m-[94mF1:20.6%) [97mU1:[93m69.7%[97m([91m16.9c[97m) [97mU2:[93m46.6%[97m([91m11.3c[97m) [97mR:[93m85.4%[97m([91m19.5c[97m) [97mS-L: [92m0:[96m8% [92m1:[96m50% [92m2:[96m16% [92m3:[96m25% [92m4:[96m8% [92m5:[96m33% [92m6:[96m36%[39m [34mF1_perclass: 64.1-73.1-48.2-48.0-52.1-64.7-35.8 [39m[39m
2026-01-15 19:53:22,473 - Agent - INFO - Total number of trainable parameters are: 22487018
2026-01-15 19:54:21,847 - Agent - INFO - [37mVal Epoch 57 step 57 with [31mce_loss_combined : 1.455475 [31mce_loss_c : 1.647004 [31mce_loss_g : 1.490687 [31mce_mask0 : 1.457827 [31mce_mask1 : 1.460043 [31mkl_synergy_1 : 0.427527 [31mkl_synergy_2 : 0.354746 [31mtotal : 5.155618 [94mAcc_combined: 60.02 [94mAcc_c: 44.53 [94mAcc_g: 46.70 [97mS:[93m40.6%[97m([91m12.1c[97m-[94mF1:34.7%) [97mU1:[93m70.3%[97m([91m16.7c[97m) [97mU2:[93m46.0%[97m([91m9.1c[97m) [97mR:[93m82.9%[97m([91m22.1c[97m) [97mS-L: [92m0:[96m25% [92m1:[96m61% [92m2:[96m24% [92m3:[96m32% [92m4:[96m33% [92m5:[96m35% [92m6:[96m47%[39m [34mF1_perclass: 62.4-78.0-47.8-55.2-62.9-74.7-38.9 [39m[39m
2026-01-15 19:54:21,862 - Agent - INFO - [37mTest Epoch 57 step 57 with [31mce_loss_combined : 1.542354 [31mce_loss_c : 1.660560 [31mce_loss_g : 1.544368 [31mce_mask0 : 1.556064 [31mce_mask1 : 1.565990 [31mkl_synergy_1 : 0.428436 [31mkl_synergy_2 : 0.396324 [31mtotal : 5.489168 [94mAcc_combined: 53.62 [94mAcc_c: 40.60 [94mAcc_g: 46.61 [97mS:[93m28.0%[97m([91m8.0c[97m-[94mF1:18.6%) [97mU1:[93m65.1%[97m([91m15.8c[97m) [97mU2:[93m43.4%[97m([91m10.6c[97m) [97mR:[93m84.4%[97m([91m19.2c[97m) [97mS-L: [92m1:[96m38% [92m2:[96m16% [92m3:[96m19% [92m4:[96m12% [92m5:[96m24% [92m6:[96m41%[39m [34mF1_perclass: 58.2-70.5-45.5-43.0-52.5-63.6-36.5 [39m[39m
2026-01-15 19:54:21,863 - Agent - INFO - Total number of trainable parameters are: 22487018
2026-01-15 19:55:26,917 - Agent - INFO - [37mVal Epoch 58 step 58 with [31mce_loss_combined : 1.466943 [31mce_loss_c : 1.644725 [31mce_loss_g : 1.506050 [31mce_mask0 : 1.472368 [31mce_mask1 : 1.473237 [31mkl_synergy_1 : 0.437699 [31mkl_synergy_2 : 0.360732 [31mtotal : 5.210979 [94mAcc_combined: 59.57 [94mAcc_c: 45.90 [94mAcc_g: 45.22 [97mS:[93m39.5%[97m([91m11.7c[97m-[94mF1:34.4%) [97mU1:[93m71.8%[97m([91m17.1c[97m) [97mU2:[93m45.4%[97m([91m9.0c[97m) [97mR:[93m81.6%[97m([91m21.8c[97m) [97mS-L: [92m0:[96m25% [92m1:[96m52% [92m2:[96m24% [92m3:[96m32% [92m4:[96m37% [92m5:[96m35% [92m6:[96m46%[39m [34mF1_perclass: 62.9-74.0-50.8-56.8-62.5-75.3-37.3 [39m[39m
2026-01-15 19:55:26,936 - Agent - INFO - [37mTest Epoch 58 step 58 with [31mce_loss_combined : 1.513838 [31mce_loss_c : 1.653893 [31mce_loss_g : 1.517125 [31mce_mask0 : 1.515597 [31mce_mask1 : 1.529374 [31mkl_synergy_1 : 0.451144 [31mkl_synergy_2 : 0.372115 [31mtotal : 5.382066 [94mAcc_combined: 54.51 [94mAcc_c: 42.27 [94mAcc_g: 47.83 [97mS:[93m28.0%[97m([91m8.0c[97m-[94mF1:19.6%) [97mU1:[93m65.6%[97m([91m15.9c[97m) [97mU2:[93m45.2%[97m([91m11.0c[97m) [97mR:[93m85.9%[97m([91m19.6c[97m) [97mS-L: [92m1:[96m50% [92m2:[96m18% [92m3:[96m22% [92m4:[96m12% [92m5:[96m19% [92m6:[96m39%[39m [34mF1_perclass: 61.4-74.5-47.0-43.0-54.4-61.8-35.9 [39m[39m
2026-01-15 19:55:26,937 - Agent - INFO - Total number of trainable parameters are: 22487018
2026-01-15 19:56:25,666 - Agent - INFO - [37mVal Epoch 59 step 59 with [31mce_loss_combined : 1.463724 [31mce_loss_c : 1.651669 [31mce_loss_g : 1.487401 [31mce_mask0 : 1.464866 [31mce_mask1 : 1.471027 [31mkl_synergy_1 : 0.419169 [31mkl_synergy_2 : 0.356913 [31mtotal : 5.175698 [94mAcc_combined: 60.48 [94mAcc_c: 46.58 [94mAcc_g: 47.38 [97mS:[93m38.7%[97m([91m11.5c[97m-[94mF1:33.6%) [97mU1:[93m70.3%[97m([91m16.7c[97m) [97mU2:[93m47.1%[97m([91m9.3c[97m) [97mR:[93m85.9%[97m([91m22.9c[97m) [97mS-L: [92m0:[96m25% [92m1:[96m61% [92m2:[96m24% [92m3:[96m32% [92m4:[96m27% [92m5:[96m35% [92m6:[96m45%[39m [34mF1_perclass: 68.4-76.1-48.7-55.7-63.5-74.0-37.3 [39m[39m
2026-01-15 19:56:25,682 - Agent - INFO - [37mTest Epoch 59 step 59 with [31mce_loss_combined : 1.525258 [31mce_loss_c : 1.651027 [31mce_loss_g : 1.523843 [31mce_mask0 : 1.529123 [31mce_mask1 : 1.532813 [31mkl_synergy_1 : 0.392441 [31mkl_synergy_2 : 0.361244 [31mtotal : 5.340879 [94mAcc_combined: 54.17 [94mAcc_c: 42.60 [94mAcc_g: 46.38 [97mS:[93m27.6%[97m([91m7.9c[97m-[94mF1:18.8%) [97mU1:[93m65.1%[97m([91m15.8c[97m) [97mU2:[93m45.7%[97m([91m11.1c[97m) [97mR:[93m84.9%[97m([91m19.4c[97m) [97mS-L: [92m1:[96m50% [92m2:[96m18% [92m3:[96m19% [92m4:[96m8% [92m5:[96m24% [92m6:[96m39%[39m [34mF1_perclass: 61.5-71.8-46.5-43.2-54.5-61.8-36.1 [39m[39m
2026-01-15 19:56:25,683 - Agent - INFO - Total number of trainable parameters are: 22487018
2026-01-15 19:57:23,875 - Agent - INFO - [37mVal Epoch 60 step 60 with [31mce_loss_combined : 1.466886 [31mce_loss_c : 1.649835 [31mce_loss_g : 1.495723 [31mce_mask0 : 1.475721 [31mce_mask1 : 1.472382 [31mkl_synergy_1 : 0.428003 [31mkl_synergy_2 : 0.347677 [31mtotal : 5.190670 [94mAcc_combined: 60.59 [94mAcc_c: 47.15 [94mAcc_g: 48.06 [97mS:[93m39.8%[97m([91m11.8c[97m-[94mF1:34.7%) [97mU1:[93m71.8%[97m([91m17.1c[97m) [97mU2:[93m44.3%[97m([91m8.8c[97m) [97mR:[93m85.9%[97m([91m22.9c[97m) [97mS-L: [92m0:[96m25% [92m1:[96m61% [92m2:[96m22% [92m3:[96m35% [92m4:[96m33% [92m5:[96m35% [92m6:[96m46%[39m [34mF1_perclass: 65.6-75.0-49.4-56.2-63.1-76.5-38.5 [39m[39m
2026-01-15 19:57:23,892 - Agent - INFO - [37mTest Epoch 60 step 60 with [31mce_loss_combined : 1.534329 [31mce_loss_c : 1.655987 [31mce_loss_g : 1.527913 [31mce_mask0 : 1.544832 [31mce_mask1 : 1.545616 [31mkl_synergy_1 : 0.442616 [31mkl_synergy_2 : 0.348809 [31mtotal : 5.416201 [94mAcc_combined: 53.06 [94mAcc_c: 42.38 [94mAcc_g: 46.16 [97mS:[93m26.8%[97m([91m7.7c[97m-[94mF1:18.0%) [97mU1:[93m62.8%[97m([91m15.2c[97m) [97mU2:[93m45.2%[97m([91m11.0c[97m) [97mR:[93m83.9%[97m([91m19.1c[97m) [97mS-L: [92m1:[96m38% [92m2:[96m11% [92m3:[96m25% [92m4:[96m8% [92m5:[96m29% [92m6:[96m38%[39m [34mF1_perclass: 58.8-71.4-41.9-44.8-53.4-61.1-35.3 [39m[39m
2026-01-15 19:57:24,752 - Agent - INFO - Total number of trainable parameters are: 22487018
2026-01-15 19:58:23,515 - Agent - INFO - [37mVal Epoch 61 step 61 with [31mce_loss_combined : 1.474693 [31mce_loss_c : 1.649809 [31mce_loss_g : 1.487212 [31mce_mask0 : 1.476343 [31mce_mask1 : 1.480578 [31mkl_synergy_1 : 0.419654 [31mkl_synergy_2 : 0.358750 [31mtotal : 5.210018 [94mAcc_combined: 59.79 [94mAcc_c: 47.72 [94mAcc_g: 47.27 [97mS:[93m37.9%[97m([91m11.3c[97m-[94mF1:33.0%) [97mU1:[93m69.4%[97m([91m16.5c[97m) [97mU2:[93m44.8%[97m([91m8.9c[97m) [97mR:[93m86.8%[97m([91m23.1c[97m) [97mS-L: [92m0:[96m25% [92m1:[96m57% [92m2:[96m24% [92m3:[96m32% [92m4:[96m33% [92m5:[96m35% [92m6:[96m42%[39m [34mF1_perclass: 67.2-74.3-50.0-55.5-62.1-72.1-36.4 [39m[39m
2026-01-15 19:58:23,533 - Agent - INFO - [37mTest Epoch 61 step 61 with [31mce_loss_combined : 1.539612 [31mce_loss_c : 1.653548 [31mce_loss_g : 1.529681 [31mce_mask0 : 1.546107 [31mce_mask1 : 1.542439 [31mkl_synergy_1 : 0.437394 [31mkl_synergy_2 : 0.385779 [31mtotal : 5.451332 [94mAcc_combined: 54.28 [94mAcc_c: 42.94 [94mAcc_g: 46.83 [97mS:[93m26.8%[97m([91m7.7c[97m-[94mF1:18.2%) [97mU1:[93m66.5%[97m([91m16.1c[97m) [97mU2:[93m44.7%[97m([91m10.9c[97m) [97mR:[93m85.9%[97m([91m19.6c[97m) [97mS-L: [92m1:[96m38% [92m2:[96m11% [92m3:[96m25% [92m4:[96m8% [92m5:[96m33% [92m6:[96m37%[39m [34mF1_perclass: 61.8-70.3-42.5-44.4-54.7-63.2-36.8 [39m[39m
2026-01-15 19:58:23,534 - Agent - INFO - Total number of trainable parameters are: 22487018
2026-01-15 19:59:21,065 - Agent - INFO - [37mVal Epoch 62 step 62 with [31mce_loss_combined : 1.458162 [31mce_loss_c : 1.648975 [31mce_loss_g : 1.469406 [31mce_mask0 : 1.467851 [31mce_mask1 : 1.467815 [31mkl_synergy_1 : 0.419398 [31mkl_synergy_2 : 0.358633 [31mtotal : 5.171858 [94mAcc_combined: 60.71 [94mAcc_c: 46.01 [94mAcc_g: 48.75 [97mS:[93m41.4%[97m([91m12.3c[97m-[94mF1:34.8%) [97mU1:[93m69.4%[97m([91m16.5c[97m) [97mU2:[93m46.6%[97m([91m9.2c[97m) [97mR:[93m85.0%[97m([91m22.7c[97m) [97mS-L: [92m0:[96m25% [92m1:[96m65% [92m2:[96m22% [92m3:[96m35% [92m4:[96m33% [92m5:[96m30% [92m6:[96m49%[39m [34mF1_perclass: 66.4-78.5-47.6-55.5-63.3-74.3-39.6 [39m[39m
2026-01-15 19:59:21,088 - Agent - INFO - [37mTest Epoch 62 step 62 with [31mce_loss_combined : 1.536968 [31mce_loss_c : 1.653474 [31mce_loss_g : 1.531210 [31mce_mask0 : 1.523484 [31mce_mask1 : 1.534985 [31mkl_synergy_1 : 0.407061 [31mkl_synergy_2 : 0.364874 [31mtotal : 5.367373 [94mAcc_combined: 52.95 [94mAcc_c: 42.94 [94mAcc_g: 46.83 [97mS:[93m25.7%[97m([91m7.3c[97m-[94mF1:17.2%) [97mU1:[93m63.8%[97m([91m15.5c[97m) [97mU2:[93m45.7%[97m([91m11.1c[97m) [97mR:[93m83.4%[97m([91m19.0c[97m) [97mS-L: [92m1:[96m50% [92m2:[96m13% [92m3:[96m22% [92m4:[96m8% [92m5:[96m19% [92m6:[96m36%[39m [34mF1_perclass: 58.0-70.6-43.7-44.1-54.3-61.3-34.0 [39m[39m
2026-01-15 19:59:21,089 - Agent - INFO - Total number of trainable parameters are: 22487018
2026-01-15 20:00:25,399 - Agent - INFO - [37mVal Epoch 63 step 63 with [31mce_loss_combined : 1.460454 [31mce_loss_c : 1.650834 [31mce_loss_g : 1.477389 [31mce_mask0 : 1.464974 [31mce_mask1 : 1.465846 [31mkl_synergy_1 : 0.412408 [31mkl_synergy_2 : 0.360986 [31mtotal : 5.164668 [94mAcc_combined: 60.82 [94mAcc_c: 45.22 [94mAcc_g: 48.41 [97mS:[93m41.0%[97m([91m12.2c[97m-[94mF1:34.5%) [97mU1:[93m70.3%[97m([91m16.7c[97m) [97mU2:[93m46.6%[97m([91m9.2c[97m) [97mR:[93m85.0%[97m([91m22.7c[97m) [97mS-L: [92m0:[96m25% [92m1:[96m65% [92m2:[96m24% [92m3:[96m32% [92m4:[96m27% [92m5:[96m35% [92m6:[96m49%[39m [34mF1_perclass: 66.4-78.1-49.5-54.1-62.9-74.5-40.0 [39m[39m
2026-01-15 20:00:25,415 - Agent - INFO - [37mTest Epoch 63 step 63 with [31mce_loss_combined : 1.531931 [31mce_loss_c : 1.655832 [31mce_loss_g : 1.525690 [31mce_mask0 : 1.544267 [31mce_mask1 : 1.558572 [31mkl_synergy_1 : 0.426456 [31mkl_synergy_2 : 0.363304 [31mtotal : 5.424529 [94mAcc_combined: 53.17 [94mAcc_c: 41.16 [94mAcc_g: 46.50 [97mS:[93m26.5%[97m([91m7.6c[97m-[94mF1:17.5%) [97mU1:[93m63.8%[97m([91m15.5c[97m) [97mU2:[93m44.7%[97m([91m10.9c[97m) [97mR:[93m84.4%[97m([91m19.2c[97m) [97mS-L: [92m1:[96m50% [92m2:[96m16% [92m3:[96m19% [92m4:[96m8% [92m5:[96m19% [92m6:[96m38%[39m [34mF1_perclass: 60.1-70.8-44.1-42.9-54.0-60.8-34.7 [39m[39m
2026-01-15 20:00:25,416 - Agent - INFO - Total number of trainable parameters are: 22487018
2026-01-15 20:01:15,930 - Agent - INFO - [37mVal Epoch 64 step 64 with [31mce_loss_combined : 1.518400 [31mce_loss_c : 1.656165 [31mce_loss_g : 1.467789 [31mce_mask0 : 1.524558 [31mce_mask1 : 1.520045 [31mkl_synergy_1 : 0.371126 [31mkl_synergy_2 : 0.339672 [31mtotal : 5.273801 [94mAcc_combined: 59.11 [94mAcc_c: 48.29 [94mAcc_g: 44.87 [97mS:[93m40.6%[97m([91m12.1c[97m-[94mF1:33.6%) [97mU1:[93m66.0%[97m([91m15.7c[97m) [97mU2:[93m45.4%[97m([91m9.0c[97m) [97mR:[93m83.8%[97m([91m22.3c[97m) [97mS-L: [92m1:[96m74% [92m2:[96m22% [92m3:[96m29% [92m4:[96m53% [92m5:[96m25% [92m6:[96m44%[39m [34mF1_perclass: 59.0-77.5-48.5-55.7-57.7-73.8-39.9 [39m[39m
2026-01-15 20:01:15,947 - Agent - INFO - [37mTest Epoch 64 step 64 with [31mce_loss_combined : 1.628777 [31mce_loss_c : 1.658374 [31mce_loss_g : 1.632323 [31mce_mask0 : 1.640078 [31mce_mask1 : 1.644967 [31mkl_synergy_1 : 0.376953 [31mkl_synergy_2 : 0.342436 [31mtotal : 5.633212 [94mAcc_combined: 49.05 [94mAcc_c: 41.05 [94mAcc_g: 41.27 [97mS:[93m26.8%[97m([91m7.7c[97m-[94mF1:19.0%) [97mU1:[93m50.9%[97m([91m12.3c[97m) [97mU2:[93m46.6%[97m([91m11.3c[97m) [97mR:[93m77.6%[97m([91m17.7c[97m) [97mS-L: [92m1:[96m62% [92m2:[96m18% [92m3:[96m14% [92m4:[96m29% [92m5:[96m14% [92m6:[96m36%[39m [34mF1_perclass: 40.4-64.1-44.4-46.6-54.0-59.2-31.3 [39m[39m
2026-01-15 20:01:15,948 - Agent - INFO - Total number of trainable parameters are: 22487018
2026-01-15 20:02:06,991 - Agent - INFO - [37mVal Epoch 65 step 65 with [31mce_loss_combined : 1.501995 [31mce_loss_c : 1.600327 [31mce_loss_g : 1.471261 [31mce_mask0 : 1.511812 [31mce_mask1 : 1.509324 [31mkl_synergy_1 : 0.408450 [31mkl_synergy_2 : 0.358585 [31mtotal : 5.290166 [94mAcc_combined: 59.45 [94mAcc_c: 46.81 [94mAcc_g: 45.22 [97mS:[93m34.1%[97m([91m10.1c[97m-[94mF1:29.8%) [97mU1:[93m75.6%[97m([91m18.0c[97m) [97mU2:[93m43.7%[97m([91m8.7c[97m) [97mR:[93m85.0%[97m([91m22.7c[97m) [97mS-L: [92m0:[96m50% [92m1:[96m57% [92m2:[96m24% [92m3:[96m13% [92m4:[96m30% [92m5:[96m30% [92m6:[96m40%[39m [34mF1_perclass: 66.0-73.8-51.0-43.3-63.9-69.5-37.7 [39m[39m
2026-01-15 20:02:07,006 - Agent - INFO - [37mTest Epoch 65 step 65 with [31mce_loss_combined : 1.570797 [31mce_loss_c : 1.605248 [31mce_loss_g : 1.631276 [31mce_mask0 : 1.575767 [31mce_mask1 : 1.586297 [31mkl_synergy_1 : 0.391170 [31mkl_synergy_2 : 0.326363 [31mtotal : 5.450393 [94mAcc_combined: 53.39 [94mAcc_c: 41.27 [94mAcc_g: 42.05 [97mS:[93m23.7%[97m([91m6.8c[97m-[94mF1:17.2%) [97mU1:[93m67.0%[97m([91m16.2c[97m) [97mU2:[93m44.3%[97m([91m10.8c[97m) [97mR:[93m85.9%[97m([91m19.6c[97m) [97mS-L: [92m1:[96m50% [92m2:[96m16% [92m3:[96m3% [92m4:[96m21% [92m5:[96m38% [92m6:[96m31%[39m [34mF1_perclass: 63.1-68.6-46.2-30.2-57.1-61.1-33.2 [39m[39m
2026-01-15 20:02:07,007 - Agent - INFO - Total number of trainable parameters are: 22487018
2026-01-15 20:03:06,127 - Agent - INFO - [37mVal Epoch 66 step 66 with [31mce_loss_combined : 1.494068 [31mce_loss_c : 1.622136 [31mce_loss_g : 1.511434 [31mce_mask0 : 1.501593 [31mce_mask1 : 1.503538 [31mkl_synergy_1 : 0.416429 [31mkl_synergy_2 : 0.401136 [31mtotal : 5.316762 [94mAcc_combined: 58.20 [94mAcc_c: 42.94 [94mAcc_g: 45.90 [97mS:[93m42.1%[97m([91m12.5c[97m-[94mF1:33.5%) [97mU1:[93m64.1%[97m([91m15.3c[97m) [97mU2:[93m43.7%[97m([91m8.7c[97m) [97mR:[93m81.6%[97m([91m21.8c[97m) [97mS-L: [92m1:[96m74% [92m2:[96m24% [92m3:[96m16% [92m4:[96m23% [92m5:[96m70% [92m6:[96m50%[39m [34mF1_perclass: 60.1-75.9-50.0-47.5-62.4-67.3-38.2 [39m[39m
2026-01-15 20:03:06,142 - Agent - INFO - [37mTest Epoch 66 step 66 with [31mce_loss_combined : 1.592479 [31mce_loss_c : 1.645200 [31mce_loss_g : 1.723840 [31mce_mask0 : 1.593810 [31mce_mask1 : 1.602921 [31mkl_synergy_1 : 0.432189 [31mkl_synergy_2 : 0.413427 [31mtotal : 5.634825 [94mAcc_combined: 48.94 [94mAcc_c: 38.38 [94mAcc_g: 42.83 [97mS:[93m26.5%[97m([91m7.6c[97m-[94mF1:17.2%) [97mU1:[93m56.0%[97m([91m13.6c[97m) [97mU2:[93m39.7%[97m([91m9.7c[97m) [97mR:[93m79.5%[97m([91m18.1c[97m) [97mS-L: [92m1:[96m50% [92m2:[96m8% [92m3:[96m6% [92m4:[96m12% [92m5:[96m67% [92m6:[96m36%[39m [34mF1_perclass: 47.0-65.5-41.7-38.1-50.5-58.8-29.1 [39m[39m
2026-01-15 20:03:07,158 - Agent - INFO - [37mModel saved successfully at: /esat/smcdata/users/kkontras/Image_Dataset/no_backup/data/2025_data/synergy/CremadPlus/v2/SynIB_RMask_fold0_l1_vldsyn_accuracy_fillema_lsparse1_lr0.0001_wd0.0001_clsmlp_bs64.pth.tar[39m
2026-01-15 20:03:07,164 - Agent - INFO - Total number of trainable parameters are: 22487018
2026-01-15 20:04:07,163 - Agent - INFO - [37mVal Epoch 67 step 67 with [31mce_loss_combined : 1.473271 [31mce_loss_c : 1.587398 [31mce_loss_g : 1.530185 [31mce_mask0 : 1.482437 [31mce_mask1 : 1.476545 [31mkl_synergy_1 : 0.433490 [31mkl_synergy_2 : 0.347192 [31mtotal : 5.212936 [94mAcc_combined: 61.16 [94mAcc_c: 48.52 [94mAcc_g: 44.65 [97mS:[93m38.3%[97m([91m11.4c[97m-[94mF1:33.9%) [97mU1:[93m69.9%[97m([91m16.6c[97m) [97mU2:[93m47.7%[97m([91m9.5c[97m) [97mR:[93m88.9%[97m([91m23.7c[97m) [97mS-L: [92m0:[96m25% [92m1:[96m65% [92m2:[96m24% [92m3:[96m35% [92m4:[96m23% [92m5:[96m50% [92m6:[96m41%[39m [34mF1_perclass: 61.9-74.6-49.2-54.4-66.9-76.9-39.4 [39m[39m
2026-01-15 20:04:07,181 - Agent - INFO - [37mTest Epoch 67 step 67 with [31mce_loss_combined : 1.557257 [31mce_loss_c : 1.630374 [31mce_loss_g : 1.691639 [31mce_mask0 : 1.552726 [31mce_mask1 : 1.564592 [31mkl_synergy_1 : 0.435382 [31mkl_synergy_2 : 0.342605 [31mtotal : 5.452562 [94mAcc_combined: 52.17 [94mAcc_c: 42.38 [94mAcc_g: 44.38 [97mS:[93m22.6%[97m([91m6.5c[97m-[94mF1:17.8%) [97mU1:[93m63.3%[97m([91m15.4c[97m) [97mU2:[93m46.6%[97m([91m11.3c[97m) [97mR:[93m83.4%[97m([91m19.0c[97m) [97mS-L: [92m0:[96m8% [92m1:[96m50% [92m2:[96m13% [92m3:[96m19% [92m4:[96m8% [92m5:[96m43% [92m6:[96m25%[39m [34mF1_perclass: 61.4-62.0-42.9-43.0-53.1-65.0-28.8 [39m[39m
2026-01-15 20:04:07,182 - Agent - INFO - Total number of trainable parameters are: 22487018
2026-01-15 20:05:01,246 - Agent - INFO - [37mVal Epoch 68 step 68 with [31mce_loss_combined : 1.502219 [31mce_loss_c : 1.597889 [31mce_loss_g : 1.517972 [31mce_mask0 : 1.503106 [31mce_mask1 : 1.503031 [31mkl_synergy_1 : 0.390818 [31mkl_synergy_2 : 0.337264 [31mtotal : 5.236439 [94mAcc_combined: 57.06 [94mAcc_c: 42.71 [94mAcc_g: 41.69 [97mS:[93m42.9%[97m([91m12.8c[97m-[94mF1:31.8%) [97mU1:[93m62.2%[97m([91m14.8c[97m) [97mU2:[93m38.5%[97m([91m7.6c[97m) [97mR:[93m82.1%[97m([91m21.9c[97m) [97mS-L: [92m1:[96m43% [92m2:[96m3% [92m3:[96m29% [92m4:[96m37% [92m5:[96m40% [92m6:[96m63%[39m [34mF1_perclass: 65.3-65.6-35.3-49.8-61.7-77.3-42.6 [39m[39m
2026-01-15 20:05:01,261 - Agent - INFO - [37mTest Epoch 68 step 68 with [31mce_loss_combined : 1.526997 [31mce_loss_c : 1.654286 [31mce_loss_g : 1.541528 [31mce_mask0 : 1.525778 [31mce_mask1 : 1.528675 [31mkl_synergy_1 : 0.368846 [31mkl_synergy_2 : 0.319022 [31mtotal : 5.269317 [94mAcc_combined: 55.51 [94mAcc_c: 39.93 [94mAcc_g: 47.72 [97mS:[93m30.0%[97m([91m8.6c[97m-[94mF1:18.0%) [97mU1:[93m66.1%[97m([91m16.0c[97m) [97mU2:[93m46.1%[97m([91m11.2c[97m) [97mR:[93m86.3%[97m([91m19.7c[97m) [97mS-L: [92m1:[96m25% [92m2:[96m3% [92m3:[96m19% [92m4:[96m17% [92m5:[96m38% [92m6:[96m47%[39m [34mF1_perclass: 69.3-72.2-32.1-40.3-58.0-69.5-38.8 [39m[39m
2026-01-15 20:05:02,035 - Agent - INFO - [37mModel saved successfully at: /esat/smcdata/users/kkontras/Image_Dataset/no_backup/data/2025_data/synergy/CremadPlus/v2/SynIB_RMask_fold0_l1_vldsyn_accuracy_fillema_lsparse1_lr0.0001_wd0.0001_clsmlp_bs64.pth.tar[39m
2026-01-15 20:05:02,041 - Agent - INFO - Total number of trainable parameters are: 22487018
2026-01-15 20:06:01,442 - Agent - INFO - [37mVal Epoch 69 step 69 with [31mce_loss_combined : 1.498202 [31mce_loss_c : 1.597808 [31mce_loss_g : 1.466910 [31mce_mask0 : 1.496619 [31mce_mask1 : 1.502275 [31mkl_synergy_1 : 0.424807 [31mkl_synergy_2 : 0.380534 [31mtotal : 5.302436 [94mAcc_combined: 58.54 [94mAcc_c: 46.24 [94mAcc_g: 46.24 [97mS:[93m41.8%[97m([91m12.4c[97m-[94mF1:33.1%) [97mU1:[93m65.6%[97m([91m15.6c[97m) [97mU2:[93m39.1%[97m([91m7.7c[97m) [97mR:[93m85.5%[97m([91m22.8c[97m) [97mS-L: [92m1:[96m52% [92m2:[96m14% [92m3:[96m29% [92m4:[96m23% [92m5:[96m40% [92m6:[96m59%[39m [34mF1_perclass: 63.3-65.7-45.8-52.7-65.6-79.5-41.8 [39m[39m
2026-01-15 20:06:01,460 - Agent - INFO - [37mTest Epoch 69 step 69 with [31mce_loss_combined : 1.570989 [31mce_loss_c : 1.591735 [31mce_loss_g : 1.614731 [31mce_mask0 : 1.593841 [31mce_mask1 : 1.583128 [31mkl_synergy_1 : 0.404452 [31mkl_synergy_2 : 0.383890 [31mtotal : 5.536301 [94mAcc_combined: 53.39 [94mAcc_c: 44.05 [94mAcc_g: 42.49 [97mS:[93m32.7%[97m([91m9.3c[97m-[94mF1:19.3%) [97mU1:[93m58.7%[97m([91m14.2c[97m) [97mU2:[93m43.4%[97m([91m10.6c[97m) [97mR:[93m84.4%[97m([91m19.2c[97m) [97mS-L: [92m1:[96m50% [92m2:[96m3% [92m3:[96m31% [92m4:[96m8% [92m5:[96m24% [92m6:[96m52%[39m [34mF1_perclass: 61.0-61.7-34.6-50.4-58.8-69.7-35.9 [39m[39m
2026-01-15 20:06:01,461 - Agent - INFO - Total number of trainable parameters are: 22487018
2026-01-15 20:06:57,535 - Agent - INFO - [37mVal Epoch 70 step 70 with [31mce_loss_combined : 1.494753 [31mce_loss_c : 1.609504 [31mce_loss_g : 1.595558 [31mce_mask0 : 1.497433 [31mce_mask1 : 1.508581 [31mkl_synergy_1 : 0.386472 [31mkl_synergy_2 : 0.361022 [31mtotal : 5.248260 [94mAcc_combined: 57.74 [94mAcc_c: 46.47 [94mAcc_g: 39.75 [97mS:[93m42.9%[97m([91m12.8c[97m-[94mF1:31.8%) [97mU1:[93m57.9%[97m([91m13.8c[97m) [97mU2:[93m46.6%[97m([91m9.2c[97m) [97mR:[93m82.5%[97m([91m22.0c[97m) [97mS-L: [92m1:[96m74% [92m2:[96m5% [92m3:[96m23% [92m4:[96m27% [92m5:[96m60% [92m6:[96m57%[39m [34mF1_perclass: 57.6-70.5-37.7-48.7-65.8-71.1-43.0 [39m[39m
2026-01-15 20:06:57,551 - Agent - INFO - [37mTest Epoch 70 step 70 with [31mce_loss_combined : 1.643924 [31mce_loss_c : 1.626728 [31mce_loss_g : 1.927581 [31mce_mask0 : 1.647401 [31mce_mask1 : 1.660264 [31mkl_synergy_1 : 0.419379 [31mkl_synergy_2 : 0.401397 [31mtotal : 5.772366 [94mAcc_combined: 46.72 [94mAcc_c: 41.49 [94mAcc_g: 38.71 [97mS:[93m30.7%[97m([91m8.8c[97m-[94mF1:17.2%) [97mU1:[93m39.4%[97m([91m9.6c[97m) [97mU2:[93m44.3%[97m([91m10.8c[97m) [97mR:[93m77.1%[97m([91m17.6c[97m) [97mS-L: [92m1:[96m50% [92m2:[96m3% [92m3:[96m19% [92m4:[96m4% [92m5:[96m33% [92m6:[96m50%[39m [34mF1_perclass: 37.6-57.0-23.9-44.7-55.0-64.4-32.2 [39m[39m
2026-01-15 20:06:58,412 - Agent - INFO - Total number of trainable parameters are: 22487018
2026-01-15 20:07:57,997 - Agent - INFO - [37mVal Epoch 71 step 71 with [31mce_loss_combined : 1.493490 [31mce_loss_c : 1.621303 [31mce_loss_g : 1.529607 [31mce_mask0 : 1.506269 [31mce_mask1 : 1.499847 [31mkl_synergy_1 : 0.398879 [31mkl_synergy_2 : 0.340030 [31mtotal : 5.238515 [94mAcc_combined: 58.43 [94mAcc_c: 45.22 [94mAcc_g: 44.08 [97mS:[93m42.1%[97m([91m12.5c[97m-[94mF1:32.6%) [97mU1:[93m60.3%[97m([91m14.4c[97m) [97mU2:[93m47.1%[97m([91m9.3c[97m) [97mR:[93m83.3%[97m([91m22.2c[97m) [97mS-L: [92m1:[96m78% [92m2:[96m11% [92m3:[96m23% [92m4:[96m37% [92m5:[96m30% [92m6:[96m55%[39m [34mF1_perclass: 62.8-71.9-44.0-44.4-64.9-74.5-42.2 [39m[39m
2026-01-15 20:07:58,012 - Agent - INFO - [37mTest Epoch 71 step 71 with [31mce_loss_combined : 1.613155 [31mce_loss_c : 1.637732 [31mce_loss_g : 1.769007 [31mce_mask0 : 1.634360 [31mce_mask1 : 1.621314 [31mkl_synergy_1 : 0.415398 [31mkl_synergy_2 : 0.336998 [31mtotal : 5.621226 [94mAcc_combined: 49.72 [94mAcc_c: 42.05 [94mAcc_g: 40.71 [97mS:[93m33.1%[97m([91m9.5c[97m-[94mF1:18.7%) [97mU1:[93m45.4%[97m([91m11.0c[97m) [97mU2:[93m45.7%[97m([91m11.1c[97m) [97mR:[93m79.5%[97m([91m18.1c[97m) [97mS-L: [92m1:[96m62% [92m2:[96m3% [92m3:[96m25% [92m4:[96m8% [92m5:[96m19% [92m6:[96m54%[39m [34mF1_perclass: 44.6-60.8-22.2-44.5-57.8-67.9-36.0 [39m[39m
2026-01-15 20:07:58,013 - Agent - INFO - Total number of trainable parameters are: 22487018
2026-01-15 20:08:53,848 - Agent - INFO - [37mVal Epoch 72 step 72 with [31mce_loss_combined : 1.514557 [31mce_loss_c : 1.592186 [31mce_loss_g : 1.600576 [31mce_mask0 : 1.526317 [31mce_mask1 : 1.520315 [31mkl_synergy_1 : 0.391062 [31mkl_synergy_2 : 0.352868 [31mtotal : 5.305119 [94mAcc_combined: 55.13 [94mAcc_c: 49.54 [94mAcc_g: 43.17 [97mS:[93m36.0%[97m([91m10.7c[97m-[94mF1:28.1%) [97mU1:[93m65.6%[97m([91m15.6c[97m) [97mU2:[93m40.8%[97m([91m8.1c[97m) [97mR:[93m77.8%[97m([91m20.7c[97m) [97mS-L: [92m1:[96m26% [92m2:[96m22% [92m3:[96m39% [92m4:[96m33% [92m5:[96m25% [92m6:[96m46%[39m [34mF1_perclass: 62.5-55.1-49.3-54.3-57.8-75.2-38.0 [39m[39m
2026-01-15 20:08:53,864 - Agent - INFO - [37mTest Epoch 72 step 72 with [31mce_loss_combined : 1.527063 [31mce_loss_c : 1.602164 [31mce_loss_g : 1.621400 [31mce_mask0 : 1.524940 [31mce_mask1 : 1.545663 [31mkl_synergy_1 : 0.409551 [31mkl_synergy_2 : 0.343005 [31mtotal : 5.350222 [94mAcc_combined: 52.39 [94mAcc_c: 44.27 [94mAcc_g: 45.61 [97mS:[93m28.4%[97m([91m8.1c[97m-[94mF1:19.0%) [97mU1:[93m60.1%[97m([91m14.6c[97m) [97mU2:[93m47.5%[97m([91m11.6c[97m) [97mR:[93m79.5%[97m([91m18.1c[97m) [97mS-L: [92m1:[96m25% [92m2:[96m21% [92m3:[96m31% [92m4:[96m8% [92m5:[96m19% [92m6:[96m39%[39m [34mF1_perclass: 46.2-70.5-46.8-46.8-49.8-66.0-37.6 [39m[39m
2026-01-15 20:08:53,865 - Agent - INFO - Total number of trainable parameters are: 22487018
2026-01-15 20:09:55,082 - Agent - INFO - [37mVal Epoch 73 step 73 with [31mce_loss_combined : 1.459536 [31mce_loss_c : 1.617301 [31mce_loss_g : 1.506967 [31mce_mask0 : 1.468127 [31mce_mask1 : 1.471460 [31mkl_synergy_1 : 0.412297 [31mkl_synergy_2 : 0.365063 [31mtotal : 5.176484 [94mAcc_combined: 60.14 [94mAcc_c: 46.92 [94mAcc_g: 45.44 [97mS:[93m39.8%[97m([91m11.8c[97m-[94mF1:30.2%) [97mU1:[93m71.3%[97m([91m17.0c[97m) [97mU2:[93m46.0%[97m([91m9.1c[97m) [97mR:[93m83.3%[97m([91m22.2c[97m) [97mS-L: [92m1:[96m61% [92m2:[96m16% [92m3:[96m19% [92m4:[96m27% [92m5:[96m25% [92m6:[96m56%[39m [34mF1_perclass: 60.3-75.4-50.6-50.3-63.5-74.5-43.8 [39m[39m
2026-01-15 20:09:55,098 - Agent - INFO - [37mTest Epoch 73 step 73 with [31mce_loss_combined : 1.540966 [31mce_loss_c : 1.629304 [31mce_loss_g : 1.642510 [31mce_mask0 : 1.547963 [31mce_mask1 : 1.543812 [31mkl_synergy_1 : 0.400216 [31mkl_synergy_2 : 0.385020 [31mtotal : 5.417975 [94mAcc_combined: 54.51 [94mAcc_c: 42.38 [94mAcc_g: 43.83 [97mS:[93m32.7%[97m([91m9.3c[97m-[94mF1:20.0%) [97mU1:[93m63.3%[97m([91m15.4c[97m) [97mU2:[93m43.4%[97m([91m10.6c[97m) [97mR:[93m84.4%[97m([91m19.2c[97m) [97mS-L: [92m1:[96m62% [92m2:[96m11% [92m3:[96m8% [92m4:[96m21% [92m5:[96m24% [92m6:[96m53%[39m [34mF1_perclass: 57.5-66.8-41.3-36.7-58.7-69.6-39.9 [39m[39m
2026-01-15 20:09:55,099 - Agent - INFO - Total number of trainable parameters are: 22487018
2026-01-15 20:10:51,828 - Agent - INFO - [37mVal Epoch 74 step 74 with [31mce_loss_combined : 1.508003 [31mce_loss_c : 1.636050 [31mce_loss_g : 1.473478 [31mce_mask0 : 1.511980 [31mce_mask1 : 1.519275 [31mkl_synergy_1 : 0.375997 [31mkl_synergy_2 : 0.348343 [31mtotal : 5.263598 [94mAcc_combined: 58.43 [94mAcc_c: 46.81 [94mAcc_g: 48.63 [97mS:[93m36.4%[97m([91m10.8c[97m-[94mF1:33.3%) [97mU1:[93m73.7%[97m([91m17.5c[97m) [97mU2:[93m40.8%[97m([91m8.1c[97m) [97mR:[93m82.5%[97m([91m22.0c[97m) [97mS-L: [92m0:[96m25% [92m1:[96m52% [92m2:[96m27% [92m3:[96m29% [92m4:[96m30% [92m5:[96m45% [92m6:[96m39%[39m [34mF1_perclass: 62.2-70.1-51.4-56.0-61.2-71.0-36.0 [39m[39m
2026-01-15 20:10:51,865 - Agent - INFO - [37mTest Epoch 74 step 74 with [31mce_loss_combined : 1.578074 [31mce_loss_c : 1.665526 [31mce_loss_g : 1.546049 [31mce_mask0 : 1.588453 [31mce_mask1 : 1.580801 [31mkl_synergy_1 : 0.363585 [31mkl_synergy_2 : 0.327225 [31mtotal : 5.438138 [94mAcc_combined: 54.06 [94mAcc_c: 40.60 [94mAcc_g: 46.61 [97mS:[93m30.4%[97m([91m8.7c[97m-[94mF1:21.0%) [97mU1:[93m68.8%[97m([91m16.7c[97m) [97mU2:[93m39.3%[97m([91m9.6c[97m) [97mR:[93m83.9%[97m([91m19.1c[97m) [97mS-L: [92m1:[96m50% [92m2:[96m21% [92m3:[96m11% [92m4:[96m12% [92m5:[96m43% [92m6:[96m42%[39m [34mF1_perclass: 61.1-64.8-46.7-43.3-57.0-63.2-37.8 [39m[39m
2026-01-15 20:10:51,866 - Agent - INFO - Total number of trainable parameters are: 22487018
2026-01-15 20:11:53,783 - Agent - INFO - [37mVal Epoch 75 step 75 with [31mce_loss_combined : 1.519984 [31mce_loss_c : 1.633823 [31mce_loss_g : 1.534377 [31mce_mask0 : 1.520542 [31mce_mask1 : 1.534488 [31mkl_synergy_1 : 0.396930 [31mkl_synergy_2 : 0.366219 [31mtotal : 5.338163 [94mAcc_combined: 56.38 [94mAcc_c: 44.19 [94mAcc_g: 37.81 [97mS:[93m42.1%[97m([91m12.5c[97m-[94mF1:32.4%) [97mU1:[93m60.3%[97m([91m14.4c[97m) [97mU2:[93m46.0%[97m([91m9.1c[97m) [97mR:[93m76.5%[97m([91m20.4c[97m) [97mS-L: [92m1:[96m52% [92m2:[96m32% [92m3:[96m35% [92m4:[96m27% [92m5:[96m20% [92m6:[96m54%[39m [34mF1_perclass: 56.0-69.4-50.5-55.3-59.4-71.7-39.1 [39m[39m
2026-01-15 20:11:53,799 - Agent - INFO - [37mTest Epoch 75 step 75 with [31mce_loss_combined : 1.569399 [31mce_loss_c : 1.648955 [31mce_loss_g : 1.590342 [31mce_mask0 : 1.585487 [31mce_mask1 : 1.578667 [31mkl_synergy_1 : 0.414869 [31mkl_synergy_2 : 0.368940 [31mtotal : 5.517363 [94mAcc_combined: 51.72 [94mAcc_c: 40.27 [94mAcc_g: 38.38 [97mS:[93m36.6%[97m([91m10.5c[97m-[94mF1:24.6%) [97mU1:[93m58.3%[97m([91m14.1c[97m) [97mU2:[93m40.6%[97m([91m9.9c[97m) [97mR:[93m75.6%[97m([91m17.2c[97m) [97mS-L: [92m1:[96m25% [92m2:[96m29% [92m3:[96m36% [92m4:[96m29% [92m5:[96m19% [92m6:[96m48%[39m [34mF1_perclass: 35.2-64.3-48.8-50.0-58.7-67.9-37.0 [39m[39m
2026-01-15 20:11:53,800 - Agent - INFO - Total number of trainable parameters are: 22487018
2026-01-15 20:12:48,214 - Agent - INFO - [37mVal Epoch 76 step 76 with [31mce_loss_combined : 1.501998 [31mce_loss_c : 1.579767 [31mce_loss_g : 1.476205 [31mce_mask0 : 1.507631 [31mce_mask1 : 1.509346 [31mkl_synergy_1 : 0.384581 [31mkl_synergy_2 : 0.335022 [31mtotal : 5.238578 [94mAcc_combined: 58.20 [94mAcc_c: 46.92 [94mAcc_g: 45.56 [97mS:[93m41.4%[97m([91m12.3c[97m-[94mF1:32.0%) [97mU1:[93m63.6%[97m([91m15.1c[97m) [97mU2:[93m44.8%[97m([91m8.9c[97m) [97mR:[93m82.1%[97m([91m21.9c[97m) [97mS-L: [92m1:[96m52% [92m2:[96m19% [92m3:[96m26% [92m4:[96m27% [92m5:[96m40% [92m6:[96m56%[39m [34mF1_perclass: 61.0-73.0-49.2-49.0-59.6-76.0-42.4 [39m[39m
2026-01-15 20:12:48,231 - Agent - INFO - [37mTest Epoch 76 step 76 with [31mce_loss_combined : 1.572335 [31mce_loss_c : 1.605185 [31mce_loss_g : 1.601894 [31mce_mask0 : 1.578717 [31mce_mask1 : 1.588760 [31mkl_synergy_1 : 0.371775 [31mkl_synergy_2 : 0.324693 [31mtotal : 5.436280 [94mAcc_combined: 53.62 [94mAcc_c: 41.49 [94mAcc_g: 42.38 [97mS:[93m31.1%[97m([91m8.9c[97m-[94mF1:18.5%) [97mU1:[93m61.5%[97m([91m14.9c[97m) [97mU2:[93m48.4%[97m([91m11.8c[97m) [97mR:[93m79.0%[97m([91m18.0c[97m) [97mS-L: [92m1:[96m38% [92m2:[96m8% [92m3:[96m31% [92m4:[96m4% [92m5:[96m29% [92m6:[96m47%[39m [34mF1_perclass: 47.9-69.4-46.0-43.4-55.0-70.0-37.5 [39m[39m
2026-01-15 20:12:48,232 - Agent - INFO - Total number of trainable parameters are: 22487018
2026-01-15 20:13:45,855 - Agent - INFO - [37mVal Epoch 77 step 77 with [31mce_loss_combined : 1.531434 [31mce_loss_c : 1.579124 [31mce_loss_g : 1.551666 [31mce_mask0 : 1.535849 [31mce_mask1 : 1.535033 [31mkl_synergy_1 : 0.344407 [31mkl_synergy_2 : 0.316866 [31mtotal : 5.263588 [94mAcc_combined: 59.68 [94mAcc_c: 49.32 [94mAcc_g: 41.12 [97mS:[93m37.5%[97m([91m11.2c[97m-[94mF1:33.1%) [97mU1:[93m70.3%[97m([91m16.7c[97m) [97mU2:[93m46.0%[97m([91m9.1c[97m) [97mR:[93m85.0%[97m([91m22.7c[97m) [97mS-L: [92m1:[96m61% [92m2:[96m19% [92m3:[96m32% [92m4:[96m43% [92m5:[96m45% [92m6:[96m39%[39m [34mF1_perclass: 68.2-67.1-51.5-54.4-64.4-73.3-36.3 [39m[39m
2026-01-15 20:13:45,911 - Agent - INFO - [37mTest Epoch 77 step 77 with [31mce_loss_combined : 1.575311 [31mce_loss_c : 1.597139 [31mce_loss_g : 1.557192 [31mce_mask0 : 1.588916 [31mce_mask1 : 1.557513 [31mkl_synergy_1 : 0.362489 [31mkl_synergy_2 : 0.325414 [31mtotal : 5.409643 [94mAcc_combined: 53.95 [94mAcc_c: 43.60 [94mAcc_g: 46.61 [97mS:[93m28.8%[97m([91m8.2c[97m-[94mF1:21.1%) [97mU1:[93m61.9%[97m([91m15.0c[97m) [97mU2:[93m47.0%[97m([91m11.5c[97m) [97mR:[93m84.4%[97m([91m19.2c[97m) [97mS-L: [92m1:[96m50% [92m2:[96m13% [92m3:[96m36% [92m4:[96m12% [92m5:[96m33% [92m6:[96m36%[39m [34mF1_perclass: 55.9-68.0-42.7-46.8-56.5-64.1-36.6 [39m[39m
2026-01-15 20:13:45,912 - Agent - INFO - Total number of trainable parameters are: 22487018
2026-01-15 20:14:41,591 - Agent - INFO - [37mVal Epoch 78 step 78 with [31mce_loss_combined : 1.590062 [31mce_loss_c : 1.591591 [31mce_loss_g : 1.670120 [31mce_mask0 : 1.596023 [31mce_mask1 : 1.595494 [31mkl_synergy_1 : 0.386703 [31mkl_synergy_2 : 0.353095 [31mtotal : 5.521377 [94mAcc_combined: 51.37 [94mAcc_c: 43.51 [94mAcc_g: 35.88 [97mS:[93m41.4%[97m([91m12.3c[97m-[94mF1:28.4%) [97mU1:[93m54.1%[97m([91m12.9c[97m) [97mU2:[93m37.4%[97m([91m7.4c[97m) [97mR:[93m70.5%[97m([91m18.8c[97m) [97mS-L: [92m1:[96m57% [92m2:[96m14% [92m3:[96m13% [92m4:[96m33% [92m5:[96m25% [92m6:[96m61%[39m [34mF1_perclass: 40.4-68.6-45.5-40.8-57.8-63.6-38.7 [39m[39m
2026-01-15 20:14:41,606 - Agent - INFO - [37mTest Epoch 78 step 78 with [31mce_loss_combined : 1.739796 [31mce_loss_c : 1.650218 [31mce_loss_g : 1.944571 [31mce_mask0 : 1.749011 [31mce_mask1 : 1.755991 [31mkl_synergy_1 : 0.416255 [31mkl_synergy_2 : 0.391758 [31mtotal : 6.052810 [94mAcc_combined: 43.05 [94mAcc_c: 40.04 [94mAcc_g: 32.59 [97mS:[93m31.9%[97m([91m9.1c[97m-[94mF1:17.3%) [97mU1:[93m39.0%[97m([91m9.5c[97m) [97mU2:[93m37.0%[97m([91m9.0c[97m) [97mR:[93m67.8%[97m([91m15.5c[97m) [97mS-L: [92m1:[96m38% [92m2:[96m8% [92m3:[96m6% [92m4:[96m21% [92m5:[96m19% [92m6:[96m55%[39m [34mF1_perclass: 24.4-54.8-41.3-24.5-51.1-57.1-34.4 [39m[39m
2026-01-15 20:14:41,607 - Agent - INFO - Total number of trainable parameters are: 22487018
2026-01-15 20:15:44,353 - Agent - INFO - [37mVal Epoch 79 step 79 with [31mce_loss_combined : 1.499511 [31mce_loss_c : 1.573126 [31mce_loss_g : 1.524551 [31mce_mask0 : 1.511192 [31mce_mask1 : 1.504352 [31mkl_synergy_1 : 0.355191 [31mkl_synergy_2 : 0.322132 [31mtotal : 5.192377 [94mAcc_combined: 59.57 [94mAcc_c: 48.18 [94mAcc_g: 46.36 [97mS:[93m37.2%[97m([91m11.0c[97m-[94mF1:33.0%) [97mU1:[93m73.2%[97m([91m17.4c[97m) [97mU2:[93m43.7%[97m([91m8.7c[97m) [97mR:[93m84.2%[97m([91m22.4c[97m) [97mS-L: [92m0:[96m50% [92m1:[96m39% [92m2:[96m22% [92m3:[96m32% [92m4:[96m27% [92m5:[96m45% [92m6:[96m44%[39m [34mF1_perclass: 67.3-64.5-51.7-54.9-65.3-72.7-39.9 [39m[39m
2026-01-15 20:15:44,368 - Agent - INFO - [37mTest Epoch 79 step 79 with [31mce_loss_combined : 1.543180 [31mce_loss_c : 1.605542 [31mce_loss_g : 1.517451 [31mce_mask0 : 1.555397 [31mce_mask1 : 1.556379 [31mkl_synergy_1 : 0.349403 [31mkl_synergy_2 : 0.311155 [31mtotal : 5.315513 [94mAcc_combined: 54.17 [94mAcc_c: 43.05 [94mAcc_g: 46.38 [97mS:[93m28.8%[97m([91m8.2c[97m-[94mF1:22.9%) [97mU1:[93m70.6%[97m([91m17.1c[97m) [97mU2:[93m38.8%[97m([91m9.5c[97m) [97mR:[93m84.9%[97m([91m19.4c[97m) [97mS-L: [92m0:[96m17% [92m1:[96m38% [92m2:[96m21% [92m3:[96m25% [92m4:[96m12% [92m5:[96m38% [92m6:[96m35%[39m [34mF1_perclass: 65.4-65.9-44.7-43.3-56.9-64.9-33.8 [39m[39m
2026-01-15 20:15:44,370 - Agent - INFO - Total number of trainable parameters are: 22487018
2026-01-15 20:16:42,399 - Agent - INFO - [37mVal Epoch 80 step 80 with [31mce_loss_combined : 1.642062 [31mce_loss_c : 1.577687 [31mce_loss_g : 1.754944 [31mce_mask0 : 1.653695 [31mce_mask1 : 1.644943 [31mkl_synergy_1 : 0.336325 [31mkl_synergy_2 : 0.295806 [31mtotal : 5.572831 [94mAcc_combined: 50.00 [94mAcc_c: 48.06 [94mAcc_g: 30.18 [97mS:[93m34.5%[97m([91m10.3c[97m-[94mF1:24.7%) [97mU1:[93m49.8%[97m([91m11.8c[97m) [97mU2:[93m43.1%[97m([91m8.5c[97m) [97mR:[93m72.6%[97m([91m19.4c[97m) [97mS-L: [92m1:[96m13% [92m2:[96m22% [92m3:[96m39% [92m4:[96m37% [92m5:[96m15% [92m6:[96m46%[39m [34mF1_perclass: 55.4-31.7-49.4-51.2-57.7-76.1-33.7 [39m[39m
2026-01-15 20:16:42,414 - Agent - INFO - [37mTest Epoch 80 step 80 with [31mce_loss_combined : 1.644957 [31mce_loss_c : 1.568931 [31mce_loss_g : 1.684020 [31mce_mask0 : 1.640255 [31mce_mask1 : 1.658134 [31mkl_synergy_1 : 0.325347 [31mkl_synergy_2 : 0.294280 [31mtotal : 5.562973 [94mAcc_combined: 50.06 [94mAcc_c: 44.16 [94mAcc_g: 36.48 [97mS:[93m28.4%[97m([91m8.1c[97m-[94mF1:20.2%) [97mU1:[93m62.8%[97m([91m15.2c[97m) [97mU2:[93m41.1%[97m([91m10.0c[97m) [97mR:[93m73.2%[97m([91m16.7c[97m) [97mS-L: [92m0:[96m8% [92m1:[96m12% [92m2:[96m21% [92m3:[96m36% [92m4:[96m21% [92m5:[96m14% [92m6:[96m36%[39m [34mF1_perclass: 57.9-58.2-48.2-39.0-54.2-63.2-35.3 [39m[39m
2026-01-15 20:16:43,257 - Agent - INFO - Total number of trainable parameters are: 22487018
2026-01-15 20:17:38,477 - Agent - INFO - [37mVal Epoch 81 step 81 with [31mce_loss_combined : 1.521259 [31mce_loss_c : 1.597052 [31mce_loss_g : 1.523029 [31mce_mask0 : 1.533795 [31mce_mask1 : 1.520972 [31mkl_synergy_1 : 0.379920 [31mkl_synergy_2 : 0.329832 [31mtotal : 5.285778 [94mAcc_combined: 57.74 [94mAcc_c: 42.71 [94mAcc_g: 43.85 [97mS:[93m41.0%[97m([91m12.2c[97m-[94mF1:33.8%) [97mU1:[93m68.4%[97m([91m16.3c[97m) [97mU2:[93m41.4%[97m([91m8.2c[97m) [97mR:[93m79.1%[97m([91m21.1c[97m) [97mS-L: [92m0:[96m25% [92m1:[96m39% [92m2:[96m16% [92m3:[96m32% [92m4:[96m27% [92m5:[96m45% [92m6:[96m55%[39m [34mF1_perclass: 59.7-64.8-52.0-55.6-62.2-77.1-40.0 [39m[39m
2026-01-15 20:17:38,493 - Agent - INFO - [37mTest Epoch 81 step 81 with [31mce_loss_combined : 1.578061 [31mce_loss_c : 1.647560 [31mce_loss_g : 1.514997 [31mce_mask0 : 1.574873 [31mce_mask1 : 1.588028 [31mkl_synergy_1 : 0.370208 [31mkl_synergy_2 : 0.322520 [31mtotal : 5.433690 [94mAcc_combined: 53.73 [94mAcc_c: 40.60 [94mAcc_g: 45.83 [97mS:[93m31.9%[97m([91m9.1c[97m-[94mF1:20.5%) [97mU1:[93m67.0%[97m([91m16.2c[97m) [97mU2:[93m41.1%[97m([91m10.0c[97m) [97mR:[93m80.5%[97m([91m18.4c[97m) [97mS-L: [92m1:[96m25% [92m2:[96m13% [92m3:[96m17% [92m4:[96m21% [92m5:[96m29% [92m6:[96m49%[39m [34mF1_perclass: 56.0-62.8-48.9-44.7-60.4-68.4-37.4 [39m[39m
2026-01-15 20:17:38,494 - Agent - INFO - Total number of trainable parameters are: 22487018
2026-01-15 20:18:30,060 - Agent - INFO - [37mVal Epoch 82 step 82 with [31mce_loss_combined : 1.509216 [31mce_loss_c : 1.585955 [31mce_loss_g : 1.481706 [31mce_mask0 : 1.513644 [31mce_mask1 : 1.521574 [31mkl_synergy_1 : 0.391306 [31mkl_synergy_2 : 0.378683 [31mtotal : 5.314423 [94mAcc_combined: 59.68 [94mAcc_c: 47.49 [94mAcc_g: 46.70 [97mS:[93m38.3%[97m([91m11.4c[97m-[94mF1:33.9%) [97mU1:[93m74.6%[97m([91m17.8c[97m) [97mU2:[93m41.4%[97m([91m8.2c[97m) [97mR:[93m83.8%[97m([91m22.3c[97m) [97mS-L: [92m0:[96m50% [92m1:[96m61% [92m2:[96m27% [92m3:[96m23% [92m4:[96m20% [92m5:[96m60% [92m6:[96m42%[39m [34mF1_perclass: 64.5-69.5-57.1-51.1-62.3-74.3-37.3 [39m[39m
2026-01-15 20:18:30,077 - Agent - INFO - [37mTest Epoch 82 step 82 with [31mce_loss_combined : 1.562653 [31mce_loss_c : 1.612147 [31mce_loss_g : 1.580649 [31mce_mask0 : 1.559102 [31mce_mask1 : 1.567628 [31mkl_synergy_1 : 0.375273 [31mkl_synergy_2 : 0.353736 [31mtotal : 5.418392 [94mAcc_combined: 53.95 [94mAcc_c: 42.05 [94mAcc_g: 42.94 [97mS:[93m31.9%[97m([91m9.1c[97m-[94mF1:21.3%) [97mU1:[93m66.5%[97m([91m16.1c[97m) [97mU2:[93m39.3%[97m([91m9.6c[97m) [97mR:[93m83.9%[97m([91m19.1c[97m) [97mS-L: [92m0:[96m17% [92m1:[96m50% [92m2:[96m13% [92m3:[96m17% [92m4:[96m4% [92m5:[96m38% [92m6:[96m47%[39m [34mF1_perclass: 69.3-58.6-48.2-41.1-52.2-69.6-35.8 [39m[39m
2026-01-15 20:18:30,078 - Agent - INFO - Total number of trainable parameters are: 22487018
2026-01-15 20:19:28,179 - Agent - INFO - [37mVal Epoch 83 step 83 with [31mce_loss_combined : 1.521829 [31mce_loss_c : 1.559559 [31mce_loss_g : 1.499376 [31mce_mask0 : 1.531384 [31mce_mask1 : 1.528134 [31mkl_synergy_1 : 0.369453 [31mkl_synergy_2 : 0.316852 [31mtotal : 5.267653 [94mAcc_combined: 57.97 [94mAcc_c: 47.04 [94mAcc_g: 43.62 [97mS:[93m39.5%[97m([91m11.7c[97m-[94mF1:31.7%) [97mU1:[93m67.0%[97m([91m15.9c[97m) [97mU2:[93m42.0%[97m([91m8.3c[97m) [97mR:[93m82.5%[97m([91m22.0c[97m) [97mS-L: [92m1:[96m57% [92m2:[96m14% [92m3:[96m19% [92m4:[96m40% [92m5:[96m45% [92m6:[96m50%[39m [34mF1_perclass: 57.3-67.6-48.4-48.9-67.9-76.0-39.1 [39m[39m
2026-01-15 20:19:28,196 - Agent - INFO - [37mTest Epoch 83 step 83 with [31mce_loss_combined : 1.632005 [31mce_loss_c : 1.616028 [31mce_loss_g : 1.684213 [31mce_mask0 : 1.651513 [31mce_mask1 : 1.647291 [31mkl_synergy_1 : 0.355681 [31mkl_synergy_2 : 0.329489 [31mtotal : 5.615980 [94mAcc_combined: 46.94 [94mAcc_c: 41.82 [94mAcc_g: 41.27 [97mS:[93m28.0%[97m([91m8.0c[97m-[94mF1:17.9%) [97mU1:[93m50.9%[97m([91m12.3c[97m) [97mU2:[93m35.2%[97m([91m8.6c[97m) [97mR:[93m79.0%[97m([91m18.0c[97m) [97mS-L: [92m0:[96m17% [92m1:[96m50% [92m2:[96m3% [92m3:[96m3% [92m4:[96m21% [92m5:[96m29% [92m6:[96m45%[39m [34mF1_perclass: 50.2-51.1-33.6-31.7-60.4-67.7-29.8 [39m[39m
2026-01-15 20:19:28,197 - Agent - INFO - Total number of trainable parameters are: 22487018
2026-01-15 20:20:24,091 - Agent - INFO - [37mVal Epoch 84 step 84 with [31mce_loss_combined : 1.543267 [31mce_loss_c : 1.597576 [31mce_loss_g : 1.534771 [31mce_mask0 : 1.556170 [31mce_mask1 : 1.548698 [31mkl_synergy_1 : 0.402023 [31mkl_synergy_2 : 0.389616 [31mtotal : 5.439774 [94mAcc_combined: 56.15 [94mAcc_c: 48.06 [94mAcc_g: 42.82 [97mS:[93m41.4%[97m([91m12.3c[97m-[94mF1:29.4%) [97mU1:[93m60.8%[97m([91m14.5c[97m) [97mU2:[93m45.4%[97m([91m9.0c[97m) [97mR:[93m76.5%[97m([91m20.4c[97m) [97mS-L: [92m1:[96m22% [92m2:[96m11% [92m3:[96m29% [92m4:[96m47% [92m5:[96m35% [92m6:[96m59%[39m [34mF1_perclass: 61.8-54.1-43.8-54.3-62.7-75.1-43.6 [39m[39m
2026-01-15 20:20:24,107 - Agent - INFO - [37mTest Epoch 84 step 84 with [31mce_loss_combined : 1.625433 [31mce_loss_c : 1.624441 [31mce_loss_g : 1.506590 [31mce_mask0 : 1.625890 [31mce_mask1 : 1.636482 [31mkl_synergy_1 : 0.413784 [31mkl_synergy_2 : 0.383236 [31mtotal : 5.684824 [94mAcc_combined: 49.17 [94mAcc_c: 43.27 [94mAcc_g: 48.61 [97mS:[93m33.5%[97m([91m9.6c[97m-[94mF1:21.1%) [97mU1:[93m56.4%[97m([91m13.7c[97m) [97mU2:[93m36.1%[97m([91m8.8c[97m) [97mR:[93m75.1%[97m([91m17.1c[97m) [97mS-L: [92m1:[96m25% [92m2:[96m11% [92m3:[96m19% [92m4:[96m21% [92m5:[96m38% [92m6:[96m51%[39m [34mF1_perclass: 44.8-54.3-41.1-45.0-52.0-67.3-37.2 [39m[39m
2026-01-15 20:20:24,108 - Agent - INFO - Total number of trainable parameters are: 22487018
2026-01-15 20:21:18,752 - Agent - INFO - [37mVal Epoch 85 step 85 with [31mce_loss_combined : 1.531107 [31mce_loss_c : 1.594787 [31mce_loss_g : 1.507665 [31mce_mask0 : 1.540990 [31mce_mask1 : 1.539209 [31mkl_synergy_1 : 0.370011 [31mkl_synergy_2 : 0.353889 [31mtotal : 5.335205 [94mAcc_combined: 55.81 [94mAcc_c: 47.84 [94mAcc_g: 43.39 [97mS:[93m39.1%[97m([91m11.6c[97m-[94mF1:30.0%) [97mU1:[93m63.6%[97m([91m15.1c[97m) [97mU2:[93m37.9%[97m([91m7.5c[97m) [97mR:[93m80.8%[97m([91m21.5c[97m) [97mS-L: [92m1:[96m30% [92m2:[96m22% [92m3:[96m29% [92m4:[96m33% [92m5:[96m25% [92m6:[96m54%[39m [34mF1_perclass: 63.2-62.0-48.0-51.1-57.4-73.5-40.6 [39m[39m
2026-01-15 20:21:18,806 - Agent - INFO - [37mTest Epoch 85 step 85 with [31mce_loss_combined : 1.586504 [31mce_loss_c : 1.617791 [31mce_loss_g : 1.547141 [31mce_mask0 : 1.580595 [31mce_mask1 : 1.585442 [31mkl_synergy_1 : 0.371828 [31mkl_synergy_2 : 0.341892 [31mtotal : 5.466262 [94mAcc_combined: 51.61 [94mAcc_c: 43.27 [94mAcc_g: 44.94 [97mS:[93m30.7%[97m([91m8.8c[97m-[94mF1:19.9%) [97mU1:[93m60.1%[97m([91m14.6c[97m) [97mU2:[93m39.3%[97m([91m9.6c[97m) [97mR:[93m82.0%[97m([91m18.7c[97m) [97mS-L: [92m0:[96m17% [92m1:[96m12% [92m2:[96m13% [92m3:[96m14% [92m4:[96m17% [92m5:[96m29% [92m6:[96m47%[39m [34mF1_perclass: 52.1-65.7-45.8-41.6-50.8-68.3-37.0 [39m[39m
2026-01-15 20:21:18,807 - Agent - INFO - Total number of trainable parameters are: 22487018
2026-01-15 20:22:19,556 - Agent - INFO - [37mVal Epoch 86 step 86 with [31mce_loss_combined : 1.572562 [31mce_loss_c : 1.583504 [31mce_loss_g : 1.535938 [31mce_mask0 : 1.576973 [31mce_mask1 : 1.579574 [31mkl_synergy_1 : 0.335952 [31mkl_synergy_2 : 0.341601 [31mtotal : 5.406662 [94mAcc_combined: 56.49 [94mAcc_c: 45.67 [94mAcc_g: 42.48 [97mS:[93m36.8%[97m([91m10.9c[97m-[94mF1:29.2%) [97mU1:[93m65.1%[97m([91m15.5c[97m) [97mU2:[93m40.8%[97m([91m8.1c[97m) [97mR:[93m82.5%[97m([91m22.0c[97m) [97mS-L: [92m1:[96m39% [92m2:[96m24% [92m3:[96m32% [92m4:[96m23% [92m5:[96m25% [92m6:[96m48%[39m [34mF1_perclass: 61.5-67.4-45.3-50.4-58.4-73.1-41.3 [39m[39m
2026-01-15 20:22:19,572 - Agent - INFO - [37mTest Epoch 86 step 86 with [31mce_loss_combined : 1.620920 [31mce_loss_c : 1.594507 [31mce_loss_g : 1.547262 [31mce_mask0 : 1.639104 [31mce_mask1 : 1.618342 [31mkl_synergy_1 : 0.288343 [31mkl_synergy_2 : 0.306865 [31mtotal : 5.473575 [94mAcc_combined: 51.95 [94mAcc_c: 41.94 [94mAcc_g: 41.38 [97mS:[93m28.0%[97m([91m8.0c[97m-[94mF1:18.7%) [97mU1:[93m63.8%[97m([91m15.5c[97m) [97mU2:[93m42.9%[97m([91m10.5c[97m) [97mR:[93m79.0%[97m([91m18.0c[97m) [97mS-L: [92m0:[96m8% [92m1:[96m12% [92m2:[96m16% [92m3:[96m25% [92m4:[96m8% [92m5:[96m29% [92m6:[96m40%[39m [34mF1_perclass: 60.8-60.7-45.2-45.8-51.9-64.5-36.5 [39m[39m
2026-01-15 20:22:19,573 - Agent - INFO - Total number of trainable parameters are: 22487018
2026-01-15 20:23:17,116 - Agent - INFO - [37mVal Epoch 87 step 87 with [31mce_loss_combined : 1.540766 [31mce_loss_c : 1.595880 [31mce_loss_g : 1.535539 [31mce_mask0 : 1.546816 [31mce_mask1 : 1.548625 [31mkl_synergy_1 : 0.369150 [31mkl_synergy_2 : 0.364720 [31mtotal : 5.370076 [94mAcc_combined: 56.38 [94mAcc_c: 48.41 [94mAcc_g: 43.05 [97mS:[93m38.3%[97m([91m11.4c[97m-[94mF1:30.8%) [97mU1:[93m67.5%[97m([91m16.1c[97m) [97mU2:[93m39.1%[97m([91m7.7c[97m) [97mR:[93m79.5%[97m([91m21.2c[97m) [97mS-L: [92m1:[96m30% [92m2:[96m41% [92m3:[96m32% [92m4:[96m40% [92m5:[96m20% [92m6:[96m45%[39m [34mF1_perclass: 61.2-59.2-55.9-54.5-61.4-66.7-39.7 [39m[39m
2026-01-15 20:23:17,170 - Agent - INFO - [37mTest Epoch 87 step 87 with [31mce_loss_combined : 1.573031 [31mce_loss_c : 1.638733 [31mce_loss_g : 1.509127 [31mce_mask0 : 1.581473 [31mce_mask1 : 1.578698 [31mkl_synergy_1 : 0.343308 [31mkl_synergy_2 : 0.329813 [31mtotal : 5.406322 [94mAcc_combined: 53.17 [94mAcc_c: 42.16 [94mAcc_g: 44.83 [97mS:[93m26.5%[97m([91m7.6c[97m-[94mF1:18.1%) [97mU1:[93m64.2%[97m([91m15.6c[97m) [97mU2:[93m42.5%[97m([91m10.3c[97m) [97mR:[93m86.3%[97m([91m19.7c[97m) [97mS-L: [92m1:[96m25% [92m2:[96m21% [92m3:[96m11% [92m4:[96m21% [92m5:[96m24% [92m6:[96m37%[39m [34mF1_perclass: 54.5-66.2-50.0-37.6-58.3-63.9-36.8 [39m[39m
2026-01-15 20:23:17,171 - Agent - INFO - Total number of trainable parameters are: 22487018
2026-01-15 20:24:20,313 - Agent - INFO - [37mVal Epoch 88 step 88 with [31mce_loss_combined : 1.539619 [31mce_loss_c : 1.591856 [31mce_loss_g : 1.549533 [31mce_mask0 : 1.546744 [31mce_mask1 : 1.550495 [31mkl_synergy_1 : 0.382378 [31mkl_synergy_2 : 0.337679 [31mtotal : 5.356916 [94mAcc_combined: 56.26 [94mAcc_c: 48.97 [94mAcc_g: 41.46 [97mS:[93m37.9%[97m([91m11.3c[97m-[94mF1:27.4%) [97mU1:[93m65.1%[97m([91m15.5c[97m) [97mU2:[93m40.2%[97m([91m8.0c[97m) [97mR:[93m80.8%[97m([91m21.5c[97m) [97mS-L: [92m1:[96m26% [92m2:[96m22% [92m3:[96m26% [92m4:[96m37% [92m5:[96m15% [92m6:[96m54%[39m [34mF1_perclass: 63.1-61.9-50.3-52.5-60.9-73.4-40.0 [39m[39m
2026-01-15 20:24:20,330 - Agent - INFO - [37mTest Epoch 88 step 88 with [31mce_loss_combined : 1.615185 [31mce_loss_c : 1.616035 [31mce_loss_g : 1.558863 [31mce_mask0 : 1.623887 [31mce_mask1 : 1.615564 [31mkl_synergy_1 : 0.378808 [31mkl_synergy_2 : 0.313156 [31mtotal : 5.546600 [94mAcc_combined: 51.84 [94mAcc_c: 44.16 [94mAcc_g: 43.27 [97mS:[93m29.6%[97m([91m8.5c[97m-[94mF1:17.0%) [97mU1:[93m62.4%[97m([91m15.1c[97m) [97mU2:[93m39.3%[97m([91m9.6c[97m) [97mR:[93m82.0%[97m([91m18.7c[97m) [97mS-L: [92m2:[96m21% [92m3:[96m17% [92m4:[96m12% [92m5:[96m19% [92m6:[96m47%[39m [34mF1_perclass: 52.3-66.2-47.1-37.6-55.3-66.4-37.7 [39m[39m
2026-01-15 20:24:20,331 - Agent - INFO - Total number of trainable parameters are: 22487018
2026-01-15 20:25:19,243 - Agent - INFO - [37mVal Epoch 89 step 89 with [31mce_loss_combined : 1.513054 [31mce_loss_c : 1.587455 [31mce_loss_g : 1.506363 [31mce_mask0 : 1.518977 [31mce_mask1 : 1.513047 [31mkl_synergy_1 : 0.366477 [31mkl_synergy_2 : 0.338248 [31mtotal : 5.249803 [94mAcc_combined: 58.43 [94mAcc_c: 46.47 [94mAcc_g: 46.01 [97mS:[93m39.1%[97m([91m11.6c[97m-[94mF1:32.1%) [97mU1:[93m66.5%[97m([91m15.8c[97m) [97mU2:[93m46.6%[97m([91m9.2c[97m) [97mR:[93m81.6%[97m([91m21.8c[97m) [97mS-L: [92m1:[96m52% [92m2:[96m5% [92m3:[96m32% [92m4:[96m37% [92m5:[96m55% [92m6:[96m48%[39m [34mF1_perclass: 61.3-69.9-46.1-54.9-62.0-74.5-39.5 [39m[39m
2026-01-15 20:25:19,258 - Agent - INFO - [37mTest Epoch 89 step 89 with [31mce_loss_combined : 1.585747 [31mce_loss_c : 1.631314 [31mce_loss_g : 1.523247 [31mce_mask0 : 1.584769 [31mce_mask1 : 1.591222 [31mkl_synergy_1 : 0.353258 [31mkl_synergy_2 : 0.334361 [31mtotal : 5.449358 [94mAcc_combined: 50.83 [94mAcc_c: 40.71 [94mAcc_g: 46.83 [97mS:[93m31.1%[97m([91m8.9c[97m-[94mF1:20.8%) [97mU1:[93m57.8%[97m([91m14.0c[97m) [97mU2:[93m41.6%[97m([91m10.1c[97m) [97mR:[93m78.0%[97m([91m17.8c[97m) [97mS-L: [92m1:[96m12% [92m2:[96m13% [92m3:[96m19% [92m4:[96m33% [92m5:[96m43% [92m6:[96m42%[39m [34mF1_perclass: 49.5-62.2-41.4-40.9-55.0-67.5-36.0 [39m[39m
2026-01-15 20:25:19,260 - Agent - INFO - Total number of trainable parameters are: 22487018
2026-01-15 20:26:21,745 - Agent - INFO - [37mVal Epoch 90 step 90 with [31mce_loss_combined : 1.538273 [31mce_loss_c : 1.571603 [31mce_loss_g : 1.504246 [31mce_mask0 : 1.546360 [31mce_mask1 : 1.551635 [31mkl_synergy_1 : 0.389575 [31mkl_synergy_2 : 0.366760 [31mtotal : 5.392603 [94mAcc_combined: 56.38 [94mAcc_c: 49.32 [94mAcc_g: 44.99 [97mS:[93m41.8%[97m([91m12.4c[97m-[94mF1:30.7%) [97mU1:[93m66.0%[97m([91m15.7c[97m) [97mU2:[93m36.2%[97m([91m7.2c[97m) [97mR:[93m79.1%[97m([91m21.1c[97m) [97mS-L: [92m1:[96m26% [92m2:[96m24% [92m3:[96m26% [92m4:[96m37% [92m5:[96m25% [92m6:[96m60%[39m [34mF1_perclass: 63.5-60.3-53.1-49.5-58.6-71.6-43.8 [39m[39m
2026-01-15 20:26:21,761 - Agent - INFO - [37mTest Epoch 90 step 90 with [31mce_loss_combined : 1.556475 [31mce_loss_c : 1.557457 [31mce_loss_g : 1.494873 [31mce_mask0 : 1.570454 [31mce_mask1 : 1.575202 [31mkl_synergy_1 : 0.363053 [31mkl_synergy_2 : 0.332570 [31mtotal : 5.397755 [94mAcc_combined: 55.95 [94mAcc_c: 45.05 [94mAcc_g: 47.39 [97mS:[93m37.0%[97m([91m10.6c[97m-[94mF1:22.8%) [97mU1:[93m70.6%[97m([91m17.1c[97m) [97mU2:[93m36.5%[97m([91m8.9c[97m) [97mR:[93m84.9%[97m([91m19.4c[97m) [97mS-L: [92m0:[96m17% [92m1:[96m12% [92m2:[96m21% [92m3:[96m19% [92m4:[96m17% [92m5:[96m19% [92m6:[96m58%[39m [34mF1_perclass: 65.3-65.7-53.3-42.4-55.8-63.9-45.2 [39m[39m
2026-01-15 20:26:22,619 - Agent - INFO - Total number of trainable parameters are: 22487018
2026-01-15 20:27:22,094 - Agent - INFO - [37mVal Epoch 91 step 91 with [31mce_loss_combined : 1.549772 [31mce_loss_c : 1.594728 [31mce_loss_g : 1.510126 [31mce_mask0 : 1.556018 [31mce_mask1 : 1.564181 [31mkl_synergy_1 : 0.389293 [31mkl_synergy_2 : 0.364662 [31mtotal : 5.423926 [94mAcc_combined: 53.99 [94mAcc_c: 44.65 [94mAcc_g: 44.65 [97mS:[93m38.7%[97m([91m11.5c[97m-[94mF1:29.3%) [97mU1:[93m60.3%[97m([91m14.4c[97m) [97mU2:[93m41.4%[97m([91m8.2c[97m) [97mR:[93m74.8%[97m([91m19.9c[97m) [97mS-L: [92m1:[96m35% [92m2:[96m11% [92m3:[96m26% [92m4:[96m43% [92m5:[96m40% [92m6:[96m52%[39m [34mF1_perclass: 52.1-64.3-47.5-47.7-56.2-73.8-38.1 [39m[39m
2026-01-15 20:27:22,110 - Agent - INFO - [37mTest Epoch 91 step 91 with [31mce_loss_combined : 1.616869 [31mce_loss_c : 1.643719 [31mce_loss_g : 1.512862 [31mce_mask0 : 1.616008 [31mce_mask1 : 1.630795 [31mkl_synergy_1 : 0.364327 [31mkl_synergy_2 : 0.375510 [31mtotal : 5.603508 [94mAcc_combined: 52.06 [94mAcc_c: 40.16 [94mAcc_g: 45.05 [97mS:[93m31.5%[97m([91m9.0c[97m-[94mF1:21.3%) [97mU1:[93m60.1%[97m([91m14.6c[97m) [97mU2:[93m42.0%[97m([91m10.2c[97m) [97mR:[93m80.0%[97m([91m18.2c[97m) [97mS-L: [92m1:[96m38% [92m2:[96m11% [92m3:[96m22% [92m4:[96m21% [92m5:[96m43% [92m6:[96m44%[39m [34mF1_perclass: 46.1-66.9-43.5-43.7-52.3-66.7-37.2 [39m[39m
2026-01-15 20:27:22,111 - Agent - INFO - Total number of trainable parameters are: 22487018
2026-01-15 20:28:19,391 - Agent - INFO - [37mVal Epoch 92 step 92 with [31mce_loss_combined : 1.516040 [31mce_loss_c : 1.581257 [31mce_loss_g : 1.493628 [31mce_mask0 : 1.526322 [31mce_mask1 : 1.521638 [31mkl_synergy_1 : 0.380829 [31mkl_synergy_2 : 0.344566 [31mtotal : 5.289395 [94mAcc_combined: 59.79 [94mAcc_c: 46.36 [94mAcc_g: 45.79 [97mS:[93m43.7%[97m([91m13.0c[97m-[94mF1:36.3%) [97mU1:[93m67.9%[97m([91m16.2c[97m) [97mU2:[93m43.1%[97m([91m8.5c[97m) [97mR:[93m82.9%[97m([91m22.1c[97m) [97mS-L: [92m0:[96m50% [92m1:[96m43% [92m2:[96m22% [92m3:[96m29% [92m4:[96m33% [92m5:[96m45% [92m6:[96m57%[39m [34mF1_perclass: 68.3-70.0-52.2-52.6-63.7-74.7-41.9 [39m[39m
2026-01-15 20:28:19,406 - Agent - INFO - [37mTest Epoch 92 step 92 with [31mce_loss_combined : 1.595511 [31mce_loss_c : 1.628523 [31mce_loss_g : 1.533897 [31mce_mask0 : 1.604241 [31mce_mask1 : 1.587545 [31mkl_synergy_1 : 0.358420 [31mkl_synergy_2 : 0.342786 [31mtotal : 5.488503 [94mAcc_combined: 51.28 [94mAcc_c: 42.71 [94mAcc_g: 46.50 [97mS:[93m31.9%[97m([91m9.1c[97m-[94mF1:19.2%) [97mU1:[93m61.0%[97m([91m14.8c[97m) [97mU2:[93m37.0%[97m([91m9.0c[97m) [97mR:[93m80.5%[97m([91m18.4c[97m) [97mS-L: [92m1:[96m25% [92m2:[96m13% [92m3:[96m14% [92m4:[96m12% [92m5:[96m29% [92m6:[96m52%[39m [34mF1_perclass: 60.6-63.3-41.1-39.8-51.6-64.8-38.7 [39m[39m
2026-01-15 20:28:20,097 - Agent - INFO - [37mModel saved successfully at: /esat/smcdata/users/kkontras/Image_Dataset/no_backup/data/2025_data/synergy/CremadPlus/v2/SynIB_RMask_fold0_l1_vldsyn_accuracy_fillema_lsparse1_lr0.0001_wd0.0001_clsmlp_bs64.pth.tar[39m
2026-01-15 20:28:20,104 - Agent - INFO - Total number of trainable parameters are: 22487018
2026-01-15 20:29:24,781 - Agent - INFO - [37mVal Epoch 93 step 93 with [31mce_loss_combined : 1.539163 [31mce_loss_c : 1.605159 [31mce_loss_g : 1.563542 [31mce_mask0 : 1.542405 [31mce_mask1 : 1.545905 [31mkl_synergy_1 : 0.336908 [31mkl_synergy_2 : 0.320374 [31mtotal : 5.284756 [94mAcc_combined: 57.29 [94mAcc_c: 45.79 [94mAcc_g: 40.89 [97mS:[93m42.5%[97m([91m12.6c[97m-[94mF1:34.1%) [97mU1:[93m66.0%[97m([91m15.7c[97m) [97mU2:[93m36.2%[97m([91m7.2c[97m) [97mR:[93m81.6%[97m([91m21.8c[97m) [97mS-L: [92m1:[96m61% [92m2:[96m8% [92m3:[96m35% [92m4:[96m27% [92m5:[96m60% [92m6:[96m54%[39m [34mF1_perclass: 61.5-67.7-47.4-49.8-62.2-68.7-41.6 [39m[39m
2026-01-15 20:29:24,797 - Agent - INFO - [37mTest Epoch 93 step 93 with [31mce_loss_combined : 1.610731 [31mce_loss_c : 1.626690 [31mce_loss_g : 1.605992 [31mce_mask0 : 1.608560 [31mce_mask1 : 1.612367 [31mkl_synergy_1 : 0.339416 [31mkl_synergy_2 : 0.327972 [31mtotal : 5.499047 [94mAcc_combined: 50.06 [94mAcc_c: 41.05 [94mAcc_g: 40.71 [97mS:[93m31.1%[97m([91m8.9c[97m-[94mF1:20.3%) [97mU1:[93m56.0%[97m([91m13.6c[97m) [97mU2:[93m38.4%[97m([91m9.3c[97m) [97mR:[93m80.0%[97m([91m18.2c[97m) [97mS-L: [92m1:[96m38% [92m2:[96m8% [92m3:[96m17% [92m4:[96m17% [92m5:[96m52% [92m6:[96m45%[39m [34mF1_perclass: 51.0-63.8-40.5-40.6-50.7-61.5-35.7 [39m[39m
2026-01-15 20:29:24,798 - Agent - INFO - Total number of trainable parameters are: 22487018
2026-01-15 20:30:24,268 - Agent - INFO - [37mVal Epoch 94 step 94 with [31mce_loss_combined : 1.517173 [31mce_loss_c : 1.581656 [31mce_loss_g : 1.514936 [31mce_mask0 : 1.526206 [31mce_mask1 : 1.517664 [31mkl_synergy_1 : 0.369852 [31mkl_synergy_2 : 0.359606 [31mtotal : 5.290502 [94mAcc_combined: 57.97 [94mAcc_c: 47.49 [94mAcc_g: 45.79 [97mS:[93m39.8%[97m([91m11.8c[97m-[94mF1:32.8%) [97mU1:[93m68.9%[97m([91m16.4c[97m) [97mU2:[93m39.7%[97m([91m7.9c[97m) [97mR:[93m82.1%[97m([91m21.9c[97m) [97mS-L: [92m0:[96m25% [92m1:[96m39% [92m2:[96m19% [92m3:[96m29% [92m4:[96m30% [92m5:[96m40% [92m6:[96m53%[39m [34mF1_perclass: 61.9-67.5-51.1-53.4-63.4-76.3-39.3 [39m[39m
2026-01-15 20:30:24,285 - Agent - INFO - [37mTest Epoch 94 step 94 with [31mce_loss_combined : 1.597757 [31mce_loss_c : 1.629220 [31mce_loss_g : 1.541092 [31mce_mask0 : 1.607740 [31mce_mask1 : 1.603092 [31mkl_synergy_1 : 0.354383 [31mkl_synergy_2 : 0.339057 [31mtotal : 5.502028 [94mAcc_combined: 52.06 [94mAcc_c: 41.38 [94mAcc_g: 46.16 [97mS:[93m32.3%[97m([91m9.2c[97m-[94mF1:20.3%) [97mU1:[93m62.8%[97m([91m15.2c[97m) [97mU2:[93m37.0%[97m([91m9.0c[97m) [97mR:[93m81.5%[97m([91m18.6c[97m) [97mS-L: [92m1:[96m25% [92m2:[96m13% [92m3:[96m19% [92m4:[96m12% [92m5:[96m38% [92m6:[96m49%[39m [34mF1_perclass: 55.2-64.8-40.9-43.2-52.7-67.5-37.6 [39m[39m
2026-01-15 20:30:24,286 - Agent - INFO - Total number of trainable parameters are: 22487018
2026-01-15 20:31:16,945 - Agent - INFO - [37mVal Epoch 95 step 95 with [31mce_loss_combined : 1.524076 [31mce_loss_c : 1.586063 [31mce_loss_g : 1.511878 [31mce_mask0 : 1.527455 [31mce_mask1 : 1.527803 [31mkl_synergy_1 : 0.410981 [31mkl_synergy_2 : 0.396144 [31mtotal : 5.386459 [94mAcc_combined: 56.72 [94mAcc_c: 47.95 [94mAcc_g: 43.62 [97mS:[93m42.5%[97m([91m12.6c[97m-[94mF1:32.0%) [97mU1:[93m64.6%[97m([91m15.4c[97m) [97mU2:[93m38.5%[97m([91m7.6c[97m) [97mR:[93m79.1%[97m([91m21.1c[97m) [97mS-L: [92m1:[96m26% [92m2:[96m14% [92m3:[96m32% [92m4:[96m30% [92m5:[96m45% [92m6:[96m62%[39m [34mF1_perclass: 61.7-60.5-49.1-57.1-61.7-75.2-40.8 [39m[39m
2026-01-15 20:31:16,960 - Agent - INFO - [37mTest Epoch 95 step 95 with [31mce_loss_combined : 1.626966 [31mce_loss_c : 1.624010 [31mce_loss_g : 1.531247 [31mce_mask0 : 1.644925 [31mce_mask1 : 1.638422 [31mkl_synergy_1 : 0.359959 [31mkl_synergy_2 : 0.385647 [31mtotal : 5.655919 [94mAcc_combined: 51.28 [94mAcc_c: 42.38 [94mAcc_g: 48.05 [97mS:[93m37.4%[97m([91m10.7c[97m-[94mF1:21.1%) [97mU1:[93m56.9%[97m([91m13.8c[97m) [97mU2:[93m35.2%[97m([91m8.6c[97m) [97mR:[93m80.0%[97m([91m18.2c[97m) [97mS-L: [92m1:[96m38% [92m2:[96m8% [92m3:[96m14% [92m4:[96m12% [92m5:[96m29% [92m6:[96m64%[39m [34mF1_perclass: 53.7-55.7-43.8-45.0-56.4-68.1-40.4 [39m[39m
2026-01-15 20:31:16,962 - Agent - INFO - Total number of trainable parameters are: 22487018
2026-01-15 20:32:14,977 - Agent - INFO - [37mVal Epoch 96 step 96 with [31mce_loss_combined : 1.513314 [31mce_loss_c : 1.607972 [31mce_loss_g : 1.465311 [31mce_mask0 : 1.513431 [31mce_mask1 : 1.515695 [31mkl_synergy_1 : 0.369254 [31mkl_synergy_2 : 0.321425 [31mtotal : 5.233119 [94mAcc_combined: 59.00 [94mAcc_c: 48.29 [94mAcc_g: 45.90 [97mS:[93m39.1%[97m([91m11.6c[97m-[94mF1:33.3%) [97mU1:[93m70.3%[97m([91m16.7c[97m) [97mU2:[93m44.8%[97m([91m8.9c[97m) [97mR:[93m81.6%[97m([91m21.8c[97m) [97mS-L: [92m1:[96m61% [92m2:[96m24% [92m3:[96m23% [92m4:[96m40% [92m5:[96m60% [92m6:[96m41%[39m [34mF1_perclass: 62.8-71.8-51.5-52.1-60.6-73.1-37.6 [39m[39m
2026-01-15 20:32:14,993 - Agent - INFO - [37mTest Epoch 96 step 96 with [31mce_loss_combined : 1.673731 [31mce_loss_c : 1.635200 [31mce_loss_g : 1.625770 [31mce_mask0 : 1.674916 [31mce_mask1 : 1.678458 [31mkl_synergy_1 : 0.380879 [31mkl_synergy_2 : 0.317929 [31mtotal : 5.725914 [94mAcc_combined: 48.39 [94mAcc_c: 42.94 [94mAcc_g: 41.49 [97mS:[93m27.6%[97m([91m7.9c[97m-[94mF1:16.9%) [97mU1:[93m54.1%[97m([91m13.1c[97m) [97mU2:[93m38.8%[97m([91m9.5c[97m) [97mR:[93m78.5%[97m([91m17.9c[97m) [97mS-L: [92m1:[96m25% [92m2:[96m11% [92m3:[96m8% [92m4:[96m17% [92m5:[96m29% [92m6:[96m44%[39m [34mF1_perclass: 38.3-56.7-42.2-35.5-53.5-63.3-37.6 [39m[39m
2026-01-15 20:32:14,994 - Agent - INFO - Total number of trainable parameters are: 22487018
2026-01-15 20:33:14,579 - Agent - INFO - [37mVal Epoch 97 step 97 with [31mce_loss_combined : 1.528807 [31mce_loss_c : 1.642378 [31mce_loss_g : 1.482016 [31mce_mask0 : 1.535017 [31mce_mask1 : 1.536532 [31mkl_synergy_1 : 0.421699 [31mkl_synergy_2 : 0.362060 [31mtotal : 5.384114 [94mAcc_combined: 58.88 [94mAcc_c: 45.10 [94mAcc_g: 45.10 [97mS:[93m43.3%[97m([91m12.9c[97m-[94mF1:34.5%) [97mU1:[93m70.3%[97m([91m16.7c[97m) [97mU2:[93m40.2%[97m([91m8.0c[97m) [97mR:[93m79.9%[97m([91m21.3c[97m) [97mS-L: [92m1:[96m61% [92m2:[96m27% [92m3:[96m23% [92m4:[96m30% [92m5:[96m35% [92m6:[96m57%[39m [34mF1_perclass: 62.6-72.1-51.8-48.9-58.9-75.9-43.1 [39m[39m
2026-01-15 20:33:14,595 - Agent - INFO - [37mTest Epoch 97 step 97 with [31mce_loss_combined : 1.656951 [31mce_loss_c : 1.688844 [31mce_loss_g : 1.582362 [31mce_mask0 : 1.639913 [31mce_mask1 : 1.680220 [31mkl_synergy_1 : 0.415701 [31mkl_synergy_2 : 0.339888 [31mtotal : 5.732672 [94mAcc_combined: 49.39 [94mAcc_c: 40.71 [94mAcc_g: 43.16 [97mS:[93m30.7%[97m([91m8.8c[97m-[94mF1:19.0%) [97mU1:[93m57.8%[97m([91m14.0c[97m) [97mU2:[93m37.0%[97m([91m9.0c[97m) [97mR:[93m77.1%[97m([91m17.6c[97m) [97mS-L: [92m1:[96m38% [92m2:[96m11% [92m3:[96m11% [92m4:[96m17% [92m5:[96m29% [92m6:[96m49%[39m [34mF1_perclass: 50.7-61.7-39.4-36.9-50.0-63.5-38.4 [39m[39m
2026-01-15 20:33:14,596 - Agent - INFO - Total number of trainable parameters are: 22487018
2026-01-15 20:34:08,017 - Agent - INFO - [37mVal Epoch 98 step 98 with [31mce_loss_combined : 1.517906 [31mce_loss_c : 1.629828 [31mce_loss_g : 1.463177 [31mce_mask0 : 1.523893 [31mce_mask1 : 1.535211 [31mkl_synergy_1 : 0.382466 [31mkl_synergy_2 : 0.336273 [31mtotal : 5.295749 [94mAcc_combined: 59.00 [94mAcc_c: 46.47 [94mAcc_g: 49.32 [97mS:[93m44.1%[97m([91m13.1c[97m-[94mF1:36.3%) [97mU1:[93m66.5%[97m([91m15.8c[97m) [97mU2:[93m43.7%[97m([91m8.7c[97m) [97mR:[93m80.3%[97m([91m21.4c[97m) [97mS-L: [92m0:[96m25% [92m1:[96m74% [92m2:[96m38% [92m3:[96m29% [92m4:[96m30% [92m5:[96m25% [92m6:[96m52%[39m [34mF1_perclass: 61.5-73.3-54.0-54.5-58.4-73.1-42.0 [39m[39m
2026-01-15 20:34:08,033 - Agent - INFO - [37mTest Epoch 98 step 98 with [31mce_loss_combined : 1.604607 [31mce_loss_c : 1.664874 [31mce_loss_g : 1.560059 [31mce_mask0 : 1.604653 [31mce_mask1 : 1.620162 [31mkl_synergy_1 : 0.392564 [31mkl_synergy_2 : 0.329060 [31mtotal : 5.551046 [94mAcc_combined: 51.61 [94mAcc_c: 41.16 [94mAcc_g: 46.38 [97mS:[93m33.5%[97m([91m9.6c[97m-[94mF1:20.4%) [97mU1:[93m54.1%[97m([91m13.1c[97m) [97mU2:[93m43.4%[97m([91m10.6c[97m) [97mR:[93m80.5%[97m([91m18.4c[97m) [97mS-L: [92m1:[96m38% [92m2:[96m11% [92m3:[96m25% [92m4:[96m17% [92m5:[96m19% [92m6:[96m53%[39m [34mF1_perclass: 41.1-68.1-44.2-44.7-46.3-67.2-42.3 [39m[39m
2026-01-15 20:34:09,009 - Agent - INFO - [37mModel saved successfully at: /esat/smcdata/users/kkontras/Image_Dataset/no_backup/data/2025_data/synergy/CremadPlus/v2/SynIB_RMask_fold0_l1_vldsyn_accuracy_fillema_lsparse1_lr0.0001_wd0.0001_clsmlp_bs64.pth.tar[39m
2026-01-15 20:34:09,016 - Agent - INFO - Total number of trainable parameters are: 22487018
2026-01-15 20:35:12,910 - Agent - INFO - [37mVal Epoch 99 step 99 with [31mce_loss_combined : 1.533759 [31mce_loss_c : 1.614498 [31mce_loss_g : 1.453226 [31mce_mask0 : 1.540533 [31mce_mask1 : 1.538920 [31mkl_synergy_1 : 0.387203 [31mkl_synergy_2 : 0.321204 [31mtotal : 5.321620 [94mAcc_combined: 57.86 [94mAcc_c: 46.92 [94mAcc_g: 45.44 [97mS:[93m41.8%[97m([91m12.4c[97m-[94mF1:33.0%) [97mU1:[93m67.9%[97m([91m16.2c[97m) [97mU2:[93m39.1%[97m([91m7.7c[97m) [97mR:[93m80.8%[97m([91m21.5c[97m) [97mS-L: [92m1:[96m61% [92m2:[96m22% [92m3:[96m26% [92m4:[96m43% [92m5:[96m30% [92m6:[96m52%[39m [34mF1_perclass: 57.8-71.5-51.9-51.4-59.0-74.8-41.0 [39m[39m
2026-01-15 20:35:12,926 - Agent - INFO - [37mTest Epoch 99 step 99 with [31mce_loss_combined : 1.618683 [31mce_loss_c : 1.654644 [31mce_loss_g : 1.540739 [31mce_mask0 : 1.624444 [31mce_mask1 : 1.636125 [31mkl_synergy_1 : 0.393148 [31mkl_synergy_2 : 0.330069 [31mtotal : 5.602469 [94mAcc_combined: 51.06 [94mAcc_c: 42.60 [94mAcc_g: 45.49 [97mS:[93m33.9%[97m([91m9.7c[97m-[94mF1:20.6%) [97mU1:[93m52.3%[97m([91m12.7c[97m) [97mU2:[93m41.1%[97m([91m10.0c[97m) [97mR:[93m82.0%[97m([91m18.7c[97m) [97mS-L: [92m1:[96m38% [92m2:[96m11% [92m3:[96m14% [92m4:[96m21% [92m5:[96m29% [92m6:[96m54%[39m [34mF1_perclass: 37.9-62.8-47.0-41.8-52.9-66.9-42.1 [39m[39m
2026-01-15 20:35:12,927 - Agent - INFO - Total number of trainable parameters are: 22487018
2026-01-15 20:36:10,457 - Agent - INFO - [37mVal Epoch 100 step 100 with [31mce_loss_combined : 1.489611 [31mce_loss_c : 1.595336 [31mce_loss_g : 1.483156 [31mce_mask0 : 1.499320 [31mce_mask1 : 1.494811 [31mkl_synergy_1 : 0.391115 [31mkl_synergy_2 : 0.336753 [31mtotal : 5.211609 [94mAcc_combined: 60.71 [94mAcc_c: 47.95 [94mAcc_g: 46.81 [97mS:[93m41.8%[97m([91m12.4c[97m-[94mF1:36.4%) [97mU1:[93m72.2%[97m([91m17.2c[97m) [97mU2:[93m45.4%[97m([91m9.0c[97m) [97mR:[93m82.9%[97m([91m22.1c[97m) [97mS-L: [92m0:[96m50% [92m1:[96m57% [92m2:[96m27% [92m3:[96m29% [92m4:[96m43% [92m5:[96m40% [92m6:[96m47%[39m [34mF1_perclass: 68.7-70.0-55.3-54.1-61.8-73.6-41.4 [39m[39m
2026-01-15 20:36:10,472 - Agent - INFO - [37mTest Epoch 100 step 100 with [31mce_loss_combined : 1.591531 [31mce_loss_c : 1.627727 [31mce_loss_g : 1.562976 [31mce_mask0 : 1.602013 [31mce_mask1 : 1.584167 [31mkl_synergy_1 : 0.355201 [31mkl_synergy_2 : 0.309160 [31mtotal : 5.442072 [94mAcc_combined: 52.28 [94mAcc_c: 43.60 [94mAcc_g: 44.49 [97mS:[93m30.0%[97m([91m8.6c[97m-[94mF1:18.4%) [97mU1:[93m60.1%[97m([91m14.6c[97m) [97mU2:[93m40.6%[97m([91m9.9c[97m) [97mR:[93m84.4%[97m([91m19.2c[97m) [97mS-L: [92m1:[96m25% [92m2:[96m11% [92m3:[96m14% [92m4:[96m17% [92m5:[96m29% [92m6:[96m47%[39m [34mF1_perclass: 50.5-62.1-48.7-40.0-52.5-65.8-41.1 [39m[39m
2026-01-15 20:36:11,471 - Agent - INFO - Total number of trainable parameters are: 22487018
2026-01-15 20:37:02,629 - Agent - INFO - [37mVal Epoch 101 step 101 with [31mce_loss_combined : 1.498434 [31mce_loss_c : 1.596315 [31mce_loss_g : 1.517885 [31mce_mask0 : 1.499514 [31mce_mask1 : 1.495594 [31mkl_synergy_1 : 0.360975 [31mkl_synergy_2 : 0.346666 [31mtotal : 5.201183 [94mAcc_combined: 58.31 [94mAcc_c: 48.63 [94mAcc_g: 48.29 [97mS:[93m37.9%[97m([91m11.3c[97m-[94mF1:33.0%) [97mU1:[93m68.9%[97m([91m16.4c[97m) [97mU2:[93m42.0%[97m([91m8.3c[97m) [97mR:[93m83.8%[97m([91m22.3c[97m) [97mS-L: [92m0:[96m50% [92m1:[96m39% [92m2:[96m22% [92m3:[96m29% [92m4:[96m33% [92m5:[96m50% [92m6:[96m44%[39m [34mF1_perclass: 64.4-65.4-52.9-53.1-61.9-72.8-38.4 [39m[39m
2026-01-15 20:37:02,645 - Agent - INFO - [37mTest Epoch 101 step 101 with [31mce_loss_combined : 1.572062 [31mce_loss_c : 1.634432 [31mce_loss_g : 1.535900 [31mce_mask0 : 1.577981 [31mce_mask1 : 1.579040 [31mkl_synergy_1 : 0.353700 [31mkl_synergy_2 : 0.291313 [31mtotal : 5.374095 [94mAcc_combined: 54.39 [94mAcc_c: 43.27 [94mAcc_g: 47.61 [97mS:[93m30.0%[97m([91m8.6c[97m-[94mF1:20.9%) [97mU1:[93m67.0%[97m([91m16.2c[97m) [97mU2:[93m42.0%[97m([91m10.2c[97m) [97mR:[93m84.9%[97m([91m19.4c[97m) [97mS-L: [92m1:[96m50% [92m2:[96m16% [92m3:[96m19% [92m4:[96m17% [92m5:[96m33% [92m6:[96m42%[39m [34mF1_perclass: 63.1-63.2-52.5-42.3-55.5-64.2-38.7 [39m[39m
2026-01-15 20:37:02,646 - Agent - INFO - Total number of trainable parameters are: 22487018
2026-01-15 20:38:05,258 - Agent - INFO - [37mVal Epoch 102 step 102 with [31mce_loss_combined : 1.492059 [31mce_loss_c : 1.595600 [31mce_loss_g : 1.517825 [31mce_mask0 : 1.503463 [31mce_mask1 : 1.501131 [31mkl_synergy_1 : 0.393210 [31mkl_synergy_2 : 0.366443 [31mtotal : 5.256307 [94mAcc_combined: 57.63 [94mAcc_c: 48.29 [94mAcc_g: 45.10 [97mS:[93m41.4%[97m([91m12.3c[97m-[94mF1:34.9%) [97mU1:[93m66.5%[97m([91m15.8c[97m) [97mU2:[93m42.0%[97m([91m8.3c[97m) [97mR:[93m79.5%[97m([91m21.2c[97m) [97mS-L: [92m0:[96m50% [92m1:[96m35% [92m2:[96m27% [92m3:[96m26% [92m4:[96m40% [92m5:[96m40% [92m6:[96m52%[39m [34mF1_perclass: 61.7-64.8-55.0-54.3-58.3-75.6-40.7 [39m[39m
2026-01-15 20:38:05,274 - Agent - INFO - [37mTest Epoch 102 step 102 with [31mce_loss_combined : 1.569697 [31mce_loss_c : 1.644874 [31mce_loss_g : 1.548214 [31mce_mask0 : 1.571151 [31mce_mask1 : 1.568942 [31mkl_synergy_1 : 0.360330 [31mkl_synergy_2 : 0.323799 [31mtotal : 5.393920 [94mAcc_combined: 54.17 [94mAcc_c: 43.16 [94mAcc_g: 46.83 [97mS:[93m34.6%[97m([91m9.9c[97m-[94mF1:20.1%) [97mU1:[93m64.7%[97m([91m15.7c[97m) [97mU2:[93m39.7%[97m([91m9.7c[97m) [97mR:[93m82.9%[97m([91m18.9c[97m) [97mS-L: [92m1:[96m12% [92m2:[96m18% [92m3:[96m8% [92m4:[96m25% [92m5:[96m29% [92m6:[96m56%[39m [34mF1_perclass: 56.7-66.4-51.3-40.9-52.9-67.4-42.8 [39m[39m
2026-01-15 20:38:05,275 - Agent - INFO - Total number of trainable parameters are: 22487018
2026-01-15 20:38:58,136 - Agent - INFO - [37mVal Epoch 103 step 103 with [31mce_loss_combined : 1.516050 [31mce_loss_c : 1.611598 [31mce_loss_g : 1.483190 [31mce_mask0 : 1.527286 [31mce_mask1 : 1.523598 [31mkl_synergy_1 : 0.402995 [31mkl_synergy_2 : 0.339517 [31mtotal : 5.309446 [94mAcc_combined: 57.97 [94mAcc_c: 47.15 [94mAcc_g: 45.10 [97mS:[93m37.9%[97m([91m11.3c[97m-[94mF1:31.3%) [97mU1:[93m68.4%[97m([91m16.3c[97m) [97mU2:[93m44.8%[97m([91m8.9c[97m) [97mR:[93m80.8%[97m([91m21.5c[97m) [97mS-L: [92m0:[96m25% [92m1:[96m48% [92m2:[96m11% [92m3:[96m29% [92m4:[96m43% [92m5:[96m30% [92m6:[96m47%[39m [34mF1_perclass: 58.0-74.3-48.6-51.5-59.9-75.0-40.0 [39m[39m
2026-01-15 20:38:58,169 - Agent - INFO - [37mTest Epoch 103 step 103 with [31mce_loss_combined : 1.604091 [31mce_loss_c : 1.665052 [31mce_loss_g : 1.556826 [31mce_mask0 : 1.605505 [31mce_mask1 : 1.612327 [31mkl_synergy_1 : 0.382145 [31mkl_synergy_2 : 0.320030 [31mtotal : 5.524099 [94mAcc_combined: 52.39 [94mAcc_c: 41.71 [94mAcc_g: 46.50 [97mS:[93m30.4%[97m([91m8.7c[97m-[94mF1:19.1%) [97mU1:[93m61.5%[97m([91m14.9c[97m) [97mU2:[93m41.6%[97m([91m10.1c[97m) [97mR:[93m82.0%[97m([91m18.7c[97m) [97mS-L: [92m1:[96m25% [92m2:[96m13% [92m3:[96m22% [92m4:[96m17% [92m5:[96m24% [92m6:[96m46%[39m [34mF1_perclass: 49.0-68.7-44.6-41.6-51.5-67.8-38.9 [39m[39m
2026-01-15 20:38:58,170 - Agent - INFO - Total number of trainable parameters are: 22487018
2026-01-15 20:39:54,255 - Agent - INFO - [37mVal Epoch 104 step 104 with [31mce_loss_combined : 1.481396 [31mce_loss_c : 1.609815 [31mce_loss_g : 1.471866 [31mce_mask0 : 1.478948 [31mce_mask1 : 1.489210 [31mkl_synergy_1 : 0.429918 [31mkl_synergy_2 : 0.367474 [31mtotal : 5.246947 [94mAcc_combined: 59.45 [94mAcc_c: 47.72 [94mAcc_g: 47.61 [97mS:[93m43.3%[97m([91m12.9c[97m-[94mF1:33.3%) [97mU1:[93m67.5%[97m([91m16.1c[97m) [97mU2:[93m44.3%[97m([91m8.8c[97m) [97mR:[93m81.6%[97m([91m21.8c[97m) [97mS-L: [92m1:[96m57% [92m2:[96m14% [92m3:[96m26% [92m4:[96m43% [92m5:[96m35% [92m6:[96m58%[39m [34mF1_perclass: 56.6-78.9-50.9-49.8-59.7-77.1-42.8 [39m[39m
2026-01-15 20:39:54,271 - Agent - INFO - [37mTest Epoch 104 step 104 with [31mce_loss_combined : 1.597885 [31mce_loss_c : 1.661550 [31mce_loss_g : 1.566941 [31mce_mask0 : 1.605354 [31mce_mask1 : 1.606041 [31mkl_synergy_1 : 0.421706 [31mkl_synergy_2 : 0.359821 [31mtotal : 5.590806 [94mAcc_combined: 51.61 [94mAcc_c: 43.05 [94mAcc_g: 46.72 [97mS:[93m31.1%[97m([91m8.9c[97m-[94mF1:19.5%) [97mU1:[93m56.0%[97m([91m13.6c[97m) [97mU2:[93m43.8%[97m([91m10.7c[97m) [97mR:[93m81.0%[97m([91m18.5c[97m) [97mS-L: [92m1:[96m50% [92m2:[96m13% [92m3:[96m8% [92m4:[96m17% [92m5:[96m29% [92m6:[96m49%[39m [34mF1_perclass: 35.6-71.8-47.7-38.0-49.2-69.4-38.3 [39m[39m
2026-01-15 20:39:54,272 - Agent - INFO - Total number of trainable parameters are: 22487018
2026-01-15 20:40:52,672 - Agent - INFO - [37mVal Epoch 105 step 105 with [31mce_loss_combined : 1.512747 [31mce_loss_c : 1.624061 [31mce_loss_g : 1.489716 [31mce_mask0 : 1.517005 [31mce_mask1 : 1.515690 [31mkl_synergy_1 : 0.402645 [31mkl_synergy_2 : 0.376331 [31mtotal : 5.324419 [94mAcc_combined: 57.74 [94mAcc_c: 47.61 [94mAcc_g: 45.22 [97mS:[93m40.2%[97m([91m12.0c[97m-[94mF1:32.4%) [97mU1:[93m66.0%[97m([91m15.7c[97m) [97mU2:[93m47.7%[97m([91m9.5c[97m) [97mR:[93m77.4%[97m([91m20.6c[97m) [97mS-L: [92m1:[96m52% [92m2:[96m30% [92m3:[96m23% [92m4:[96m33% [92m5:[96m35% [92m6:[96m50%[39m [34mF1_perclass: 56.2-76.6-52.9-52.7-58.0-77.1-36.6 [39m[39m
2026-01-15 20:40:52,687 - Agent - INFO - [37mTest Epoch 105 step 105 with [31mce_loss_combined : 1.589312 [31mce_loss_c : 1.663442 [31mce_loss_g : 1.552679 [31mce_mask0 : 1.591978 [31mce_mask1 : 1.583141 [31mkl_synergy_1 : 0.381141 [31mkl_synergy_2 : 0.362067 [31mtotal : 5.507639 [94mAcc_combined: 49.17 [94mAcc_c: 42.27 [94mAcc_g: 46.27 [97mS:[93m32.7%[97m([91m9.3c[97m-[94mF1:19.1%) [97mU1:[93m50.5%[97m([91m12.2c[97m) [97mU2:[93m42.9%[97m([91m10.5c[97m) [97mR:[93m75.1%[97m([91m17.1c[97m) [97mS-L: [92m1:[96m25% [92m2:[96m21% [92m3:[96m8% [92m4:[96m12% [92m5:[96m24% [92m6:[96m53%[39m [34mF1_perclass: 32.5-68.9-48.0-35.6-45.3-64.9-38.9 [39m[39m
2026-01-15 20:40:52,688 - Agent - INFO - Total number of trainable parameters are: 22487018
2026-01-15 20:41:49,492 - Agent - INFO - [37mVal Epoch 106 step 106 with [31mce_loss_combined : 1.489322 [31mce_loss_c : 1.635484 [31mce_loss_g : 1.476463 [31mce_mask0 : 1.498802 [31mce_mask1 : 1.497199 [31mkl_synergy_1 : 0.388137 [31mkl_synergy_2 : 0.383222 [31mtotal : 5.256682 [94mAcc_combined: 59.45 [94mAcc_c: 46.58 [94mAcc_g: 47.84 [97mS:[93m40.6%[97m([91m12.1c[97m-[94mF1:33.7%) [97mU1:[93m67.9%[97m([91m16.2c[97m) [97mU2:[93m45.4%[97m([91m9.0c[97m) [97mR:[93m83.3%[97m([91m22.2c[97m) [97mS-L: [92m1:[96m57% [92m2:[96m27% [92m3:[96m32% [92m4:[96m30% [92m5:[96m45% [92m6:[96m47%[39m [34mF1_perclass: 62.4-75.8-51.0-53.2-61.1-76.8-37.3 [39m[39m
2026-01-15 20:41:49,508 - Agent - INFO - [37mTest Epoch 106 step 106 with [31mce_loss_combined : 1.584518 [31mce_loss_c : 1.687294 [31mce_loss_g : 1.558630 [31mce_mask0 : 1.586921 [31mce_mask1 : 1.590304 [31mkl_synergy_1 : 0.390772 [31mkl_synergy_2 : 0.386746 [31mtotal : 5.539261 [94mAcc_combined: 51.84 [94mAcc_c: 41.38 [94mAcc_g: 46.38 [97mS:[93m30.4%[97m([91m8.7c[97m-[94mF1:19.8%) [97mU1:[93m55.0%[97m([91m13.3c[97m) [97mU2:[93m47.0%[97m([91m11.5c[97m) [97mR:[93m80.5%[97m([91m18.4c[97m) [97mS-L: [92m1:[96m38% [92m2:[96m11% [92m3:[96m17% [92m4:[96m17% [92m5:[96m38% [92m6:[96m45%[39m [34mF1_perclass: 40.0-68.1-47.2-43.2-51.9-68.8-36.9 [39m[39m
2026-01-15 20:41:49,509 - Agent - INFO - Total number of trainable parameters are: 22487018
2026-01-15 20:42:45,898 - Agent - INFO - [37mVal Epoch 107 step 107 with [31mce_loss_combined : 1.474484 [31mce_loss_c : 1.650533 [31mce_loss_g : 1.472951 [31mce_mask0 : 1.477618 [31mce_mask1 : 1.488693 [31mkl_synergy_1 : 0.411351 [31mkl_synergy_2 : 0.396166 [31mtotal : 5.248312 [94mAcc_combined: 61.28 [94mAcc_c: 46.81 [94mAcc_g: 48.29 [97mS:[93m41.8%[97m([91m12.4c[97m-[94mF1:36.5%) [97mU1:[93m71.8%[97m([91m17.1c[97m) [97mU2:[93m47.1%[97m([91m9.3c[97m) [97mR:[93m84.2%[97m([91m22.4c[97m) [97mS-L: [92m0:[96m25% [92m1:[96m70% [92m2:[96m41% [92m3:[96m32% [92m4:[96m23% [92m5:[96m45% [92m6:[96m44%[39m [34mF1_perclass: 64.6-79.1-48.6-58.7-60.4-74.6-41.0 [39m[39m
2026-01-15 20:42:45,914 - Agent - INFO - [37mTest Epoch 107 step 107 with [31mce_loss_combined : 1.578124 [31mce_loss_c : 1.694603 [31mce_loss_g : 1.551148 [31mce_mask0 : 1.578477 [31mce_mask1 : 1.589972 [31mkl_synergy_1 : 0.408687 [31mkl_synergy_2 : 0.394173 [31mtotal : 5.549433 [94mAcc_combined: 48.50 [94mAcc_c: 42.83 [94mAcc_g: 45.38 [97mS:[93m26.1%[97m([91m7.5c[97m-[94mF1:17.4%) [97mU1:[93m51.8%[97m([91m12.6c[97m) [97mU2:[93m42.0%[97m([91m10.2c[97m) [97mR:[93m80.0%[97m([91m18.2c[97m) [97mS-L: [92m1:[96m50% [92m2:[96m21% [92m3:[96m8% [92m4:[96m12% [92m5:[96m24% [92m6:[96m37%[39m [34mF1_perclass: 43.5-64.3-37.9-39.0-47.3-65.1-33.4 [39m[39m
2026-01-15 20:42:45,916 - Agent - INFO - Total number of trainable parameters are: 22487018
2026-01-15 20:43:41,927 - Agent - INFO - [37mVal Epoch 108 step 108 with [31mce_loss_combined : 1.518659 [31mce_loss_c : 1.634673 [31mce_loss_g : 1.461064 [31mce_mask0 : 1.532630 [31mce_mask1 : 1.521189 [31mkl_synergy_1 : 0.415610 [31mkl_synergy_2 : 0.379070 [31mtotal : 5.367157 [94mAcc_combined: 58.77 [94mAcc_c: 47.49 [94mAcc_g: 45.90 [97mS:[93m43.3%[97m([91m12.9c[97m-[94mF1:35.0%) [97mU1:[93m67.0%[97m([91m15.9c[97m) [97mU2:[93m43.7%[97m([91m8.7c[97m) [97mR:[93m79.9%[97m([91m21.3c[97m) [97mS-L: [92m1:[96m52% [92m2:[96m35% [92m3:[96m26% [92m4:[96m40% [92m5:[96m40% [92m6:[96m52%[39m [34mF1_perclass: 56.6-76.9-52.0-53.3-61.6-71.3-40.4 [39m[39m
2026-01-15 20:43:41,986 - Agent - INFO - [37mTest Epoch 108 step 108 with [31mce_loss_combined : 1.643899 [31mce_loss_c : 1.700505 [31mce_loss_g : 1.592266 [31mce_mask0 : 1.657521 [31mce_mask1 : 1.654566 [31mkl_synergy_1 : 0.425436 [31mkl_synergy_2 : 0.399393 [31mtotal : 5.780815 [94mAcc_combined: 47.16 [94mAcc_c: 41.38 [94mAcc_g: 43.38 [97mS:[93m30.0%[97m([91m8.6c[97m-[94mF1:18.9%) [97mU1:[93m50.9%[97m([91m12.3c[97m) [97mU2:[93m38.4%[97m([91m9.3c[97m) [97mR:[93m74.1%[97m([91m16.9c[97m) [97mS-L: [92m1:[96m38% [92m2:[96m18% [92m3:[96m11% [92m4:[96m25% [92m5:[96m19% [92m6:[96m45%[39m [34mF1_perclass: 29.5-62.0-41.4-37.4-50.0-64.7-36.0 [39m[39m
2026-01-15 20:43:41,988 - Agent - INFO - Total number of trainable parameters are: 22487018
2026-01-15 20:44:35,626 - Agent - INFO - [37mVal Epoch 109 step 109 with [31mce_loss_combined : 1.509602 [31mce_loss_c : 1.659292 [31mce_loss_g : 1.469334 [31mce_mask0 : 1.518493 [31mce_mask1 : 1.515279 [31mkl_synergy_1 : 0.422731 [31mkl_synergy_2 : 0.358203 [31mtotal : 5.324308 [94mAcc_combined: 58.09 [94mAcc_c: 46.36 [94mAcc_g: 47.04 [97mS:[93m42.9%[97m([91m12.8c[97m-[94mF1:34.6%) [97mU1:[93m66.0%[97m([91m15.7c[97m) [97mU2:[93m41.4%[97m([91m8.2c[97m) [97mR:[93m80.3%[97m([91m21.4c[97m) [97mS-L: [92m1:[96m61% [92m2:[96m27% [92m3:[96m29% [92m4:[96m30% [92m5:[96m40% [92m6:[96m53%[39m [34mF1_perclass: 57.6-78.2-47.9-49.3-60.4-72.7-40.1 [39m[39m
2026-01-15 20:44:35,641 - Agent - INFO - [37mTest Epoch 109 step 109 with [31mce_loss_combined : 1.628753 [31mce_loss_c : 1.714872 [31mce_loss_g : 1.569579 [31mce_mask0 : 1.637264 [31mce_mask1 : 1.626322 [31mkl_synergy_1 : 0.420929 [31mkl_synergy_2 : 0.364979 [31mtotal : 5.678246 [94mAcc_combined: 47.50 [94mAcc_c: 40.71 [94mAcc_g: 46.94 [97mS:[93m31.1%[97m([91m8.9c[97m-[94mF1:20.4%) [97mU1:[93m48.6%[97m([91m11.8c[97m) [97mU2:[93m39.3%[97m([91m9.6c[97m) [97mR:[93m75.6%[97m([91m17.2c[97m) [97mS-L: [92m1:[96m62% [92m2:[96m18% [92m3:[96m11% [92m4:[96m12% [92m5:[96m29% [92m6:[96m47%[39m [34mF1_perclass: 29.3-66.7-38.5-37.8-46.2-64.0-37.3 [39m[39m
2026-01-15 20:44:35,643 - Agent - INFO - Total number of trainable parameters are: 22487018
2026-01-15 20:45:32,415 - Agent - INFO - [37mVal Epoch 110 step 110 with [31mce_loss_combined : 1.506738 [31mce_loss_c : 1.643528 [31mce_loss_g : 1.476326 [31mce_mask0 : 1.515839 [31mce_mask1 : 1.515581 [31mkl_synergy_1 : 0.422947 [31mkl_synergy_2 : 0.368712 [31mtotal : 5.329818 [94mAcc_combined: 59.00 [94mAcc_c: 47.15 [94mAcc_g: 47.72 [97mS:[93m40.2%[97m([91m12.0c[97m-[94mF1:33.5%) [97mU1:[93m71.3%[97m([91m17.0c[97m) [97mU2:[93m40.8%[97m([91m8.1c[97m) [97mR:[93m82.5%[97m([91m22.0c[97m) [97mS-L: [92m1:[96m61% [92m2:[96m38% [92m3:[96m26% [92m4:[96m17% [92m5:[96m40% [92m6:[96m48%[39m [34mF1_perclass: 61.3-76.3-51.9-50.7-60.7-73.9-38.9 [39m[39m
2026-01-15 20:45:32,430 - Agent - INFO - [37mTest Epoch 110 step 110 with [31mce_loss_combined : 1.611713 [31mce_loss_c : 1.700549 [31mce_loss_g : 1.543900 [31mce_mask0 : 1.623494 [31mce_mask1 : 1.614167 [31mkl_synergy_1 : 0.401255 [31mkl_synergy_2 : 0.351660 [31mtotal : 5.602288 [94mAcc_combined: 49.05 [94mAcc_c: 42.27 [94mAcc_g: 46.27 [97mS:[93m30.4%[97m([91m8.7c[97m-[94mF1:19.3%) [97mU1:[93m56.9%[97m([91m13.8c[97m) [97mU2:[93m36.5%[97m([91m8.9c[97m) [97mR:[93m77.6%[97m([91m17.7c[97m) [97mS-L: [92m1:[96m38% [92m2:[96m18% [92m3:[96m8% [92m4:[96m8% [92m5:[96m43% [92m6:[96m46%[39m [34mF1_perclass: 41.8-63.0-41.4-34.7-48.8-68.6-37.5 [39m[39m
2026-01-15 20:45:33,279 - Agent - INFO - Total number of trainable parameters are: 22487018
2026-01-15 20:46:33,656 - Agent - INFO - [37mVal Epoch 111 step 111 with [31mce_loss_combined : 1.509748 [31mce_loss_c : 1.638820 [31mce_loss_g : 1.509219 [31mce_mask0 : 1.519860 [31mce_mask1 : 1.517123 [31mkl_synergy_1 : 0.410559 [31mkl_synergy_2 : 0.358431 [31mtotal : 5.315721 [94mAcc_combined: 59.68 [94mAcc_c: 46.81 [94mAcc_g: 48.41 [97mS:[93m40.6%[97m([91m12.1c[97m-[94mF1:35.2%) [97mU1:[93m73.2%[97m([91m17.4c[97m) [97mU2:[93m39.7%[97m([91m7.9c[97m) [97mR:[93m83.8%[97m([91m22.3c[97m) [97mS-L: [92m0:[96m50% [92m1:[96m43% [92m2:[96m30% [92m3:[96m32% [92m4:[96m30% [92m5:[96m40% [92m6:[96m48%[39m [34mF1_perclass: 65.7-74.3-49.3-52.8-61.5-73.0-41.1 [39m[39m
2026-01-15 20:46:33,672 - Agent - INFO - [37mTest Epoch 111 step 111 with [31mce_loss_combined : 1.583056 [31mce_loss_c : 1.690411 [31mce_loss_g : 1.532683 [31mce_mask0 : 1.596208 [31mce_mask1 : 1.579258 [31mkl_synergy_1 : 0.408882 [31mkl_synergy_2 : 0.330169 [31mtotal : 5.497572 [94mAcc_combined: 50.72 [94mAcc_c: 41.71 [94mAcc_g: 47.16 [97mS:[93m25.3%[97m([91m7.2c[97m-[94mF1:17.3%) [97mU1:[93m62.8%[97m([91m15.2c[97m) [97mU2:[93m38.8%[97m([91m9.5c[97m) [97mR:[93m82.4%[97m([91m18.8c[97m) [97mS-L: [92m1:[96m25% [92m2:[96m16% [92m3:[96m11% [92m4:[96m12% [92m5:[96m38% [92m6:[96m36%[39m [34mF1_perclass: 56.3-65.5-42.7-39.4-49.8-64.6-33.2 [39m[39m
2026-01-15 20:46:33,673 - Agent - INFO - Total number of trainable parameters are: 22487018
2026-01-15 20:47:31,277 - Agent - INFO - [37mVal Epoch 112 step 112 with [31mce_loss_combined : 1.544020 [31mce_loss_c : 1.649667 [31mce_loss_g : 1.515597 [31mce_mask0 : 1.543070 [31mce_mask1 : 1.561468 [31mkl_synergy_1 : 0.423564 [31mkl_synergy_2 : 0.350908 [31mtotal : 5.423030 [94mAcc_combined: 55.81 [94mAcc_c: 45.79 [94mAcc_g: 46.36 [97mS:[93m41.8%[97m([91m12.4c[97m-[94mF1:32.2%) [97mU1:[93m65.6%[97m([91m15.6c[97m) [97mU2:[93m37.4%[97m([91m7.4c[97m) [97mR:[93m76.5%[97m([91m20.4c[97m) [97mS-L: [92m1:[96m43% [92m2:[96m27% [92m3:[96m29% [92m4:[96m20% [92m5:[96m40% [92m6:[96m57%[39m [34mF1_perclass: 57.1-69.3-49.8-52.2-56.2-73.2-38.9 [39m[39m
2026-01-15 20:47:31,293 - Agent - INFO - [37mTest Epoch 112 step 112 with [31mce_loss_combined : 1.636410 [31mce_loss_c : 1.702164 [31mce_loss_g : 1.542626 [31mce_mask0 : 1.620825 [31mce_mask1 : 1.647074 [31mkl_synergy_1 : 0.420524 [31mkl_synergy_2 : 0.349936 [31mtotal : 5.674770 [94mAcc_combined: 46.72 [94mAcc_c: 40.60 [94mAcc_g: 47.16 [97mS:[93m30.4%[97m([91m8.7c[97m-[94mF1:20.5%) [97mU1:[93m50.9%[97m([91m12.3c[97m) [97mU2:[93m36.5%[97m([91m8.9c[97m) [97mR:[93m73.7%[97m([91m16.8c[97m) [97mS-L: [92m1:[96m38% [92m2:[96m24% [92m3:[96m14% [92m4:[96m12% [92m5:[96m38% [92m6:[96m42%[39m [34mF1_perclass: 33.5-61.0-42.0-41.1-47.2-63.8-33.4 [39m[39m
2026-01-15 20:47:31,294 - Agent - INFO - Total number of trainable parameters are: 22487018
2026-01-15 20:48:28,335 - Agent - INFO - [37mVal Epoch 113 step 113 with [31mce_loss_combined : 1.548611 [31mce_loss_c : 1.644910 [31mce_loss_g : 1.490446 [31mce_mask0 : 1.551804 [31mce_mask1 : 1.562887 [31mkl_synergy_1 : 0.424821 [31mkl_synergy_2 : 0.368714 [31mtotal : 5.456837 [94mAcc_combined: 55.24 [94mAcc_c: 46.70 [94mAcc_g: 45.79 [97mS:[93m40.6%[97m([91m12.1c[97m-[94mF1:32.4%) [97mU1:[93m65.1%[97m([91m15.5c[97m) [97mU2:[93m37.4%[97m([91m7.4c[97m) [97mR:[93m76.1%[97m([91m20.3c[97m) [97mS-L: [92m1:[96m43% [92m2:[96m27% [92m3:[96m35% [92m4:[96m20% [92m5:[96m40% [92m6:[96m53%[39m [34mF1_perclass: 54.6-69.7-47.3-49.4-57.4-76.7-37.9 [39m[39m
2026-01-15 20:48:28,352 - Agent - INFO - [37mTest Epoch 113 step 113 with [31mce_loss_combined : 1.640311 [31mce_loss_c : 1.693654 [31mce_loss_g : 1.538095 [31mce_mask0 : 1.656392 [31mce_mask1 : 1.652115 [31mkl_synergy_1 : 0.426434 [31mkl_synergy_2 : 0.399808 [31mtotal : 5.775060 [94mAcc_combined: 46.38 [94mAcc_c: 42.27 [94mAcc_g: 46.94 [97mS:[93m33.1%[97m([91m9.5c[97m-[94mF1:19.8%) [97mU1:[93m45.4%[97m([91m11.0c[97m) [97mU2:[93m39.3%[97m([91m9.6c[97m) [97mR:[93m71.7%[97m([91m16.4c[97m) [97mS-L: [92m1:[96m25% [92m2:[96m26% [92m3:[96m14% [92m4:[96m12% [92m5:[96m19% [92m6:[96m52%[39m [34mF1_perclass: 29.3-60.9-38.5-40.2-47.4-63.1-39.2 [39m[39m
2026-01-15 20:48:28,353 - Agent - INFO - Total number of trainable parameters are: 22487018
2026-01-15 20:49:25,039 - Agent - INFO - [37mVal Epoch 114 step 114 with [31mce_loss_combined : 1.536136 [31mce_loss_c : 1.654630 [31mce_loss_g : 1.503423 [31mce_mask0 : 1.539753 [31mce_mask1 : 1.539801 [31mkl_synergy_1 : 0.419334 [31mkl_synergy_2 : 0.365732 [31mtotal : 5.400757 [94mAcc_combined: 56.15 [94mAcc_c: 45.67 [94mAcc_g: 45.67 [97mS:[93m41.4%[97m([91m12.3c[97m-[94mF1:33.0%) [97mU1:[93m68.9%[97m([91m16.4c[97m) [97mU2:[93m36.2%[97m([91m7.2c[97m) [97mR:[93m76.1%[97m([91m20.3c[97m) [97mS-L: [92m1:[96m43% [92m2:[96m35% [92m3:[96m29% [92m4:[96m20% [92m5:[96m40% [92m6:[96m53%[39m [34mF1_perclass: 59.6-70.0-54.1-50.7-54.3-73.0-38.0 [39m[39m
2026-01-15 20:49:25,055 - Agent - INFO - [37mTest Epoch 114 step 114 with [31mce_loss_combined : 1.611338 [31mce_loss_c : 1.695180 [31mce_loss_g : 1.538081 [31mce_mask0 : 1.629228 [31mce_mask1 : 1.628289 [31mkl_synergy_1 : 0.388034 [31mkl_synergy_2 : 0.346262 [31mtotal : 5.603150 [94mAcc_combined: 49.72 [94mAcc_c: 41.38 [94mAcc_g: 47.16 [97mS:[93m35.0%[97m([91m10.0c[97m-[94mF1:21.8%) [97mU1:[93m53.2%[97m([91m12.9c[97m) [97mU2:[93m39.3%[97m([91m9.6c[97m) [97mR:[93m75.6%[97m([91m17.2c[97m) [97mS-L: [92m1:[96m38% [92m2:[96m21% [92m3:[96m14% [92m4:[96m12% [92m5:[96m33% [92m6:[96m54%[39m [34mF1_perclass: 41.7-62.9-46.8-39.8-48.1-63.4-40.5 [39m[39m
2026-01-15 20:49:25,056 - Agent - INFO - Total number of trainable parameters are: 22487018
2026-01-15 20:50:21,852 - Agent - INFO - [37mVal Epoch 115 step 115 with [31mce_loss_combined : 1.565080 [31mce_loss_c : 1.650615 [31mce_loss_g : 1.504634 [31mce_mask0 : 1.571427 [31mce_mask1 : 1.560401 [31mkl_synergy_1 : 0.408394 [31mkl_synergy_2 : 0.388372 [31mtotal : 5.493675 [94mAcc_combined: 54.33 [94mAcc_c: 46.36 [94mAcc_g: 44.87 [97mS:[93m40.2%[97m([91m12.0c[97m-[94mF1:32.3%) [97mU1:[93m65.6%[97m([91m15.6c[97m) [97mU2:[93m33.3%[97m([91m6.6c[97m) [97mR:[93m75.6%[97m([91m20.2c[97m) [97mS-L: [92m1:[96m43% [92m2:[96m38% [92m3:[96m29% [92m4:[96m17% [92m5:[96m40% [92m6:[96m51%[39m [34mF1_perclass: 60.1-68.5-49.2-46.1-53.3-71.9-38.1 [39m[39m
2026-01-15 20:50:21,868 - Agent - INFO - [37mTest Epoch 115 step 115 with [31mce_loss_combined : 1.630285 [31mce_loss_c : 1.682621 [31mce_loss_g : 1.540490 [31mce_mask0 : 1.624256 [31mce_mask1 : 1.641142 [31mkl_synergy_1 : 0.410945 [31mkl_synergy_2 : 0.328779 [31mtotal : 5.635406 [94mAcc_combined: 48.94 [94mAcc_c: 41.94 [94mAcc_g: 48.39 [97mS:[93m33.9%[97m([91m9.7c[97m-[94mF1:21.3%) [97mU1:[93m54.6%[97m([91m13.2c[97m) [97mU2:[93m37.9%[97m([91m9.2c[97m) [97mR:[93m73.7%[97m([91m16.8c[97m) [97mS-L: [92m1:[96m38% [92m2:[96m26% [92m3:[96m11% [92m4:[96m12% [92m5:[96m29% [92m6:[96m52%[39m [34mF1_perclass: 46.2-60.6-43.0-42.7-47.6-62.9-39.5 [39m[39m
2026-01-15 20:50:21,870 - Agent - INFO - Total number of trainable parameters are: 22487018
2026-01-15 20:51:18,510 - Agent - INFO - [37mVal Epoch 116 step 116 with [31mce_loss_combined : 1.528786 [31mce_loss_c : 1.655398 [31mce_loss_g : 1.489071 [31mce_mask0 : 1.528919 [31mce_mask1 : 1.544596 [31mkl_synergy_1 : 0.430127 [31mkl_synergy_2 : 0.382556 [31mtotal : 5.414985 [94mAcc_combined: 56.38 [94mAcc_c: 46.36 [94mAcc_g: 46.01 [97mS:[93m40.2%[97m([91m12.0c[97m-[94mF1:32.9%) [97mU1:[93m66.5%[97m([91m15.8c[97m) [97mU2:[93m37.9%[97m([91m7.5c[97m) [97mR:[93m79.1%[97m([91m21.1c[97m) [97mS-L: [92m1:[96m48% [92m2:[96m27% [92m3:[96m32% [92m4:[96m23% [92m5:[96m45% [92m6:[96m50%[39m [34mF1_perclass: 61.0-68.6-50.2-47.9-57.7-74.7-38.5 [39m[39m
2026-01-15 20:51:18,526 - Agent - INFO - [37mTest Epoch 116 step 116 with [31mce_loss_combined : 1.623216 [31mce_loss_c : 1.688697 [31mce_loss_g : 1.558201 [31mce_mask0 : 1.651280 [31mce_mask1 : 1.640630 [31mkl_synergy_1 : 0.430825 [31mkl_synergy_2 : 0.349009 [31mtotal : 5.694961 [94mAcc_combined: 48.72 [94mAcc_c: 41.94 [94mAcc_g: 47.50 [97mS:[93m31.9%[97m([91m9.1c[97m-[94mF1:20.7%) [97mU1:[93m51.4%[97m([91m12.5c[97m) [97mU2:[93m40.6%[97m([91m9.9c[97m) [97mR:[93m75.6%[97m([91m17.2c[97m) [97mS-L: [92m1:[96m50% [92m2:[96m21% [92m3:[96m11% [92m4:[96m12% [92m5:[96m33% [92m6:[96m47%[39m [34mF1_perclass: 38.5-58.7-43.6-41.8-52.9-63.7-37.4 [39m[39m
2026-01-15 20:51:18,527 - Agent - INFO - Total number of trainable parameters are: 22487018
2026-01-15 20:52:12,956 - Agent - INFO - [37mVal Epoch 117 step 117 with [31mce_loss_combined : 1.524989 [31mce_loss_c : 1.652382 [31mce_loss_g : 1.496504 [31mce_mask0 : 1.533037 [31mce_mask1 : 1.529331 [31mkl_synergy_1 : 0.429871 [31mkl_synergy_2 : 0.390990 [31mtotal : 5.408218 [94mAcc_combined: 57.74 [94mAcc_c: 47.27 [94mAcc_g: 46.36 [97mS:[93m40.2%[97m([91m12.0c[97m-[94mF1:32.8%) [97mU1:[93m66.0%[97m([91m15.7c[97m) [97mU2:[93m41.4%[97m([91m8.2c[97m) [97mR:[93m82.1%[97m([91m21.9c[97m) [97mS-L: [92m1:[96m48% [92m2:[96m27% [92m3:[96m32% [92m4:[96m27% [92m5:[96m45% [92m6:[96m49%[39m [34mF1_perclass: 63.2-66.9-49.8-51.5-59.0-76.6-40.5 [39m[39m
2026-01-15 20:52:12,972 - Agent - INFO - [37mTest Epoch 117 step 117 with [31mce_loss_combined : 1.614300 [31mce_loss_c : 1.683444 [31mce_loss_g : 1.548345 [31mce_mask0 : 1.610137 [31mce_mask1 : 1.607961 [31mkl_synergy_1 : 0.421296 [31mkl_synergy_2 : 0.343896 [31mtotal : 5.597589 [94mAcc_combined: 49.28 [94mAcc_c: 42.27 [94mAcc_g: 47.94 [97mS:[93m31.9%[97m([91m9.1c[97m-[94mF1:20.6%) [97mU1:[93m50.0%[97m([91m12.1c[97m) [97mU2:[93m42.5%[97m([91m10.3c[97m) [97mR:[93m77.6%[97m([91m17.7c[97m) [97mS-L: [92m1:[96m50% [92m2:[96m16% [92m3:[96m19% [92m4:[96m12% [92m5:[96m29% [92m6:[96m47%[39m [34mF1_perclass: 41.5-56.9-42.9-43.1-56.8-62.9-38.3 [39m[39m
2026-01-15 20:52:12,973 - Agent - INFO - Total number of trainable parameters are: 22487018
2026-01-15 20:53:10,182 - Agent - INFO - [37mVal Epoch 118 step 118 with [31mce_loss_combined : 1.530906 [31mce_loss_c : 1.664446 [31mce_loss_g : 1.492380 [31mce_mask0 : 1.529738 [31mce_mask1 : 1.536443 [31mkl_synergy_1 : 0.413290 [31mkl_synergy_2 : 0.365927 [31mtotal : 5.376304 [94mAcc_combined: 57.52 [94mAcc_c: 46.36 [94mAcc_g: 45.56 [97mS:[93m39.8%[97m([91m11.8c[97m-[94mF1:31.8%) [97mU1:[93m67.9%[97m([91m16.2c[97m) [97mU2:[93m40.8%[97m([91m8.1c[97m) [97mR:[93m80.3%[97m([91m21.4c[97m) [97mS-L: [92m1:[96m48% [92m2:[96m32% [92m3:[96m32% [92m4:[96m17% [92m5:[96m40% [92m6:[96m50%[39m [34mF1_perclass: 64.1-69.7-52.3-48.2-56.9-74.1-40.0 [39m[39m
2026-01-15 20:53:10,198 - Agent - INFO - [37mTest Epoch 118 step 118 with [31mce_loss_combined : 1.614342 [31mce_loss_c : 1.692321 [31mce_loss_g : 1.550663 [31mce_mask0 : 1.620118 [31mce_mask1 : 1.620934 [31mkl_synergy_1 : 0.425285 [31mkl_synergy_2 : 0.341550 [31mtotal : 5.622228 [94mAcc_combined: 49.39 [94mAcc_c: 41.82 [94mAcc_g: 47.05 [97mS:[93m30.0%[97m([91m8.6c[97m-[94mF1:19.6%) [97mU1:[93m53.7%[97m([91m13.0c[97m) [97mU2:[93m40.2%[97m([91m9.8c[97m) [97mR:[93m79.0%[97m([91m18.0c[97m) [97mS-L: [92m1:[96m50% [92m2:[96m16% [92m3:[96m19% [92m4:[96m12% [92m5:[96m24% [92m6:[96m44%[39m [34mF1_perclass: 49.5-59.5-43.1-42.1-50.2-62.2-36.6 [39m[39m
2026-01-15 20:53:10,199 - Agent - INFO - Total number of trainable parameters are: 22487018
2026-01-15 20:54:07,929 - Agent - INFO - [37mVal Epoch 119 step 119 with [31mce_loss_combined : 1.533316 [31mce_loss_c : 1.658187 [31mce_loss_g : 1.496428 [31mce_mask0 : 1.543569 [31mce_mask1 : 1.541594 [31mkl_synergy_1 : 0.419486 [31mkl_synergy_2 : 0.384127 [31mtotal : 5.422092 [94mAcc_combined: 57.18 [94mAcc_c: 46.13 [94mAcc_g: 45.79 [97mS:[93m39.1%[97m([91m11.6c[97m-[94mF1:31.7%) [97mU1:[93m67.0%[97m([91m15.9c[97m) [97mU2:[93m40.8%[97m([91m8.1c[97m) [97mR:[93m80.8%[97m([91m21.5c[97m) [97mS-L: [92m1:[96m48% [92m2:[96m30% [92m3:[96m32% [92m4:[96m20% [92m5:[96m45% [92m6:[96m47%[39m [34mF1_perclass: 64.1-67.6-50.7-50.0-56.4-76.5-38.1 [39m[39m
2026-01-15 20:54:07,987 - Agent - INFO - [37mTest Epoch 119 step 119 with [31mce_loss_combined : 1.612225 [31mce_loss_c : 1.692578 [31mce_loss_g : 1.543233 [31mce_mask0 : 1.640925 [31mce_mask1 : 1.631646 [31mkl_synergy_1 : 0.416960 [31mkl_synergy_2 : 0.364384 [31mtotal : 5.666141 [94mAcc_combined: 48.61 [94mAcc_c: 41.71 [94mAcc_g: 47.27 [97mS:[93m32.7%[97m([91m9.3c[97m-[94mF1:21.3%) [97mU1:[93m52.8%[97m([91m12.8c[97m) [97mU2:[93m37.9%[97m([91m9.2c[97m) [97mR:[93m75.6%[97m([91m17.2c[97m) [97mS-L: [92m1:[96m50% [92m2:[96m18% [92m3:[96m19% [92m4:[96m12% [92m5:[96m29% [92m6:[96m48%[39m [34mF1_perclass: 43.2-56.9-43.9-42.7-50.0-63.7-37.0 [39m[39m
2026-01-15 20:54:07,988 - Agent - INFO - Total number of trainable parameters are: 22487018
2026-01-15 20:55:08,245 - Agent - INFO - [37mVal Epoch 120 step 120 with [31mce_loss_combined : 1.549753 [31mce_loss_c : 1.658651 [31mce_loss_g : 1.507114 [31mce_mask0 : 1.560463 [31mce_mask1 : 1.554326 [31mkl_synergy_1 : 0.410533 [31mkl_synergy_2 : 0.386859 [31mtotal : 5.461934 [94mAcc_combined: 56.72 [94mAcc_c: 45.90 [94mAcc_g: 43.51 [97mS:[93m39.5%[97m([91m11.7c[97m-[94mF1:32.4%) [97mU1:[93m66.5%[97m([91m15.8c[97m) [97mU2:[93m39.7%[97m([91m7.9c[97m) [97mR:[93m79.9%[97m([91m21.3c[97m) [97mS-L: [92m1:[96m43% [92m2:[96m27% [92m3:[96m35% [92m4:[96m27% [92m5:[96m45% [92m6:[96m47%[39m [34mF1_perclass: 61.9-66.2-48.8-50.4-58.7-74.6-39.5 [39m[39m
2026-01-15 20:55:08,260 - Agent - INFO - [37mTest Epoch 120 step 120 with [31mce_loss_combined : 1.629006 [31mce_loss_c : 1.690373 [31mce_loss_g : 1.546216 [31mce_mask0 : 1.647272 [31mce_mask1 : 1.635429 [31mkl_synergy_1 : 0.404719 [31mkl_synergy_2 : 0.352602 [31mtotal : 5.669028 [94mAcc_combined: 47.61 [94mAcc_c: 41.38 [94mAcc_g: 47.27 [97mS:[93m30.7%[97m([91m8.8c[97m-[94mF1:21.1%) [97mU1:[93m53.7%[97m([91m13.0c[97m) [97mU2:[93m37.4%[97m([91m9.1c[97m) [97mR:[93m73.2%[97m([91m16.7c[97m) [97mS-L: [92m1:[96m50% [92m2:[96m21% [92m3:[96m17% [92m4:[96m12% [92m5:[96m33% [92m6:[96m43%[39m [34mF1_perclass: 39.3-55.8-44.9-41.4-51.6-62.2-34.8 [39m[39m
2026-01-15 20:55:09,114 - Agent - INFO - Total number of trainable parameters are: 22487018
2026-01-15 20:56:10,806 - Agent - INFO - [37mVal Epoch 121 step 121 with [31mce_loss_combined : 1.538424 [31mce_loss_c : 1.657660 [31mce_loss_g : 1.506567 [31mce_mask0 : 1.548510 [31mce_mask1 : 1.543088 [31mkl_synergy_1 : 0.422713 [31mkl_synergy_2 : 0.386708 [31mtotal : 5.439443 [94mAcc_combined: 57.52 [94mAcc_c: 46.47 [94mAcc_g: 44.87 [97mS:[93m39.8%[97m([91m11.8c[97m-[94mF1:32.9%) [97mU1:[93m66.0%[97m([91m15.7c[97m) [97mU2:[93m43.7%[97m([91m8.7c[97m) [97mR:[93m79.9%[97m([91m21.3c[97m) [97mS-L: [92m1:[96m43% [92m2:[96m32% [92m3:[96m35% [92m4:[96m27% [92m5:[96m45% [92m6:[96m47%[39m [34mF1_perclass: 59.4-68.4-49.1-53.5-58.0-76.0-40.4 [39m[39m
2026-01-15 20:56:10,823 - Agent - INFO - [37mTest Epoch 121 step 121 with [31mce_loss_combined : 1.618572 [31mce_loss_c : 1.690350 [31mce_loss_g : 1.549464 [31mce_mask0 : 1.609534 [31mce_mask1 : 1.628543 [31mkl_synergy_1 : 0.420750 [31mkl_synergy_2 : 0.350036 [31mtotal : 5.627434 [94mAcc_combined: 48.39 [94mAcc_c: 41.27 [94mAcc_g: 47.05 [97mS:[93m30.4%[97m([91m8.7c[97m-[94mF1:20.4%) [97mU1:[93m51.8%[97m([91m12.6c[97m) [97mU2:[93m39.3%[97m([91m9.6c[97m) [97mR:[93m77.1%[97m([91m17.6c[97m) [97mS-L: [92m1:[96m50% [92m2:[96m21% [92m3:[96m17% [92m4:[96m12% [92m5:[96m29% [92m6:[96m43%[39m [34mF1_perclass: 40.9-59.1-44.5-38.8-53.2-62.2-35.9 [39m[39m
2026-01-15 20:56:10,825 - Agent - INFO - Total number of trainable parameters are: 22487018
2026-01-15 20:57:01,681 - Agent - INFO - [37mVal Epoch 122 step 122 with [31mce_loss_combined : 1.530899 [31mce_loss_c : 1.661570 [31mce_loss_g : 1.501352 [31mce_mask0 : 1.537192 [31mce_mask1 : 1.539104 [31mkl_synergy_1 : 0.418703 [31mkl_synergy_2 : 0.380266 [31mtotal : 5.406163 [94mAcc_combined: 57.63 [94mAcc_c: 46.24 [94mAcc_g: 45.56 [97mS:[93m37.5%[97m([91m11.2c[97m-[94mF1:30.9%) [97mU1:[93m67.0%[97m([91m15.9c[97m) [97mU2:[93m43.7%[97m([91m8.7c[97m) [97mR:[93m82.1%[97m([91m21.9c[97m) [97mS-L: [92m1:[96m39% [92m2:[96m32% [92m3:[96m32% [92m4:[96m27% [92m5:[96m45% [92m6:[96m43%[39m [34mF1_perclass: 64.4-66.9-50.2-53.4-57.5-74.7-38.1 [39m[39m
2026-01-15 20:57:01,696 - Agent - INFO - [37mTest Epoch 122 step 122 with [31mce_loss_combined : 1.627897 [31mce_loss_c : 1.691443 [31mce_loss_g : 1.554400 [31mce_mask0 : 1.630761 [31mce_mask1 : 1.639758 [31mkl_synergy_1 : 0.402062 [31mkl_synergy_2 : 0.365135 [31mtotal : 5.665612 [94mAcc_combined: 47.61 [94mAcc_c: 41.27 [94mAcc_g: 47.83 [97mS:[93m30.7%[97m([91m8.8c[97m-[94mF1:20.8%) [97mU1:[93m51.8%[97m([91m12.6c[97m) [97mU2:[93m36.5%[97m([91m8.9c[97m) [97mR:[93m76.1%[97m([91m17.4c[97m) [97mS-L: [92m1:[96m38% [92m2:[96m18% [92m3:[96m17% [92m4:[96m21% [92m5:[96m29% [92m6:[96m44%[39m [34mF1_perclass: 40.4-54.0-42.8-38.2-56.6-62.3-35.4 [39m[39m
2026-01-15 20:57:01,697 - Agent - INFO - Total number of trainable parameters are: 22487018
2026-01-15 20:57:57,550 - Agent - INFO - [37mVal Epoch 123 step 123 with [31mce_loss_combined : 1.522115 [31mce_loss_c : 1.663675 [31mce_loss_g : 1.500159 [31mce_mask0 : 1.525017 [31mce_mask1 : 1.541278 [31mkl_synergy_1 : 0.415959 [31mkl_synergy_2 : 0.374155 [31mtotal : 5.378524 [94mAcc_combined: 57.29 [94mAcc_c: 45.10 [94mAcc_g: 46.70 [97mS:[93m37.9%[97m([91m11.3c[97m-[94mF1:31.4%) [97mU1:[93m68.4%[97m([91m16.3c[97m) [97mU2:[93m41.4%[97m([91m8.2c[97m) [97mR:[93m80.8%[97m([91m21.5c[97m) [97mS-L: [92m0:[96m25% [92m1:[96m43% [92m2:[96m30% [92m3:[96m29% [92m4:[96m20% [92m5:[96m45% [92m6:[96m46%[39m [34mF1_perclass: 64.2-66.9-51.9-51.1-57.4-74.4-37.7 [39m[39m
2026-01-15 20:57:57,606 - Agent - INFO - [37mTest Epoch 123 step 123 with [31mce_loss_combined : 1.613546 [31mce_loss_c : 1.693694 [31mce_loss_g : 1.548370 [31mce_mask0 : 1.610676 [31mce_mask1 : 1.620591 [31mkl_synergy_1 : 0.393267 [31mkl_synergy_2 : 0.367011 [31mtotal : 5.605092 [94mAcc_combined: 48.94 [94mAcc_c: 40.71 [94mAcc_g: 47.72 [97mS:[93m32.3%[97m([91m9.2c[97m-[94mF1:21.5%) [97mU1:[93m54.6%[97m([91m13.2c[97m) [97mU2:[93m37.4%[97m([91m9.1c[97m) [97mR:[93m76.1%[97m([91m17.4c[97m) [97mS-L: [92m1:[96m50% [92m2:[96m18% [92m3:[96m17% [92m4:[96m12% [92m5:[96m38% [92m6:[96m47%[39m [34mF1_perclass: 45.3-58.5-44.5-39.5-52.8-62.1-37.3 [39m[39m
2026-01-15 20:57:57,607 - Agent - INFO - Total number of trainable parameters are: 22487018
2026-01-15 20:58:54,150 - Agent - INFO - [37mVal Epoch 124 step 124 with [31mce_loss_combined : 1.527845 [31mce_loss_c : 1.661945 [31mce_loss_g : 1.500177 [31mce_mask0 : 1.534721 [31mce_mask1 : 1.540449 [31mkl_synergy_1 : 0.402312 [31mkl_synergy_2 : 0.380905 [31mtotal : 5.386232 [94mAcc_combined: 58.54 [94mAcc_c: 45.79 [94mAcc_g: 45.33 [97mS:[93m40.2%[97m([91m12.0c[97m-[94mF1:33.0%) [97mU1:[93m67.0%[97m([91m15.9c[97m) [97mU2:[93m43.7%[97m([91m8.7c[97m) [97mR:[93m82.5%[97m([91m22.0c[97m) [97mS-L: [92m1:[96m43% [92m2:[96m32% [92m3:[96m35% [92m4:[96m27% [92m5:[96m45% [92m6:[96m47%[39m [34mF1_perclass: 63.5-68.6-52.6-53.2-58.7-75.4-40.0 [39m[39m
2026-01-15 20:58:54,166 - Agent - INFO - [37mTest Epoch 124 step 124 with [31mce_loss_combined : 1.619709 [31mce_loss_c : 1.690651 [31mce_loss_g : 1.550071 [31mce_mask0 : 1.642570 [31mce_mask1 : 1.633589 [31mkl_synergy_1 : 0.418803 [31mkl_synergy_2 : 0.368439 [31mtotal : 5.683111 [94mAcc_combined: 48.16 [94mAcc_c: 41.27 [94mAcc_g: 47.61 [97mS:[93m30.4%[97m([91m8.7c[97m-[94mF1:20.2%) [97mU1:[93m51.4%[97m([91m12.5c[97m) [97mU2:[93m37.4%[97m([91m9.1c[97m) [97mR:[93m78.5%[97m([91m17.9c[97m) [97mS-L: [92m1:[96m50% [92m2:[96m18% [92m3:[96m17% [92m4:[96m12% [92m5:[96m29% [92m6:[96m44%[39m [34mF1_perclass: 43.0-56.0-44.1-37.2-55.5-63.6-35.6 [39m[39m
2026-01-15 20:58:54,167 - Agent - INFO - Total number of trainable parameters are: 22487018
2026-01-15 20:59:46,716 - Agent - INFO - [37mVal Epoch 125 step 125 with [31mce_loss_combined : 1.530240 [31mce_loss_c : 1.665101 [31mce_loss_g : 1.494201 [31mce_mask0 : 1.540402 [31mce_mask1 : 1.536518 [31mkl_synergy_1 : 0.407528 [31mkl_synergy_2 : 0.373782 [31mtotal : 5.388470 [94mAcc_combined: 58.20 [94mAcc_c: 45.44 [94mAcc_g: 44.65 [97mS:[93m40.2%[97m([91m12.0c[97m-[94mF1:33.1%) [97mU1:[93m67.0%[97m([91m15.9c[97m) [97mU2:[93m43.7%[97m([91m8.7c[97m) [97mR:[93m81.2%[97m([91m21.6c[97m) [97mS-L: [92m1:[96m48% [92m2:[96m30% [92m3:[96m35% [92m4:[96m27% [92m5:[96m45% [92m6:[96m47%[39m [34mF1_perclass: 61.9-69.3-49.8-53.1-59.4-75.5-40.4 [39m[39m
2026-01-15 20:59:46,731 - Agent - INFO - [37mTest Epoch 125 step 125 with [31mce_loss_combined : 1.623609 [31mce_loss_c : 1.693094 [31mce_loss_g : 1.550567 [31mce_mask0 : 1.637647 [31mce_mask1 : 1.625324 [31mkl_synergy_1 : 0.398541 [31mkl_synergy_2 : 0.359434 [31mtotal : 5.644555 [94mAcc_combined: 47.94 [94mAcc_c: 41.60 [94mAcc_g: 47.50 [97mS:[93m29.2%[97m([91m8.3c[97m-[94mF1:18.8%) [97mU1:[93m51.8%[97m([91m12.6c[97m) [97mU2:[93m38.4%[97m([91m9.3c[97m) [97mR:[93m77.6%[97m([91m17.7c[97m) [97mS-L: [92m1:[96m38% [92m2:[96m16% [92m3:[96m17% [92m4:[96m12% [92m5:[96m29% [92m6:[96m43%[39m [34mF1_perclass: 38.6-56.1-44.0-38.5-54.5-64.4-35.7 [39m[39m
2026-01-15 20:59:46,732 - Agent - INFO - Total number of trainable parameters are: 22487018
2026-01-15 21:00:46,457 - Agent - INFO - [37mVal Epoch 126 step 126 with [31mce_loss_combined : 1.532324 [31mce_loss_c : 1.667769 [31mce_loss_g : 1.505853 [31mce_mask0 : 1.545578 [31mce_mask1 : 1.538165 [31mkl_synergy_1 : 0.391120 [31mkl_synergy_2 : 0.379577 [31mtotal : 5.386763 [94mAcc_combined: 57.18 [94mAcc_c: 45.33 [94mAcc_g: 44.65 [97mS:[93m38.7%[97m([91m11.5c[97m-[94mF1:31.7%) [97mU1:[93m67.5%[97m([91m16.1c[97m) [97mU2:[93m40.8%[97m([91m8.1c[97m) [97mR:[93m80.8%[97m([91m21.5c[97m) [97mS-L: [92m1:[96m39% [92m2:[96m27% [92m3:[96m35% [92m4:[96m30% [92m5:[96m45% [92m6:[96m46%[39m [34mF1_perclass: 62.8-65.4-49.8-51.9-58.8-74.6-39.3 [39m[39m
2026-01-15 21:00:46,473 - Agent - INFO - [37mTest Epoch 126 step 126 with [31mce_loss_combined : 1.623641 [31mce_loss_c : 1.697818 [31mce_loss_g : 1.556159 [31mce_mask0 : 1.626868 [31mce_mask1 : 1.636449 [31mkl_synergy_1 : 0.385275 [31mkl_synergy_2 : 0.352711 [31mtotal : 5.624944 [94mAcc_combined: 48.39 [94mAcc_c: 41.82 [94mAcc_g: 47.27 [97mS:[93m31.9%[97m([91m9.1c[97m-[94mF1:21.5%) [97mU1:[93m52.3%[97m([91m12.7c[97m) [97mU2:[93m36.5%[97m([91m8.9c[97m) [97mR:[93m77.6%[97m([91m17.7c[97m) [97mS-L: [92m1:[96m50% [92m2:[96m16% [92m3:[96m17% [92m4:[96m21% [92m5:[96m29% [92m6:[96m47%[39m [34mF1_perclass: 43.9-55.9-43.7-36.1-54.0-66.2-36.2 [39m[39m
2026-01-15 21:00:46,474 - Agent - INFO - Total number of trainable parameters are: 22487018
2026-01-15 21:01:42,708 - Agent - INFO - [37mVal Epoch 127 step 127 with [31mce_loss_combined : 1.528938 [31mce_loss_c : 1.668651 [31mce_loss_g : 1.510451 [31mce_mask0 : 1.534616 [31mce_mask1 : 1.547162 [31mkl_synergy_1 : 0.411577 [31mkl_synergy_2 : 0.381234 [31mtotal : 5.403526 [94mAcc_combined: 57.29 [94mAcc_c: 45.79 [94mAcc_g: 45.22 [97mS:[93m38.3%[97m([91m11.4c[97m-[94mF1:31.7%) [97mU1:[93m66.5%[97m([91m15.8c[97m) [97mU2:[93m42.0%[97m([91m8.3c[97m) [97mR:[93m81.6%[97m([91m21.8c[97m) [97mS-L: [92m1:[96m39% [92m2:[96m27% [92m3:[96m39% [92m4:[96m27% [92m5:[96m45% [92m6:[96m45%[39m [34mF1_perclass: 63.8-65.4-49.5-53.4-56.8-74.4-39.7 [39m[39m
2026-01-15 21:01:42,724 - Agent - INFO - [37mTest Epoch 127 step 127 with [31mce_loss_combined : 1.620119 [31mce_loss_c : 1.697802 [31mce_loss_g : 1.552314 [31mce_mask0 : 1.623539 [31mce_mask1 : 1.642242 [31mkl_synergy_1 : 0.391618 [31mkl_synergy_2 : 0.350900 [31mtotal : 5.628419 [94mAcc_combined: 47.94 [94mAcc_c: 41.82 [94mAcc_g: 47.39 [97mS:[93m30.4%[97m([91m8.7c[97m-[94mF1:21.5%) [97mU1:[93m52.3%[97m([91m12.7c[97m) [97mU2:[93m37.4%[97m([91m9.1c[97m) [97mR:[93m76.6%[97m([91m17.5c[97m) [97mS-L: [92m1:[96m50% [92m2:[96m21% [92m3:[96m17% [92m4:[96m21% [92m5:[96m29% [92m6:[96m42%[39m [34mF1_perclass: 45.5-55.5-44.5-36.3-54.2-64.4-34.0 [39m[39m
2026-01-15 21:01:42,725 - Agent - INFO - Total number of trainable parameters are: 22487018
2026-01-15 21:01:50,754 - Agent - INFO - We are in the final state.
2026-01-15 21:01:51,195 - root - INFO - Loaded best model from /esat/smcdata/users/kkontras/Image_Dataset/no_backup/data/2025_data/synergy/CremadPlus/v2/SynIB_RMask_fold0_l1_vldsyn_accuracy_fillema_lsparse1_lr0.0001_wd0.0001_clsmlp_bs64.pth.tar
2026-01-15 21:02:02,302 - Agent - INFO - [37mVal Epoch 127 step 0 with [31mce_loss_combined : 1.517906 [31mce_loss_c : 1.629828 [31mce_loss_g : 1.463177 [31mce_mask0 : 1.523679 [31mce_mask1 : 1.530689 [31mkl_synergy_1 : 0.385519 [31mkl_synergy_2 : 0.345941 [31mtotal : 5.303735 [94mAcc_combined: 59.00 [94mAcc_c: 46.47 [94mAcc_g: 49.32 [97mS:[93m44.1%[97m([91m13.1c[97m-[94mF1:36.3%) [97mU1:[93m66.5%[97m([91m15.8c[97m) [97mU2:[93m43.7%[97m([91m8.7c[97m) [97mR:[93m80.3%[97m([91m21.4c[97m) [97mS-L: [92m0:[96m25% [92m1:[96m74% [92m2:[96m38% [92m3:[96m29% [92m4:[96m30% [92m5:[96m25% [92m6:[96m52%[39m [34mF1_perclass: 61.5-73.3-54.0-54.5-58.4-73.1-42.0 [39m[39m
2026-01-15 21:02:11,532 - Agent - INFO - [37mTest Epoch 127 step 0 with [31mce_loss_combined : 1.604607 [31mce_loss_c : 1.664874 [31mce_loss_g : 1.560059 [31mce_mask0 : 1.616199 [31mce_mask1 : 1.609833 [31mkl_synergy_1 : 0.389572 [31mkl_synergy_2 : 0.342672 [31mtotal : 5.562883 [94mAcc_combined: 51.61 [94mAcc_c: 41.16 [94mAcc_g: 46.38 [97mS:[93m33.5%[97m([91m9.6c[97m-[94mF1:20.4%) [97mU1:[93m54.1%[97m([91m13.1c[97m) [97mU2:[93m43.4%[97m([91m10.6c[97m) [97mR:[93m80.5%[97m([91m18.4c[97m) [97mS-L: [92m1:[96m38% [92m2:[96m11% [92m3:[96m25% [92m4:[96m17% [92m5:[96m19% [92m6:[96m53%[39m [34mF1_perclass: 41.1-68.1-44.2-44.7-46.3-67.2-42.3 [39m[39m
2026-01-15 21:02:12,333 - Agent - INFO - [37mModel saved successfully at: /esat/smcdata/users/kkontras/Image_Dataset/no_backup/data/2025_data/synergy/CremadPlus/v2/SynIB_RMask_fold0_l1_vldsyn_accuracy_fillema_lsparse1_lr0.0001_wd0.0001_clsmlp_bs64.pth.tar[39m
Job finished
