Starting Job
/esat/smcdata/users/kkontras/Image_Dataset/no_backup/git/Synergy/train.py
/esat/smcdata/users/kkontras/Image_Dataset/no_backup/envs/synergy_new/bin/python
Python 3.10.19
/esat/smcdata/users/kkontras/Image_Dataset/no_backup/git/Synergy
We have 1 GPU
/esat/smcdata/users/kkontras/Image_Dataset/no_backup/git/Synergy/train.py
config-./configs/CREMA_D/synergy/jan/synprom_RMask.json
Executing command: python /esat/smcdata/users/kkontras/Image_Dataset/no_backup/git/Synergy/train.py --config ./configs/CREMA_D/synergy/jan/synprom_RMask.json --default_config ./configs/CREMA_D/default_config_cremadplus_res_syn.json --fold 0 --l 1 --lr 0.0001 --wd 0.0001 --cls mlp --batch_size 64 --perturb_fill ema --perturb_lsparse 5 --validate_with syn_accuracy
Namespace(config='./configs/CREMA_D/synergy/jan/synprom_RMask.json', default_config='./configs/CREMA_D/default_config_cremadplus_res_syn.json', fold='0', alpha=None, tanh_mode=None, tanh_mode_beta=None, regby=None, clip=None, batch_size='64', l='1', multil=None, l_diffsq=None, lib=None, ratio_us=None, ratio_snr=None, kmepoch=None, num_samples=None, pow=None, nstep=None, contrcoeff=None, kde_coeff=None, etube=None, temperature=None, contr_type=None, shuffle_type=None, validate_with='syn_accuracy', transform_type=None, trasform_before=None, num_classes=None, base_alpha=None, alpha_var=None, base_beta=None, beta_var=None, optim_method=None, ilr_c=None, ilr_g=None, mmcosine_scaling=None, ending_epoch=None, load_ongoing=None, commonlayers=None, recon_weight1=None, recon_weight2=None, recon_epochstages=None, recon_ensemblestages=None, lr='0.0001', wd='0.0001', mm=None, cls='mlp', perturb=None, perturb_fill='ema', perturb_pmax=None, perturb_pmin=None, perturb_lsparse='5', pre=False, frozen=False, tdqm_disable=False, start_over=False)
2026-01-15 18:58:45,501 - Config - INFO - ./configs/CREMA_D/synergy/jan/synprom_RMask.json
2026-01-15 18:58:45,504 - Config - INFO -  THE Configuration of your experiment ..
{'agent': 'Agent',
 'dataset': {'data_roots': '/esat/smcdata/users/kkontras/Image_Dataset/no_backup/CremaD/CREMA-D',
             'data_split': {'fold': 0, 'method': 'non_inclusive'},
             'dataloader_class': 'CramedDPlus_Dataloader',
             'fps': 1,
             'ironic_label_name': 'SARCASM',
             'ironic_modes': ['train', 'val', 'test'],
             'ironic_rate': 1.0,
             'norm': False,
             'norm_face_path': './mydatasets/CREMAD/norm_face_path_fold{}.pkl',
             'norm_wav_path': './mydatasets/CREMAD/wav_norm_22050_fold{}.pkl',
             'num_frame': 3,
             'return_data': {'audio': False,
                             'face': False,
                             'spectrogram': True,
                             'video': True},
             'sampling_rate': 22050},
 'early_stopping': {'end_of_epoch_check': True,
                    'log_interval': 10,
                    'max_epoch': 1500,
                    'n_steps_stop': 30,
                    'n_steps_stop_after': 0,
                    'save_every_step': 3000,
                    'save_every_valstep': 10,
                    'validate_after': 0,
                    'validate_every': 25,
                    'validate_with': 'accuracy'},
 'exp_name': 'CREMAD Experiment',
 'model': {'args': {'bias_infusion': {'contrcoeff': 0.0, 'l': 1.0},
                    'cls_type': 'mlp',
                    'd_model': 512,
                    'dropout': 0.1,
                    'fc_inner': 64,
                    'in_dim': 64,
                    'multi_loss': {'multi_supervised_w': {'c': 1,
                                                          'combined': 1,
                                                          'g': 1}},
                    'norm_decision': False,
                    'num_classes': 7,
                    'synergy_type': 'gaussian'},
           'ceu': {'test': './cremadplus_ceu_test_res.pkl',
                   'val': './cremadplus_ceu_val_res.pkl'},
           'encoders': [{'args': {'d_model': 512,
                                  'dropout': 0.1,
                                  'fc_inner': 64,
                                  'freeze_encoder': False,
                                  'num_classes': 7},
                         'model': 'Audio_ResNet',
                         'name': 'enc_0_modality1_encoder',
                         'pretrainedEncoder': {'dir': 'unimodal_audio_fold{}_lr0.001_wd0.0001_bs64.pth.tar',
                                               'use': True},
                         'save_encoder': False},
                        {'args': {'d_model': 512,
                                  'dropout': 0.1,
                                  'fc_inner': 64,
                                  'freeze_encoder': False,
                                  'num_classes': 7},
                         'model': 'Video_ResNet',
                         'name': 'enc_1_modality2_encoder',
                         'pretrainedEncoder': {'dir': 'unimodal_video_fold{}_lr0.0001_wd0.0001_bs64.pth.tar',
                                               'use': True},
                         'save_encoder': False},
                        {'args': {'d_model': 512,
                                  'dropout': 0.1,
                                  'fc_inner': 64,
                                  'freeze_encoder': False},
                         'model': 'FusionTrunkLinear',
                         'name': 'enc_2_fusion_trunk',
                         'pretrainedEncoder': {'dir': 'enc_2_fusion_trunk_fold{}.pth.tar',
                                               'use': False},
                         'save_encoder': False},
                        {'args': {'freeze_encoder': False,
                                  'in_dim': 64,
                                  'num_classes': 7},
                         'model': 'LinearHead',
                         'name': 'enc_3_fusion_head',
                         'pretrainedEncoder': {'dir': 'enc_3_fusion_head_fold{}.pth.tar',
                                               'use': False},
                         'save_encoder': False},
                        {'args': {'dropout': 0.1,
                                  'freeze_encoder': False,
                                  'hidden_dim': 64,
                                  'in_dim': 512,
                                  'num_classes': 7},
                         'model': 'MLPHead',
                         'name': 'enc_4_unimodal_head_1',
                         'pretrainedEncoder': {'dir': 'enc_4_unimodal1_fold{}.pth.tar',
                                               'use': False},
                         'save_encoder': False},
                        {'args': {'dropout': 0.1,
                                  'freeze_encoder': False,
                                  'hidden_dim': 64,
                                  'in_dim': 512,
                                  'num_classes': 7},
                         'model': 'MLPHead',
                         'name': 'enc_5_unimodal_head_2',
                         'pretrainedEncoder': {'dir': 'enc_5_unimodal2_fold{}.pth.tar',
                                               'use': False},
                         'save_encoder': False}],
           'load_ongoing': False,
           'model_class': 'FusionIBModel_Mask',
           'save_base_dir': '/esat/smcdata/users/kkontras/Image_Dataset/no_backup/data/2025_data/synergy/CremadPlus/v2',
           'save_dir': 'SynIB_RMask_{}.pth.tar'},
 'optimizer': {'beta1': 0.9,
               'beta2': 0.999,
               'learning_rate': 1e-05,
               'momentum': 0.9,
               'type': 'Adam',
               'weight_decay': 1e-05},
 'scheduler': {'max_lr': 0.03, 'type': 'cosanneal', 'warm_up_steps': 780},
 'training_params': {'async_loading': True,
                     'batch_size': 128,
                     'cuda': True,
                     'data_loader_workers': 8,
                     'gpu_device': [0],
                     'pin_memory': False,
                     'rec_test': True,
                     'res': True,
                     'seed': 109,
                     'tdqm_disable': False,
                     'test_batch_size': 128,
                     'test_on_bottoms': True,
                     'use_test_set': True,
                     'validation': True,
                     'verbose': True,
                     'wandb_disable': False}}
2026-01-15 18:58:45,507 - Config - INFO -  *************************************** 
2026-01-15 18:58:45,507 - Config - INFO - The experiment name is CREMAD Experiment
2026-01-15 18:58:45,507 - Config - INFO -  *************************************** 
2026-01-15 18:58:45,508 - root - INFO - save_dir: SynIB_RMask_fold0_l1_vldsyn_accuracy_fillema_lsparse5_lr0.0001_wd0.0001_clsmlp_bs64.pth.tar
2026-01-15 18:58:45,557 - Cuda Statistics - INFO - __Python VERSION:  3.10.19 (main, Oct 21 2025, 16:43:05) [GCC 11.2.0]
2026-01-15 18:58:45,557 - Cuda Statistics - INFO - __pyTorch VERSION:  2.9.1+cu128
2026-01-15 18:58:45,558 - Cuda Statistics - INFO - __CUDA VERSION
2026-01-15 18:58:45,565 - Cuda Statistics - INFO - __CUDNN VERSION:  91002
2026-01-15 18:58:45,580 - Cuda Statistics - INFO - __Number CUDA Devices:  1
2026-01-15 18:58:45,580 - Cuda Statistics - INFO - __Devices
2026-01-15 18:58:45,580 - Cuda Statistics - INFO - index, name, driver_version, memory.total [MiB], memory.used [MiB], memory.free [MiB]
2026-01-15 18:58:45,580 - Cuda Statistics - INFO - 0, NVIDIA GeForce RTX 2080 Ti, 570.153.02, 11264 MiB, 4 MiB, 10820 MiB
2026-01-15 18:58:45,585 - Cuda Statistics - INFO - Active CUDA Device: GPU 0
2026-01-15 18:58:45,585 - Cuda Statistics - INFO - Available devices  1
2026-01-15 18:58:45,585 - Cuda Statistics - INFO - Current cuda device  0
2026-01-15 18:58:47,289 - CREMADPlusDataset - INFO - Loaded wav norm from ./mydatasets/CREMAD/wav_norm_22050_fold0.pkl
2026-01-15 18:58:47,307 - CREMADPlusDataset - INFO - [train] Ironic pairing enabled: ironic_rate=1.000, target≈673.7, requested_k=674, applied_k=674
2026-01-15 18:58:47,307 - CREMADPlusDataset - INFO - [train] Flipped-to-sarcasm counts by original class: {0: 135, 1: 143, 2: 94, 3: 111, 4: 98, 5: 93}
2026-01-15 18:58:47,307 - CREMADPlusDataset - INFO - [train] Top (orig_label -> donor_label) sarcasm pairs: [('FEA->HAP', 111), ('DIS->HAP', 98), ('SAD->HAP', 94), ('HAP->ANG', 55), ('HAP->DIS', 47), ('HAP->SAD', 41), ('ANG->HAP', 35), ('ANG->NEU', 35), ('NEU->HAP', 32), ('NEU->FEA', 28)]
2026-01-15 18:58:47,307 - CREMADPlusDataset - INFO - [train] Top donor indices reused (idx, times): [(1334, 4), (3408, 3), (2650, 3), (3255, 3), (3446, 3), (3674, 3), (1379, 3), (2982, 3), (4022, 3), (3631, 3)]
2026-01-15 18:58:47,307 - CREMADPlusDataset - INFO - [train] Label distribution after applying ironic pairs: {0: 570, 1: 695, 2: 476, 3: 512, 4: 525, 5: 590, 6: 674}
2026-01-15 18:58:47,667 - CREMADPlusDataset - INFO - Loaded wav norm from ./mydatasets/CREMAD/wav_norm_22050_fold0.pkl
2026-01-15 18:58:47,670 - CREMADPlusDataset - INFO - [val] Ironic pairing enabled: ironic_rate=1.000, target≈146.3, requested_k=146, applied_k=146
2026-01-15 18:58:47,671 - CREMADPlusDataset - INFO - [val] Flipped-to-sarcasm counts by original class: {0: 27, 1: 31, 2: 19, 3: 21, 4: 23, 5: 25}
2026-01-15 18:58:47,671 - CREMADPlusDataset - INFO - [val] Top (orig_label -> donor_label) sarcasm pairs: [('DIS->HAP', 23), ('FEA->HAP', 21), ('SAD->HAP', 19), ('HAP->DIS', 14), ('HAP->ANG', 12), ('NEU->HAP', 10), ('ANG->NEU', 9), ('ANG->SAD', 8), ('ANG->HAP', 8), ('HAP->SAD', 5)]
2026-01-15 18:58:47,671 - CREMADPlusDataset - INFO - [val] Top donor indices reused (idx, times): [(255, 3), (225, 3), (61, 2), (121, 2), (812, 2), (694, 2), (304, 2), (510, 2), (209, 2), (189, 2)]
2026-01-15 18:58:47,671 - CREMADPlusDataset - INFO - [val] Label distribution after applying ironic pairs: {0: 123, 1: 157, 2: 93, 3: 117, 4: 129, 5: 113, 6: 146}
2026-01-15 18:58:48,106 - CREMADPlusDataset - INFO - Loaded wav norm from ./mydatasets/CREMAD/wav_norm_22050_fold0.pkl
2026-01-15 18:58:48,109 - CREMADPlusDataset - INFO - [test] Ironic pairing enabled: ironic_rate=1.000, target≈149.8, requested_k=150, applied_k=150
2026-01-15 18:58:48,109 - CREMADPlusDataset - INFO - [test] Flipped-to-sarcasm counts by original class: {0: 22, 1: 28, 2: 23, 3: 18, 4: 29, 5: 30}
2026-01-15 18:58:48,109 - CREMADPlusDataset - INFO - [test] Top (orig_label -> donor_label) sarcasm pairs: [('DIS->HAP', 29), ('SAD->HAP', 23), ('FEA->HAP', 18), ('ANG->NEU', 13), ('HAP->ANG', 11), ('ANG->HAP', 11), ('HAP->SAD', 9), ('HAP->DIS', 8), ('NEU->HAP', 8), ('ANG->SAD', 6)]
2026-01-15 18:58:48,109 - CREMADPlusDataset - INFO - [test] Top donor indices reused (idx, times): [(606, 3), (246, 2), (796, 2), (75, 2), (612, 2), (686, 2), (425, 2), (281, 2), (501, 2), (115, 2)]
2026-01-15 18:58:48,109 - CREMADPlusDataset - INFO - [test] Label distribution after applying ironic pairs: {0: 125, 1: 162, 2: 95, 3: 123, 4: 109, 5: 135, 6: 150}
2026-01-15 18:58:48,111 - Agent - INFO - Device: cuda:0
2026-01-15 18:58:48,111 - Agent - INFO - Total training batches: 64, validate every 25 batches, steps per epoch: 3
2026-01-15 18:58:50,083 - Agent - INFO - Loss Weights are {'total': 1, 'combined': 1, 'c': 1, 'g': 1}
2026-01-15 18:58:50,537 - root - INFO - Loading enc best model state dict from /esat/smcdata/users/kkontras/Image_Dataset/no_backup/data/2025_data/synergy/CremadPlus/v2/unimodal_audio_fold0_lr0.001_wd0.0001_bs64.pth.tar
2026-01-15 18:58:50,863 - root - INFO - Loading enc best model state dict from /esat/smcdata/users/kkontras/Image_Dataset/no_backup/data/2025_data/synergy/CremadPlus/v2/unimodal_video_fold0_lr0.0001_wd0.0001_bs64.pth.tar
2026-01-15 18:58:50,903 - Agent - INFO - Total number of trainable parameters are: 22487018
2026-01-15 18:59:22,838 - Agent - INFO - [37mVal Epoch 0 step 0 with [31mce_loss_combined : 2.045220 [31mce_loss_c : 1.383450 [31mce_loss_g : 1.751162 [31mce_mask0 : 2.048383 [31mce_mask1 : 2.047941 [31mkl_synergy_1 : 0.305473 [31mkl_synergy_2 : 0.305061 [31mtotal : 6.752079 [94mAcc_combined: 12.19 [94mAcc_c: 53.08 [94mAcc_g: 43.28 [97mS:[93m3.8%[97m([91m1.1c[97m-[94mF1:4.1%) [97mU1:[93m13.9%[97m([91m3.3c[97m) [97mU2:[93m10.9%[97m([91m2.2c[97m) [97mR:[93m20.9%[97m([91m5.6c[97m) [97mS-L: [92m0:[96m50% [92m2:[96m3% [92m3:[96m16% [92m5:[96m5% [92m6:[96m1%[39m [34mF1_perclass: 29.3-1.7-1.8-8.4-0.0-2.4-1.3 [39m[39m
2026-01-15 18:59:22,863 - Agent - INFO - [37mTest Epoch 0 step 0 with [31mce_loss_combined : 2.022011 [31mce_loss_c : 1.492977 [31mce_loss_g : 1.984664 [31mce_mask0 : 2.022669 [31mce_mask1 : 2.034126 [31mkl_synergy_1 : 0.297536 [31mkl_synergy_2 : 0.292826 [31mtotal : 6.669169 [94mAcc_combined: 14.57 [94mAcc_c: 46.38 [94mAcc_g: 39.38 [97mS:[93m6.2%[97m([91m1.8c[97m-[94mF1:5.8%) [97mU1:[93m22.9%[97m([91m5.6c[97m) [97mU2:[93m11.0%[97m([91m2.7c[97m) [97mR:[93m20.0%[97m([91m4.6c[97m) [97mS-L: [92m0:[96m42% [92m2:[96m3% [92m3:[96m19% [92m4:[96m4% [92m5:[96m5% [92m6:[96m1%[39m [34mF1_perclass: 27.5-0.0-2.1-22.0-5.6-1.3-1.3 [39m[39m
2026-01-15 18:59:23,086 - Agent - INFO - [37mModel saved successfully at: /esat/smcdata/users/kkontras/Image_Dataset/no_backup/data/2025_data/synergy/CremadPlus/v2/SynIB_RMask_fold0_l1_vldsyn_accuracy_fillema_lsparse5_lr0.0001_wd0.0001_clsmlp_bs64.pth.tar[39m
2026-01-15 18:59:23,088 - Agent - INFO - Total number of trainable parameters are: 22487018
2026-01-15 19:00:55,107 - Agent - INFO - [37mVal Epoch 1 step 1 with [31mce_loss_combined : 1.455884 [31mce_loss_c : 1.565950 [31mce_loss_g : 2.039036 [31mce_mask0 : 1.460199 [31mce_mask1 : 1.467134 [31mkl_synergy_1 : 0.876191 [31mkl_synergy_2 : 0.939776 [31mtotal : 6.199184 [94mAcc_combined: 54.67 [94mAcc_c: 40.55 [94mAcc_g: 20.84 [97mS:[93m22.2%[97m([91m6.6c[97m-[94mF1:19.9%) [97mU1:[93m53.1%[97m([91m12.6c[97m) [97mU2:[93m60.9%[97m([91m12.1c[97m) [97mR:[93m87.6%[97m([91m23.3c[97m) [97mS-L: [92m0:[96m25% [92m1:[96m96% [92m2:[96m22% [92m3:[96m45% [92m4:[96m7% [92m5:[96m15% [92m6:[96m7%[39m [34mF1_perclass: 56.8-63.6-46.3-50.0-62.7-72.2-9.4 [39m[39m
2026-01-15 19:00:55,186 - Agent - INFO - [37mTest Epoch 1 step 1 with [31mce_loss_combined : 1.533744 [31mce_loss_c : 1.796327 [31mce_loss_g : 1.909756 [31mce_mask0 : 1.545784 [31mce_mask1 : 1.562490 [31mkl_synergy_1 : 0.899238 [31mkl_synergy_2 : 0.938059 [31mtotal : 6.479314 [94mAcc_combined: 49.72 [94mAcc_c: 35.26 [94mAcc_g: 19.80 [97mS:[93m10.9%[97m([91m3.1c[97m-[94mF1:11.0%) [97mU1:[93m49.1%[97m([91m11.9c[97m) [97mU2:[93m65.3%[97m([91m15.9c[97m) [97mR:[93m82.4%[97m([91m18.8c[97m) [97mS-L: [92m0:[96m17% [92m1:[96m88% [92m2:[96m11% [92m3:[96m17% [92m5:[96m19% [92m6:[96m4%[39m [34mF1_perclass: 57.1-54.1-53.2-46.0-44.3-64.9-8.2 [39m[39m
2026-01-15 19:00:55,907 - Agent - INFO - [37mModel saved successfully at: /esat/smcdata/users/kkontras/Image_Dataset/no_backup/data/2025_data/synergy/CremadPlus/v2/SynIB_RMask_fold0_l1_vldsyn_accuracy_fillema_lsparse5_lr0.0001_wd0.0001_clsmlp_bs64.pth.tar[39m
2026-01-15 19:00:55,913 - Agent - INFO - Total number of trainable parameters are: 22487018
2026-01-15 19:02:20,709 - Agent - INFO - [37mVal Epoch 2 step 2 with [31mce_loss_combined : 1.425927 [31mce_loss_c : 1.872224 [31mce_loss_g : 1.834414 [31mce_mask0 : 1.432733 [31mce_mask1 : 1.438162 [31mkl_synergy_1 : 0.743742 [31mkl_synergy_2 : 0.714462 [31mtotal : 5.755025 [94mAcc_combined: 62.07 [94mAcc_c: 24.15 [94mAcc_g: 28.02 [97mS:[93m28.0%[97m([91m8.3c[97m-[94mF1:27.3%) [97mU1:[93m66.0%[97m([91m15.7c[97m) [97mU2:[93m63.8%[97m([91m12.6c[97m) [97mR:[93m95.3%[97m([91m25.4c[97m) [97mS-L: [92m0:[96m25% [92m1:[96m78% [92m2:[96m19% [92m3:[96m45% [92m4:[96m17% [92m5:[96m50% [92m6:[96m16%[39m [34mF1_perclass: 64.7-76.6-42.5-59.0-67.5-76.0-20.7 [39m[39m
2026-01-15 19:02:20,774 - Agent - INFO - [37mTest Epoch 2 step 2 with [31mce_loss_combined : 1.533157 [31mce_loss_c : 1.883715 [31mce_loss_g : 1.808469 [31mce_mask0 : 1.520567 [31mce_mask1 : 1.538881 [31mkl_synergy_1 : 0.713347 [31mkl_synergy_2 : 0.684783 [31mtotal : 5.990736 [94mAcc_combined: 56.06 [94mAcc_c: 24.81 [94mAcc_g: 30.37 [97mS:[93m15.2%[97m([91m4.3c[97m-[94mF1:12.8%) [97mU1:[93m59.6%[97m([91m14.5c[97m) [97mU2:[93m67.6%[97m([91m16.5c[97m) [97mR:[93m91.2%[97m([91m20.8c[97m) [97mS-L: [92m1:[96m75% [92m2:[96m3% [92m3:[96m44% [92m4:[96m8% [92m5:[96m33% [92m6:[96m6%[39m [34mF1_perclass: 64.4-67.6-40.6-53.6-62.4-62.2-8.6 [39m[39m
2026-01-15 19:02:21,583 - Agent - INFO - [37mModel saved successfully at: /esat/smcdata/users/kkontras/Image_Dataset/no_backup/data/2025_data/synergy/CremadPlus/v2/SynIB_RMask_fold0_l1_vldsyn_accuracy_fillema_lsparse5_lr0.0001_wd0.0001_clsmlp_bs64.pth.tar[39m
2026-01-15 19:02:21,587 - Agent - INFO - Total number of trainable parameters are: 22487018
2026-01-15 19:03:48,358 - Agent - INFO - [37mVal Epoch 3 step 3 with [31mce_loss_combined : 1.491396 [31mce_loss_c : 2.033168 [31mce_loss_g : 1.854820 [31mce_mask0 : 1.502019 [31mce_mask1 : 1.495438 [31mkl_synergy_1 : 0.629109 [31mkl_synergy_2 : 0.615926 [31mtotal : 5.733889 [94mAcc_combined: 57.63 [94mAcc_c: 19.13 [94mAcc_g: 25.74 [97mS:[93m36.0%[97m([91m10.7c[97m-[94mF1:28.2%) [97mU1:[93m62.7%[97m([91m14.9c[97m) [97mU2:[93m48.9%[97m([91m9.7c[97m) [97mR:[93m83.8%[97m([91m22.3c[97m) [97mS-L: [92m0:[96m25% [92m1:[96m87% [92m2:[96m27% [92m3:[96m26% [92m4:[96m23% [92m5:[96m10% [92m6:[96m40%[39m [34mF1_perclass: 59.7-75.3-52.9-44.9-68.6-73.2-31.5 [39m[39m
2026-01-15 19:03:48,382 - Agent - INFO - [37mTest Epoch 3 step 3 with [31mce_loss_combined : 1.553875 [31mce_loss_c : 1.995004 [31mce_loss_g : 1.820250 [31mce_mask0 : 1.579704 [31mce_mask1 : 1.570094 [31mkl_synergy_1 : 0.644599 [31mkl_synergy_2 : 0.664013 [31mtotal : 6.012284 [94mAcc_combined: 56.06 [94mAcc_c: 19.69 [94mAcc_g: 23.25 [97mS:[93m24.1%[97m([91m6.9c[97m-[94mF1:14.7%) [97mU1:[93m62.4%[97m([91m15.1c[97m) [97mU2:[93m59.8%[97m([91m14.6c[97m) [97mR:[93m85.4%[97m([91m19.5c[97m) [97mS-L: [92m1:[96m62% [92m2:[96m11% [92m3:[96m36% [92m5:[96m5% [92m6:[96m33%[39m [34mF1_perclass: 58.3-68.8-52.2-50.2-59.9-68.0-30.4 [39m[39m
2026-01-15 19:03:49,238 - Agent - INFO - [37mModel saved successfully at: /esat/smcdata/users/kkontras/Image_Dataset/no_backup/data/2025_data/synergy/CremadPlus/v2/SynIB_RMask_fold0_l1_vldsyn_accuracy_fillema_lsparse5_lr0.0001_wd0.0001_clsmlp_bs64.pth.tar[39m
2026-01-15 19:03:49,244 - Agent - INFO - Total number of trainable parameters are: 22487018
2026-01-15 19:05:18,042 - Agent - INFO - [37mVal Epoch 4 step 4 with [31mce_loss_combined : 1.542717 [31mce_loss_c : 1.742084 [31mce_loss_g : 1.771886 [31mce_mask0 : 1.551471 [31mce_mask1 : 1.548306 [31mkl_synergy_1 : 0.700903 [31mkl_synergy_2 : 0.732767 [31mtotal : 6.076164 [94mAcc_combined: 48.06 [94mAcc_c: 34.62 [94mAcc_g: 29.04 [97mS:[93m31.4%[97m([91m9.3c[97m-[94mF1:23.2%) [97mU1:[93m38.3%[97m([91m9.1c[97m) [97mU2:[93m48.3%[97m([91m9.6c[97m) [97mR:[93m75.2%[97m([91m20.0c[97m) [97mS-L: [92m0:[96m25% [92m1:[96m83% [92m2:[96m8% [92m3:[96m61% [92m4:[96m3% [92m5:[96m10% [92m6:[96m32%[39m [34mF1_perclass: 56.3-68.6-27.9-39.3-59.3-52.4-29.8 [39m[39m
2026-01-15 19:05:18,067 - Agent - INFO - [37mTest Epoch 4 step 4 with [31mce_loss_combined : 1.606687 [31mce_loss_c : 1.692869 [31mce_loss_g : 1.793718 [31mce_mask0 : 1.623358 [31mce_mask1 : 1.626176 [31mkl_synergy_1 : 0.754327 [31mkl_synergy_2 : 0.750711 [31mtotal : 6.361259 [94mAcc_combined: 46.50 [94mAcc_c: 33.70 [94mAcc_g: 28.59 [97mS:[93m21.4%[97m([91m6.1c[97m-[94mF1:11.5%) [97mU1:[93m41.7%[97m([91m10.1c[97m) [97mU2:[93m52.1%[97m([91m12.7c[97m) [97mR:[93m77.1%[97m([91m17.6c[97m) [97mS-L: [92m1:[96m62% [92m3:[96m64% [92m5:[96m5% [92m6:[96m22%[39m [34mF1_perclass: 56.2-62.9-13.1-42.1-41.1-60.4-23.3 [39m[39m
2026-01-15 19:05:18,068 - Agent - INFO - Total number of trainable parameters are: 22487018
2026-01-15 19:06:45,165 - Agent - INFO - [37mVal Epoch 5 step 5 with [31mce_loss_combined : 1.513358 [31mce_loss_c : 1.665134 [31mce_loss_g : 1.754309 [31mce_mask0 : 1.519244 [31mce_mask1 : 1.530116 [31mkl_synergy_1 : 0.676462 [31mkl_synergy_2 : 0.693444 [31mtotal : 5.932625 [94mAcc_combined: 55.58 [94mAcc_c: 38.84 [94mAcc_g: 34.28 [97mS:[93m26.1%[97m([91m7.7c[97m-[94mF1:24.0%) [97mU1:[93m63.6%[97m([91m15.1c[97m) [97mU2:[93m50.6%[97m([91m10.0c[97m) [97mR:[93m85.0%[97m([91m22.7c[97m) [97mS-L: [92m0:[96m25% [92m1:[96m43% [92m2:[96m22% [92m3:[96m26% [92m4:[96m63% [92m5:[96m15% [92m6:[96m16%[39m [34mF1_perclass: 67.2-67.1-45.9-56.5-51.4-72.3-23.2 [39m[39m
2026-01-15 19:06:45,190 - Agent - INFO - [37mTest Epoch 5 step 5 with [31mce_loss_combined : 1.560864 [31mce_loss_c : 1.685667 [31mce_loss_g : 1.767302 [31mce_mask0 : 1.580543 [31mce_mask1 : 1.563366 [31mkl_synergy_1 : 0.667369 [31mkl_synergy_2 : 0.663923 [31mtotal : 6.036065 [94mAcc_combined: 54.28 [94mAcc_c: 36.37 [94mAcc_g: 32.48 [97mS:[93m19.8%[97m([91m5.7c[97m-[94mF1:16.4%) [97mU1:[93m64.2%[97m([91m15.6c[97m) [97mU2:[93m58.9%[97m([91m14.3c[97m) [97mR:[93m82.0%[97m([91m18.7c[97m) [97mS-L: [92m0:[96m8% [92m1:[96m25% [92m2:[96m13% [92m3:[96m25% [92m4:[96m58% [92m5:[96m10% [92m6:[96m15%[39m [34mF1_perclass: 62.1-77.7-44.7-43.6-47.4-68.9-21.3 [39m[39m
2026-01-15 19:06:45,191 - Agent - INFO - Total number of trainable parameters are: 22487018
2026-01-15 19:08:11,866 - Agent - INFO - [37mVal Epoch 6 step 6 with [31mce_loss_combined : 1.494600 [31mce_loss_c : 1.614756 [31mce_loss_g : 1.676052 [31mce_mask0 : 1.502806 [31mce_mask1 : 1.511095 [31mkl_synergy_1 : 0.555529 [31mkl_synergy_2 : 0.546937 [31mtotal : 5.610967 [94mAcc_combined: 60.02 [94mAcc_c: 43.28 [94mAcc_g: 40.21 [97mS:[93m28.7%[97m([91m8.5c[97m-[94mF1:26.4%) [97mU1:[93m67.0%[97m([91m15.9c[97m) [97mU2:[93m54.6%[97m([91m10.8c[97m) [97mR:[93m92.7%[97m([91m24.7c[97m) [97mS-L: [92m0:[96m25% [92m1:[96m61% [92m2:[96m3% [92m3:[96m48% [92m4:[96m17% [92m5:[96m60% [92m6:[96m23%[39m [34mF1_perclass: 71.7-74.5-25.6-56.4-66.7-75.1-25.4 [39m[39m
2026-01-15 19:08:11,893 - Agent - INFO - [37mTest Epoch 6 step 6 with [31mce_loss_combined : 1.550698 [31mce_loss_c : 1.662268 [31mce_loss_g : 1.712254 [31mce_mask0 : 1.561346 [31mce_mask1 : 1.580111 [31mkl_synergy_1 : 0.583495 [31mkl_synergy_2 : 0.551945 [31mtotal : 5.827596 [94mAcc_combined: 56.73 [94mAcc_c: 39.15 [94mAcc_g: 36.48 [97mS:[93m21.0%[97m([91m6.0c[97m-[94mF1:15.4%) [97mU1:[93m64.7%[97m([91m15.7c[97m) [97mU2:[93m60.3%[97m([91m14.7c[97m) [97mR:[93m89.3%[97m([91m20.4c[97m) [97mS-L: [92m1:[96m38% [92m3:[96m53% [92m4:[96m12% [92m5:[96m38% [92m6:[96m18%[39m [34mF1_perclass: 67.6-75.6-28.1-54.4-59.9-62.0-24.5 [39m[39m
2026-01-15 19:08:11,894 - Agent - INFO - Total number of trainable parameters are: 22487018
2026-01-15 19:09:37,749 - Agent - INFO - [37mVal Epoch 7 step 7 with [31mce_loss_combined : 1.483914 [31mce_loss_c : 1.667477 [31mce_loss_g : 1.629148 [31mce_mask0 : 1.485032 [31mce_mask1 : 1.497349 [31mkl_synergy_1 : 0.629732 [31mkl_synergy_2 : 0.585918 [31mtotal : 5.681945 [94mAcc_combined: 59.91 [94mAcc_c: 41.57 [94mAcc_g: 44.31 [97mS:[93m26.1%[97m([91m7.7c[97m-[94mF1:23.6%) [97mU1:[93m73.7%[97m([91m17.5c[97m) [97mU2:[93m54.0%[97m([91m10.7c[97m) [97mR:[93m89.7%[97m([91m23.9c[97m) [97mS-L: [92m0:[96m25% [92m1:[96m74% [92m2:[96m38% [92m3:[96m29% [92m4:[96m20% [92m5:[96m15% [92m6:[96m16%[39m [34mF1_perclass: 67.2-70.9-49.4-54.5-67.7-77.1-20.0 [39m[39m
2026-01-15 19:09:37,774 - Agent - INFO - [37mTest Epoch 7 step 7 with [31mce_loss_combined : 1.565019 [31mce_loss_c : 1.699264 [31mce_loss_g : 1.684633 [31mce_mask0 : 1.580400 [31mce_mask1 : 1.569724 [31mkl_synergy_1 : 0.619290 [31mkl_synergy_2 : 0.570512 [31mtotal : 5.904946 [94mAcc_combined: 54.73 [94mAcc_c: 38.38 [94mAcc_g: 36.26 [97mS:[93m16.7%[97m([91m4.8c[97m-[94mF1:14.1%) [97mU1:[93m63.8%[97m([91m15.5c[97m) [97mU2:[93m61.6%[97m([91m15.0c[97m) [97mR:[93m85.4%[97m([91m19.5c[97m) [97mS-L: [92m1:[96m75% [92m2:[96m32% [92m3:[96m28% [92m4:[96m4% [92m5:[96m10% [92m6:[96m10%[39m [34mF1_perclass: 56.3-63.9-54.1-47.4-58.2-70.2-16.1 [39m[39m
2026-01-15 19:09:37,776 - Agent - INFO - Total number of trainable parameters are: 22487018
2026-01-15 19:10:58,586 - Agent - INFO - [37mVal Epoch 8 step 8 with [31mce_loss_combined : 1.524843 [31mce_loss_c : 1.628646 [31mce_loss_g : 1.654064 [31mce_mask0 : 1.536276 [31mce_mask1 : 1.529663 [31mkl_synergy_1 : 0.583964 [31mkl_synergy_2 : 0.549035 [31mtotal : 5.723781 [94mAcc_combined: 56.26 [94mAcc_c: 46.36 [94mAcc_g: 39.18 [97mS:[93m26.1%[97m([91m7.7c[97m-[94mF1:25.3%) [97mU1:[93m74.2%[97m([91m17.7c[97m) [97mU2:[93m47.7%[97m([91m9.5c[97m) [97mR:[93m80.3%[97m([91m21.4c[97m) [97mS-L: [92m0:[96m25% [92m1:[96m65% [92m2:[96m59% [92m3:[96m13% [92m4:[96m33% [92m5:[96m45% [92m6:[96m6%[39m [34mF1_perclass: 59.3-71.5-47.0-50.0-62.7-73.2-9.6 [39m[39m
2026-01-15 19:10:58,611 - Agent - INFO - [37mTest Epoch 8 step 8 with [31mce_loss_combined : 1.598626 [31mce_loss_c : 1.662209 [31mce_loss_g : 1.672961 [31mce_mask0 : 1.599669 [31mce_mask1 : 1.604702 [31mkl_synergy_1 : 0.585184 [31mkl_synergy_2 : 0.551788 [31mtotal : 5.939968 [94mAcc_combined: 49.17 [94mAcc_c: 42.38 [94mAcc_g: 42.38 [97mS:[93m17.1%[97m([91m4.9c[97m-[94mF1:14.2%) [97mU1:[93m65.1%[97m([91m15.8c[97m) [97mU2:[93m42.5%[97m([91m10.3c[97m) [97mR:[93m79.5%[97m([91m18.1c[97m) [97mS-L: [92m1:[96m50% [92m2:[96m50% [92m3:[96m6% [92m4:[96m25% [92m5:[96m14% [92m6:[96m8%[39m [34mF1_perclass: 49.2-67.6-45.5-21.2-55.1-62.6-10.9 [39m[39m
2026-01-15 19:10:58,613 - Agent - INFO - Total number of trainable parameters are: 22487018
2026-01-15 19:12:23,738 - Agent - INFO - [37mVal Epoch 9 step 9 with [31mce_loss_combined : 1.544195 [31mce_loss_c : 1.583086 [31mce_loss_g : 1.567329 [31mce_mask0 : 1.556021 [31mce_mask1 : 1.557021 [31mkl_synergy_1 : 0.486525 [31mkl_synergy_2 : 0.478824 [31mtotal : 5.622587 [94mAcc_combined: 60.71 [94mAcc_c: 44.19 [94mAcc_g: 40.89 [97mS:[93m28.7%[97m([91m8.5c[97m-[94mF1:26.8%) [97mU1:[93m75.1%[97m([91m17.9c[97m) [97mU2:[93m51.1%[97m([91m10.1c[97m) [97mR:[93m90.6%[97m([91m24.1c[97m) [97mS-L: [92m1:[96m61% [92m2:[96m19% [92m3:[96m32% [92m4:[96m27% [92m5:[96m60% [92m6:[96m21%[39m [34mF1_perclass: 67.9-71.7-55.2-58.4-67.1-67.6-24.3 [39m[39m
2026-01-15 19:12:23,762 - Agent - INFO - [37mTest Epoch 9 step 9 with [31mce_loss_combined : 1.579157 [31mce_loss_c : 1.638687 [31mce_loss_g : 1.668603 [31mce_mask0 : 1.586439 [31mce_mask1 : 1.574445 [31mkl_synergy_1 : 0.467223 [31mkl_synergy_2 : 0.468893 [31mtotal : 5.676157 [94mAcc_combined: 56.17 [94mAcc_c: 40.60 [94mAcc_g: 40.16 [97mS:[93m22.2%[97m([91m6.3c[97m-[94mF1:18.2%) [97mU1:[93m67.0%[97m([91m16.2c[97m) [97mU2:[93m54.8%[97m([91m13.3c[97m) [97mR:[93m88.8%[97m([91m20.2c[97m) [97mS-L: [92m1:[96m38% [92m2:[96m16% [92m3:[96m25% [92m4:[96m21% [92m5:[96m43% [92m6:[96m21%[39m [34mF1_perclass: 60.0-69.7-51.5-49.8-61.4-60.1-28.2 [39m[39m
2026-01-15 19:12:23,763 - Agent - INFO - Total number of trainable parameters are: 22487018
2026-01-15 19:13:51,699 - Agent - INFO - [37mVal Epoch 10 step 10 with [31mce_loss_combined : 1.539008 [31mce_loss_c : 1.546077 [31mce_loss_g : 1.530214 [31mce_mask0 : 1.540061 [31mce_mask1 : 1.540718 [31mkl_synergy_1 : 0.463150 [31mkl_synergy_2 : 0.413425 [31mtotal : 5.496362 [94mAcc_combined: 59.45 [94mAcc_c: 47.84 [94mAcc_g: 40.32 [97mS:[93m33.7%[97m([91m10.0c[97m-[94mF1:27.2%) [97mU1:[93m69.4%[97m([91m16.5c[97m) [97mU2:[93m48.3%[97m([91m9.6c[97m) [97mR:[93m87.6%[97m([91m23.3c[97m) [97mS-L: [92m0:[96m25% [92m1:[96m65% [92m2:[96m22% [92m3:[96m29% [92m4:[96m30% [92m5:[96m10% [92m6:[96m38%[39m [34mF1_perclass: 62.7-72.3-47.8-58.4-64.2-75.1-33.1 [39m[39m
2026-01-15 19:13:51,736 - Agent - INFO - [37mTest Epoch 10 step 10 with [31mce_loss_combined : 1.551652 [31mce_loss_c : 1.549116 [31mce_loss_g : 1.665703 [31mce_mask0 : 1.544931 [31mce_mask1 : 1.560680 [31mkl_synergy_1 : 0.459817 [31mkl_synergy_2 : 0.404329 [31mtotal : 5.521408 [94mAcc_combined: 57.06 [94mAcc_c: 45.72 [94mAcc_g: 39.71 [97mS:[93m28.8%[97m([91m8.2c[97m-[94mF1:19.8%) [97mU1:[93m67.9%[97m([91m16.5c[97m) [97mU2:[93m53.9%[97m([91m13.1c[97m) [97mR:[93m84.4%[97m([91m19.2c[97m) [97mS-L: [92m1:[96m50% [92m2:[96m16% [92m3:[96m39% [92m4:[96m17% [92m5:[96m10% [92m6:[96m37%[39m [34mF1_perclass: 60.2-69.5-52.6-50.9-59.4-65.9-36.2 [39m[39m
2026-01-15 19:13:52,808 - Agent - INFO - Total number of trainable parameters are: 22487018
2026-01-15 19:15:22,029 - Agent - INFO - [37mVal Epoch 11 step 11 with [31mce_loss_combined : 1.566257 [31mce_loss_c : 1.573606 [31mce_loss_g : 1.552239 [31mce_mask0 : 1.567227 [31mce_mask1 : 1.568579 [31mkl_synergy_1 : 0.442616 [31mkl_synergy_2 : 0.381674 [31mtotal : 5.526354 [94mAcc_combined: 57.18 [94mAcc_c: 43.74 [94mAcc_g: 41.34 [97mS:[93m30.3%[97m([91m9.0c[97m-[94mF1:26.3%) [97mU1:[93m68.4%[97m([91m16.3c[97m) [97mU2:[93m44.3%[97m([91m8.8c[97m) [97mR:[93m86.8%[97m([91m23.1c[97m) [97mS-L: [92m0:[96m25% [92m1:[96m52% [92m2:[96m5% [92m3:[96m19% [92m4:[96m40% [92m5:[96m30% [92m6:[96m34%[39m [34mF1_perclass: 64.1-72.3-29.2-51.3-60.6-77.4-30.1 [39m[39m
2026-01-15 19:15:22,108 - Agent - INFO - [37mTest Epoch 11 step 11 with [31mce_loss_combined : 1.592088 [31mce_loss_c : 1.599517 [31mce_loss_g : 1.665263 [31mce_mask0 : 1.593750 [31mce_mask1 : 1.581437 [31mkl_synergy_1 : 0.414516 [31mkl_synergy_2 : 0.351197 [31mtotal : 5.532987 [94mAcc_combined: 54.84 [94mAcc_c: 41.27 [94mAcc_g: 38.60 [97mS:[93m26.5%[97m([91m7.6c[97m-[94mF1:18.2%) [97mU1:[93m66.5%[97m([91m16.1c[97m) [97mU2:[93m45.7%[97m([91m11.1c[97m) [97mR:[93m87.8%[97m([91m20.0c[97m) [97mS-L: [92m0:[96m17% [92m1:[96m62% [92m2:[96m3% [92m3:[96m14% [92m4:[96m21% [92m5:[96m19% [92m6:[96m39%[39m [34mF1_perclass: 64.6-68.9-31.8-41.4-54.6-68.3-35.8 [39m[39m
2026-01-15 19:15:22,109 - Agent - INFO - Total number of trainable parameters are: 22487018
2026-01-15 19:16:46,889 - Agent - INFO - [37mVal Epoch 12 step 12 with [31mce_loss_combined : 1.554429 [31mce_loss_c : 1.584190 [31mce_loss_g : 1.623210 [31mce_mask0 : 1.560439 [31mce_mask1 : 1.559610 [31mkl_synergy_1 : 0.529481 [31mkl_synergy_2 : 0.437511 [31mtotal : 5.641471 [94mAcc_combined: 55.47 [94mAcc_c: 46.47 [94mAcc_g: 41.12 [97mS:[93m30.7%[97m([91m9.1c[97m-[94mF1:28.4%) [97mU1:[93m69.9%[97m([91m16.6c[97m) [97mU2:[93m34.5%[97m([91m6.8c[97m) [97mR:[93m85.9%[97m([91m22.9c[97m) [97mS-L: [92m0:[96m50% [92m1:[96m39% [92m2:[96m16% [92m3:[96m26% [92m4:[96m10% [92m5:[96m40% [92m6:[96m38%[39m [34mF1_perclass: 57.2-68.0-45.2-50.5-63.7-70.8-33.4 [39m[39m
2026-01-15 19:16:46,919 - Agent - INFO - [37mTest Epoch 12 step 12 with [31mce_loss_combined : 1.532588 [31mce_loss_c : 1.601714 [31mce_loss_g : 1.644316 [31mce_mask0 : 1.525730 [31mce_mask1 : 1.529392 [31mkl_synergy_1 : 0.516299 [31mkl_synergy_2 : 0.402478 [31mtotal : 5.506487 [94mAcc_combined: 54.62 [94mAcc_c: 42.60 [94mAcc_g: 41.49 [97mS:[93m29.2%[97m([91m8.3c[97m-[94mF1:18.8%) [97mU1:[93m72.5%[97m([91m17.6c[97m) [97mU2:[93m41.6%[97m([91m10.1c[97m) [97mR:[93m81.5%[97m([91m18.6c[97m) [97mS-L: [92m0:[96m42% [92m1:[96m12% [92m2:[96m3% [92m3:[96m19% [92m4:[96m4% [92m5:[96m48% [92m6:[96m42%[39m [34mF1_perclass: 64.0-60.9-47.2-47.4-50.9-69.5-35.9 [39m[39m
2026-01-15 19:16:46,920 - Agent - INFO - Total number of trainable parameters are: 22487018
2026-01-15 19:18:11,224 - Agent - INFO - [37mVal Epoch 13 step 13 with [31mce_loss_combined : 1.524094 [31mce_loss_c : 1.631345 [31mce_loss_g : 1.494759 [31mce_mask0 : 1.540049 [31mce_mask1 : 1.533450 [31mkl_synergy_1 : 0.541690 [31mkl_synergy_2 : 0.421113 [31mtotal : 5.560394 [94mAcc_combined: 57.97 [94mAcc_c: 47.95 [94mAcc_g: 46.70 [97mS:[93m30.3%[97m([91m9.0c[97m-[94mF1:28.9%) [97mU1:[93m71.8%[97m([91m17.1c[97m) [97mU2:[93m43.1%[97m([91m8.5c[97m) [97mR:[93m87.6%[97m([91m23.3c[97m) [97mS-L: [92m0:[96m25% [92m1:[96m43% [92m2:[96m27% [92m3:[96m42% [92m4:[96m13% [92m5:[96m55% [92m6:[96m26%[39m [34mF1_perclass: 63.8-65.9-49.2-57.3-67.3-71.2-27.5 [39m[39m
2026-01-15 19:18:11,254 - Agent - INFO - [37mTest Epoch 13 step 13 with [31mce_loss_combined : 1.530305 [31mce_loss_c : 1.635538 [31mce_loss_g : 1.570414 [31mce_mask0 : 1.530223 [31mce_mask1 : 1.527474 [31mkl_synergy_1 : 0.518542 [31mkl_synergy_2 : 0.413855 [31mtotal : 5.520398 [94mAcc_combined: 55.06 [94mAcc_c: 43.72 [94mAcc_g: 46.72 [97mS:[93m28.0%[97m([91m8.0c[97m-[94mF1:20.5%) [97mU1:[93m72.9%[97m([91m17.7c[97m) [97mU2:[93m44.7%[97m([91m10.9c[97m) [97mR:[93m81.0%[97m([91m18.5c[97m) [97mS-L: [92m1:[96m25% [92m2:[96m18% [92m3:[96m39% [92m4:[96m8% [92m5:[96m38% [92m6:[96m33%[39m [34mF1_perclass: 64.2-60.2-55.7-49.7-55.2-65.7-33.5 [39m[39m
2026-01-15 19:18:11,255 - Agent - INFO - Total number of trainable parameters are: 22487018
2026-01-15 19:19:42,118 - Agent - INFO - [37mVal Epoch 14 step 14 with [31mce_loss_combined : 1.520713 [31mce_loss_c : 1.637936 [31mce_loss_g : 1.475250 [31mce_mask0 : 1.533399 [31mce_mask1 : 1.536892 [31mkl_synergy_1 : 0.538515 [31mkl_synergy_2 : 0.420622 [31mtotal : 5.550140 [94mAcc_combined: 60.25 [94mAcc_c: 47.15 [94mAcc_g: 45.10 [97mS:[93m34.9%[97m([91m10.4c[97m-[94mF1:32.1%) [97mU1:[93m76.1%[97m([91m18.1c[97m) [97mU2:[93m40.8%[97m([91m8.1c[97m) [97mR:[93m88.9%[97m([91m23.7c[97m) [97mS-L: [92m0:[96m25% [92m1:[96m65% [92m2:[96m24% [92m3:[96m29% [92m4:[96m27% [92m5:[96m40% [92m6:[96m35%[39m [34mF1_perclass: 66.0-72.1-50.6-56.4-65.1-76.5-32.6 [39m[39m
2026-01-15 19:19:42,192 - Agent - INFO - [37mTest Epoch 14 step 14 with [31mce_loss_combined : 1.543860 [31mce_loss_c : 1.636580 [31mce_loss_g : 1.623389 [31mce_mask0 : 1.537258 [31mce_mask1 : 1.545942 [31mkl_synergy_1 : 0.500522 [31mkl_synergy_2 : 0.386471 [31mtotal : 5.514052 [94mAcc_combined: 54.51 [94mAcc_c: 43.38 [94mAcc_g: 41.94 [97mS:[93m27.6%[97m([91m7.9c[97m-[94mF1:20.2%) [97mU1:[93m71.6%[97m([91m17.4c[97m) [97mU2:[93m41.6%[97m([91m10.1c[97m) [97mR:[93m83.9%[97m([91m19.1c[97m) [97mS-L: [92m1:[96m50% [92m2:[96m16% [92m3:[96m33% [92m4:[96m12% [92m5:[96m24% [92m6:[96m35%[39m [34mF1_perclass: 60.3-63.2-50.8-47.7-54.3-66.9-35.2 [39m[39m
2026-01-15 19:19:42,193 - Agent - INFO - Total number of trainable parameters are: 22487018
2026-01-15 19:21:07,772 - Agent - INFO - [37mVal Epoch 15 step 15 with [31mce_loss_combined : 1.531983 [31mce_loss_c : 1.646158 [31mce_loss_g : 1.481127 [31mce_mask0 : 1.532940 [31mce_mask1 : 1.537796 [31mkl_synergy_1 : 0.522802 [31mkl_synergy_2 : 0.401087 [31mtotal : 5.526608 [94mAcc_combined: 58.88 [94mAcc_c: 46.13 [94mAcc_g: 44.87 [97mS:[93m31.8%[97m([91m9.5c[97m-[94mF1:29.5%) [97mU1:[93m73.7%[97m([91m17.5c[97m) [97mU2:[93m42.0%[97m([91m8.3c[97m) [97mR:[93m88.5%[97m([91m23.6c[97m) [97mS-L: [92m0:[96m25% [92m1:[96m57% [92m2:[96m22% [92m3:[96m29% [92m4:[96m27% [92m5:[96m45% [92m6:[96m30%[39m [34mF1_perclass: 63.9-68.4-48.2-56.5-64.1-76.2-29.0 [39m[39m
2026-01-15 19:21:07,815 - Agent - INFO - [37mTest Epoch 15 step 15 with [31mce_loss_combined : 1.543764 [31mce_loss_c : 1.645793 [31mce_loss_g : 1.596769 [31mce_mask0 : 1.564518 [31mce_mask1 : 1.564327 [31mkl_synergy_1 : 0.510729 [31mkl_synergy_2 : 0.387916 [31mtotal : 5.571254 [94mAcc_combined: 55.39 [94mAcc_c: 43.49 [94mAcc_g: 43.38 [97mS:[93m26.5%[97m([91m7.6c[97m-[94mF1:20.0%) [97mU1:[93m73.4%[97m([91m17.8c[97m) [97mU2:[93m44.3%[97m([91m10.8c[97m) [97mR:[93m84.4%[97m([91m19.2c[97m) [97mS-L: [92m1:[96m50% [92m2:[96m16% [92m3:[96m33% [92m4:[96m17% [92m5:[96m24% [92m6:[96m31%[39m [34mF1_perclass: 61.2-61.5-50.6-49.6-57.0-68.6-34.1 [39m[39m
2026-01-15 19:21:07,817 - Agent - INFO - Total number of trainable parameters are: 22487018
2026-01-15 19:22:36,388 - Agent - INFO - [37mVal Epoch 16 step 16 with [31mce_loss_combined : 1.614169 [31mce_loss_c : 1.657269 [31mce_loss_g : 1.578352 [31mce_mask0 : 1.616893 [31mce_mask1 : 1.617713 [31mkl_synergy_1 : 0.542405 [31mkl_synergy_2 : 0.414268 [31mtotal : 5.805449 [94mAcc_combined: 49.77 [94mAcc_c: 44.53 [94mAcc_g: 37.02 [97mS:[93m36.8%[97m([91m10.9c[97m-[94mF1:26.8%) [97mU1:[93m62.7%[97m([91m14.9c[97m) [97mU2:[93m26.4%[97m([91m5.2c[97m) [97mR:[93m70.1%[97m([91m18.7c[97m) [97mS-L: [92m0:[96m25% [92m1:[96m35% [92m2:[96m16% [92m3:[96m19% [92m4:[96m17% [92m5:[96m10% [92m6:[96m59%[39m [34mF1_perclass: 61.1-53.1-51.5-40.7-58.3-59.1-34.8 [39m[39m
2026-01-15 19:22:36,463 - Agent - INFO - [37mTest Epoch 16 step 16 with [31mce_loss_combined : 1.602270 [31mce_loss_c : 1.654759 [31mce_loss_g : 1.617367 [31mce_mask0 : 1.590638 [31mce_mask1 : 1.613770 [31mkl_synergy_1 : 0.471690 [31mkl_synergy_2 : 0.364472 [31mtotal : 5.642841 [94mAcc_combined: 51.72 [94mAcc_c: 41.60 [94mAcc_g: 38.71 [97mS:[93m35.4%[97m([91m10.1c[97m-[94mF1:20.4%) [97mU1:[93m65.6%[97m([91m15.9c[97m) [97mU2:[93m37.4%[97m([91m9.1c[97m) [97mR:[93m72.7%[97m([91m16.6c[97m) [97mS-L: [92m0:[96m17% [92m1:[96m25% [92m2:[96m18% [92m3:[96m11% [92m4:[96m17% [92m5:[96m5% [92m6:[96m60%[39m [34mF1_perclass: 62.8-64.7-51.7-37.0-50.7-61.3-39.1 [39m[39m
2026-01-15 19:22:37,474 - Agent - INFO - [37mModel saved successfully at: /esat/smcdata/users/kkontras/Image_Dataset/no_backup/data/2025_data/synergy/CremadPlus/v2/SynIB_RMask_fold0_l1_vldsyn_accuracy_fillema_lsparse5_lr0.0001_wd0.0001_clsmlp_bs64.pth.tar[39m
2026-01-15 19:22:37,482 - Agent - INFO - Total number of trainable parameters are: 22487018
2026-01-15 19:24:08,245 - Agent - INFO - [37mVal Epoch 17 step 17 with [31mce_loss_combined : 1.554199 [31mce_loss_c : 1.624262 [31mce_loss_g : 1.606432 [31mce_mask0 : 1.555346 [31mce_mask1 : 1.558178 [31mkl_synergy_1 : 0.505750 [31mkl_synergy_2 : 0.413502 [31mtotal : 5.586975 [94mAcc_combined: 56.15 [94mAcc_c: 46.92 [94mAcc_g: 41.80 [97mS:[93m26.8%[97m([91m8.0c[97m-[94mF1:24.8%) [97mU1:[93m67.5%[97m([91m16.1c[97m) [97mU2:[93m44.8%[97m([91m8.9c[97m) [97mR:[93m87.2%[97m([91m23.2c[97m) [97mS-L: [92m0:[96m25% [92m1:[96m74% [92m2:[96m11% [92m3:[96m45% [92m4:[96m17% [92m5:[96m30% [92m6:[96m20%[39m [34mF1_perclass: 64.6-66.3-36.9-51.3-62.9-72.1-25.2 [39m[39m
2026-01-15 19:24:08,299 - Agent - INFO - [37mTest Epoch 17 step 17 with [31mce_loss_combined : 1.599733 [31mce_loss_c : 1.619307 [31mce_loss_g : 1.857785 [31mce_mask0 : 1.614172 [31mce_mask1 : 1.628657 [31mkl_synergy_1 : 0.477022 [31mkl_synergy_2 : 0.402880 [31mtotal : 5.722464 [94mAcc_combined: 49.50 [94mAcc_c: 42.83 [94mAcc_g: 38.15 [97mS:[93m24.5%[97m([91m7.0c[97m-[94mF1:16.6%) [97mU1:[93m59.2%[97m([91m14.3c[97m) [97mU2:[93m42.5%[97m([91m10.3c[97m) [97mR:[93m78.0%[97m([91m17.8c[97m) [97mS-L: [92m1:[96m38% [92m2:[96m5% [92m3:[96m50% [92m4:[96m4% [92m5:[96m29% [92m6:[96m28%[39m [34mF1_perclass: 59.0-54.9-34.4-45.5-48.4-61.6-31.1 [39m[39m
2026-01-15 19:24:08,301 - Agent - INFO - Total number of trainable parameters are: 22487018
2026-01-15 19:25:33,289 - Agent - INFO - [37mVal Epoch 18 step 18 with [31mce_loss_combined : 1.532585 [31mce_loss_c : 1.669527 [31mce_loss_g : 1.504719 [31mce_mask0 : 1.538040 [31mce_mask1 : 1.539340 [31mkl_synergy_1 : 0.501587 [31mkl_synergy_2 : 0.417586 [31mtotal : 5.529138 [94mAcc_combined: 57.63 [94mAcc_c: 41.91 [94mAcc_g: 43.39 [97mS:[93m38.7%[97m([91m11.5c[97m-[94mF1:31.2%) [97mU1:[93m69.4%[97m([91m16.5c[97m) [97mU2:[93m40.2%[97m([91m8.0c[97m) [97mR:[93m81.2%[97m([91m21.6c[97m) [97mS-L: [92m0:[96m25% [92m1:[96m65% [92m2:[96m19% [92m3:[96m23% [92m4:[96m30% [92m5:[96m25% [92m6:[96m49%[39m [34mF1_perclass: 64.9-68.8-49.1-44.3-67.4-74.6-35.8 [39m[39m
2026-01-15 19:25:33,313 - Agent - INFO - [37mTest Epoch 18 step 18 with [31mce_loss_combined : 1.579547 [31mce_loss_c : 1.675438 [31mce_loss_g : 1.638374 [31mce_mask0 : 1.595791 [31mce_mask1 : 1.598135 [31mkl_synergy_1 : 0.510682 [31mkl_synergy_2 : 0.425166 [31mtotal : 5.709320 [94mAcc_combined: 51.17 [94mAcc_c: 35.93 [94mAcc_g: 40.16 [97mS:[93m32.7%[97m([91m9.3c[97m-[94mF1:19.3%) [97mU1:[93m61.0%[97m([91m14.8c[97m) [97mU2:[93m38.8%[97m([91m9.5c[97m) [97mR:[93m77.1%[97m([91m17.6c[97m) [97mS-L: [92m1:[96m50% [92m2:[96m8% [92m3:[96m14% [92m4:[96m21% [92m5:[96m14% [92m6:[96m54%[39m [34mF1_perclass: 59.0-58.2-45.5-37.9-61.1-61.2-38.1 [39m[39m
2026-01-15 19:25:34,163 - Agent - INFO - [37mModel saved successfully at: /esat/smcdata/users/kkontras/Image_Dataset/no_backup/data/2025_data/synergy/CremadPlus/v2/SynIB_RMask_fold0_l1_vldsyn_accuracy_fillema_lsparse5_lr0.0001_wd0.0001_clsmlp_bs64.pth.tar[39m
2026-01-15 19:25:34,166 - Agent - INFO - Total number of trainable parameters are: 22487018
2026-01-15 19:26:58,172 - Agent - INFO - [37mVal Epoch 19 step 19 with [31mce_loss_combined : 1.530106 [31mce_loss_c : 1.670794 [31mce_loss_g : 1.585443 [31mce_mask0 : 1.534004 [31mce_mask1 : 1.533484 [31mkl_synergy_1 : 0.521014 [31mkl_synergy_2 : 0.419949 [31mtotal : 5.538558 [94mAcc_combined: 57.06 [94mAcc_c: 44.99 [94mAcc_g: 38.72 [97mS:[93m34.1%[97m([91m10.1c[97m-[94mF1:28.8%) [97mU1:[93m68.9%[97m([91m16.4c[97m) [97mU2:[93m38.5%[97m([91m7.6c[97m) [97mR:[93m85.9%[97m([91m22.9c[97m) [97mS-L: [92m0:[96m50% [92m1:[96m61% [92m2:[96m11% [92m3:[96m32% [92m4:[96m20% [92m5:[96m15% [92m6:[96m43%[39m [34mF1_perclass: 61.9-68.1-41.7-54.3-62.1-74.1-37.3 [39m[39m
2026-01-15 19:26:58,216 - Agent - INFO - [37mTest Epoch 19 step 19 with [31mce_loss_combined : 1.513021 [31mce_loss_c : 1.663696 [31mce_loss_g : 1.609919 [31mce_mask0 : 1.528395 [31mce_mask1 : 1.526076 [31mkl_synergy_1 : 0.508864 [31mkl_synergy_2 : 0.414709 [31mtotal : 5.491066 [94mAcc_combined: 53.50 [94mAcc_c: 39.49 [94mAcc_g: 42.16 [97mS:[93m26.1%[97m([91m7.5c[97m-[94mF1:17.0%) [97mU1:[93m70.2%[97m([91m17.0c[97m) [97mU2:[93m42.0%[97m([91m10.2c[97m) [97mR:[93m82.4%[97m([91m18.8c[97m) [97mS-L: [92m0:[96m8% [92m1:[96m25% [92m2:[96m11% [92m3:[96m22% [92m4:[96m4% [92m5:[96m19% [92m6:[96m40%[39m [34mF1_perclass: 60.5-64.8-43.7-46.8-50.3-70.9-36.0 [39m[39m
2026-01-15 19:26:58,217 - Agent - INFO - Total number of trainable parameters are: 22487018
2026-01-15 19:28:23,895 - Agent - INFO - [37mVal Epoch 20 step 20 with [31mce_loss_combined : 1.505735 [31mce_loss_c : 1.611951 [31mce_loss_g : 1.505037 [31mce_mask0 : 1.514768 [31mce_mask1 : 1.512121 [31mkl_synergy_1 : 0.518544 [31mkl_synergy_2 : 0.384225 [31mtotal : 5.435392 [94mAcc_combined: 57.97 [94mAcc_c: 43.85 [94mAcc_g: 44.76 [97mS:[93m39.1%[97m([91m11.6c[97m-[94mF1:31.0%) [97mU1:[93m72.7%[97m([91m17.3c[97m) [97mU2:[93m33.3%[97m([91m6.6c[97m) [97mR:[93m84.2%[97m([91m22.4c[97m) [97mS-L: [92m0:[96m50% [92m1:[96m52% [92m2:[96m19% [92m3:[96m23% [92m4:[96m10% [92m5:[96m40% [92m6:[96m54%[39m [34mF1_perclass: 67.8-70.3-51.9-48.7-55.9-74.4-37.6 [39m[39m
2026-01-15 19:28:23,967 - Agent - INFO - [37mTest Epoch 20 step 20 with [31mce_loss_combined : 1.528228 [31mce_loss_c : 1.630962 [31mce_loss_g : 1.592397 [31mce_mask0 : 1.534596 [31mce_mask1 : 1.541142 [31mkl_synergy_1 : 0.482537 [31mkl_synergy_2 : 0.356043 [31mtotal : 5.442546 [94mAcc_combined: 55.39 [94mAcc_c: 40.27 [94mAcc_g: 41.94 [97mS:[93m26.8%[97m([91m7.7c[97m-[94mF1:15.2%) [97mU1:[93m76.1%[97m([91m18.5c[97m) [97mU2:[93m42.9%[97m([91m10.5c[97m) [97mR:[93m82.4%[97m([91m18.8c[97m) [97mS-L: [92m0:[96m8% [92m1:[96m25% [92m2:[96m8% [92m3:[96m8% [92m5:[96m33% [92m6:[96m45%[39m [34mF1_perclass: 66.9-70.5-49.7-42.9-44.2-66.1-38.4 [39m[39m
2026-01-15 19:28:24,953 - Agent - INFO - [37mModel saved successfully at: /esat/smcdata/users/kkontras/Image_Dataset/no_backup/data/2025_data/synergy/CremadPlus/v2/SynIB_RMask_fold0_l1_vldsyn_accuracy_fillema_lsparse5_lr0.0001_wd0.0001_clsmlp_bs64.pth.tar[39m
2026-01-15 19:28:24,962 - Agent - INFO - Total number of trainable parameters are: 22487018
2026-01-15 19:29:56,152 - Agent - INFO - [37mVal Epoch 21 step 21 with [31mce_loss_combined : 1.518820 [31mce_loss_c : 1.637583 [31mce_loss_g : 1.608943 [31mce_mask0 : 1.526783 [31mce_mask1 : 1.529217 [31mkl_synergy_1 : 0.562324 [31mkl_synergy_2 : 0.381827 [31mtotal : 5.518970 [94mAcc_combined: 57.52 [94mAcc_c: 45.10 [94mAcc_g: 38.50 [97mS:[93m29.1%[97m([91m8.7c[97m-[94mF1:25.7%) [97mU1:[93m74.2%[97m([91m17.7c[97m) [97mU2:[93m39.7%[97m([91m7.9c[97m) [97mR:[93m87.6%[97m([91m23.3c[97m) [97mS-L: [92m0:[96m50% [92m1:[96m52% [92m2:[96m22% [92m3:[96m26% [92m4:[96m10% [92m5:[96m40% [92m6:[96m30%[39m [34mF1_perclass: 62.9-67.3-50.5-54.0-58.7-71.5-31.7 [39m[39m
2026-01-15 19:29:56,179 - Agent - INFO - [37mTest Epoch 21 step 21 with [31mce_loss_combined : 1.532179 [31mce_loss_c : 1.629153 [31mce_loss_g : 1.801888 [31mce_mask0 : 1.548891 [31mce_mask1 : 1.548562 [31mkl_synergy_1 : 0.525937 [31mkl_synergy_2 : 0.355583 [31mtotal : 5.511152 [94mAcc_combined: 52.84 [94mAcc_c: 41.60 [94mAcc_g: 37.15 [97mS:[93m21.4%[97m([91m6.1c[97m-[94mF1:16.0%) [97mU1:[93m72.0%[97m([91m17.5c[97m) [97mU2:[93m45.2%[97m([91m11.0c[97m) [97mR:[93m80.0%[97m([91m18.2c[97m) [97mS-L: [92m0:[96m17% [92m1:[96m38% [92m2:[96m16% [92m3:[96m11% [92m4:[96m4% [92m5:[96m33% [92m6:[96m27%[39m [34mF1_perclass: 64.4-64.9-49.2-43.2-41.0-63.6-29.4 [39m[39m
2026-01-15 19:29:56,180 - Agent - INFO - Total number of trainable parameters are: 22487018
2026-01-15 19:31:21,149 - Agent - INFO - [37mVal Epoch 22 step 22 with [31mce_loss_combined : 1.510819 [31mce_loss_c : 1.669167 [31mce_loss_g : 1.485240 [31mce_mask0 : 1.518449 [31mce_mask1 : 1.513952 [31mkl_synergy_1 : 0.516680 [31mkl_synergy_2 : 0.371784 [31mtotal : 5.431684 [94mAcc_combined: 57.63 [94mAcc_c: 46.01 [94mAcc_g: 44.31 [97mS:[93m34.9%[97m([91m10.4c[97m-[94mF1:31.9%) [97mU1:[93m76.1%[97m([91m18.1c[97m) [97mU2:[93m37.9%[97m([91m7.5c[97m) [97mR:[93m81.2%[97m([91m21.6c[97m) [97mS-L: [92m0:[96m25% [92m1:[96m52% [92m2:[96m19% [92m3:[96m32% [92m4:[96m37% [92m5:[96m40% [92m6:[96m36%[39m [34mF1_perclass: 61.2-63.0-46.9-57.5-65.1-74.9-34.4 [39m[39m
2026-01-15 19:31:21,228 - Agent - INFO - [37mTest Epoch 22 step 22 with [31mce_loss_combined : 1.564763 [31mce_loss_c : 1.691265 [31mce_loss_g : 1.594581 [31mce_mask0 : 1.585111 [31mce_mask1 : 1.571313 [31mkl_synergy_1 : 0.508327 [31mkl_synergy_2 : 0.378313 [31mtotal : 5.607827 [94mAcc_combined: 52.06 [94mAcc_c: 41.60 [94mAcc_g: 43.83 [97mS:[93m25.7%[97m([91m7.3c[97m-[94mF1:16.0%) [97mU1:[93m72.0%[97m([91m17.5c[97m) [97mU2:[93m37.0%[97m([91m9.0c[97m) [97mR:[93m80.0%[97m([91m18.2c[97m) [97mS-L: [92m1:[96m12% [92m2:[96m11% [92m3:[96m14% [92m4:[96m17% [92m5:[96m24% [92m6:[96m40%[39m [34mF1_perclass: 62.6-52.9-46.8-47.8-58.7-65.3-32.6 [39m[39m
2026-01-15 19:31:21,229 - Agent - INFO - Total number of trainable parameters are: 22487018
2026-01-15 19:32:46,174 - Agent - INFO - [37mVal Epoch 23 step 23 with [31mce_loss_combined : 1.515258 [31mce_loss_c : 1.641748 [31mce_loss_g : 1.602354 [31mce_mask0 : 1.518566 [31mce_mask1 : 1.524235 [31mkl_synergy_1 : 0.522116 [31mkl_synergy_2 : 0.377873 [31mtotal : 5.458049 [94mAcc_combined: 57.06 [94mAcc_c: 45.10 [94mAcc_g: 41.23 [97mS:[93m29.9%[97m([91m8.9c[97m-[94mF1:27.9%) [97mU1:[93m74.2%[97m([91m17.7c[97m) [97mU2:[93m34.5%[97m([91m6.8c[97m) [97mR:[93m88.9%[97m([91m23.7c[97m) [97mS-L: [92m0:[96m50% [92m1:[96m48% [92m2:[96m16% [92m3:[96m39% [92m4:[96m17% [92m5:[96m40% [92m6:[96m29%[39m [34mF1_perclass: 62.2-65.2-47.8-53.5-63.1-75.0-28.6 [39m[39m
2026-01-15 19:32:46,250 - Agent - INFO - [37mTest Epoch 23 step 23 with [31mce_loss_combined : 1.500376 [31mce_loss_c : 1.658012 [31mce_loss_g : 1.603090 [31mce_mask0 : 1.502039 [31mce_mask1 : 1.507973 [31mkl_synergy_1 : 0.544134 [31mkl_synergy_2 : 0.383018 [31mtotal : 5.437540 [94mAcc_combined: 53.39 [94mAcc_c: 39.60 [94mAcc_g: 44.72 [97mS:[93m22.6%[97m([91m6.5c[97m-[94mF1:16.8%) [97mU1:[93m76.1%[97m([91m18.5c[97m) [97mU2:[93m38.8%[97m([91m9.5c[97m) [97mR:[93m83.4%[97m([91m19.0c[97m) [97mS-L: [92m0:[96m25% [92m1:[96m25% [92m2:[96m8% [92m3:[96m25% [92m4:[96m4% [92m5:[96m33% [92m6:[96m28%[39m [34mF1_perclass: 66.2-61.7-46.9-44.5-50.0-66.5-31.1 [39m[39m
2026-01-15 19:32:46,252 - Agent - INFO - Total number of trainable parameters are: 22487018
2026-01-15 19:34:12,940 - Agent - INFO - [37mVal Epoch 24 step 24 with [31mce_loss_combined : 1.505587 [31mce_loss_c : 1.663219 [31mce_loss_g : 1.644603 [31mce_mask0 : 1.514042 [31mce_mask1 : 1.509513 [31mkl_synergy_1 : 0.500401 [31mkl_synergy_2 : 0.359551 [31mtotal : 5.389094 [94mAcc_combined: 59.00 [94mAcc_c: 47.49 [94mAcc_g: 38.15 [97mS:[93m33.7%[97m([91m10.0c[97m-[94mF1:30.8%) [97mU1:[93m73.7%[97m([91m17.5c[97m) [97mU2:[93m42.5%[97m([91m8.4c[97m) [97mR:[93m86.3%[97m([91m23.0c[97m) [97mS-L: [92m0:[96m50% [92m1:[96m48% [92m2:[96m24% [92m3:[96m35% [92m4:[96m27% [92m5:[96m35% [92m6:[96m34%[39m [34mF1_perclass: 62.6-70.5-48.8-59.3-62.4-71.9-34.1 [39m[39m
2026-01-15 19:34:12,967 - Agent - INFO - [37mTest Epoch 24 step 24 with [31mce_loss_combined : 1.500429 [31mce_loss_c : 1.673864 [31mce_loss_g : 1.694120 [31mce_mask0 : 1.522391 [31mce_mask1 : 1.511034 [31mkl_synergy_1 : 0.519541 [31mkl_synergy_2 : 0.353473 [31mtotal : 5.406868 [94mAcc_combined: 54.28 [94mAcc_c: 39.38 [94mAcc_g: 42.49 [97mS:[93m24.5%[97m([91m7.0c[97m-[94mF1:18.3%) [97mU1:[93m76.1%[97m([91m18.5c[97m) [97mU2:[93m41.6%[97m([91m10.1c[97m) [97mR:[93m82.0%[97m([91m18.7c[97m) [97mS-L: [92m1:[96m25% [92m2:[96m18% [92m3:[96m17% [92m4:[96m25% [92m5:[96m29% [92m6:[96m31%[39m [34mF1_perclass: 57.7-65.1-49.5-45.0-57.0-69.0-32.7 [39m[39m
2026-01-15 19:34:12,969 - Agent - INFO - Total number of trainable parameters are: 22487018
2026-01-15 19:35:35,190 - Agent - INFO - [37mVal Epoch 25 step 25 with [31mce_loss_combined : 1.505720 [31mce_loss_c : 1.684772 [31mce_loss_g : 1.649611 [31mce_mask0 : 1.511568 [31mce_mask1 : 1.512709 [31mkl_synergy_1 : 0.534380 [31mkl_synergy_2 : 0.396413 [31mtotal : 5.460790 [94mAcc_combined: 57.63 [94mAcc_c: 43.62 [94mAcc_g: 36.67 [97mS:[93m34.1%[97m([91m10.1c[97m-[94mF1:30.6%) [97mU1:[93m71.8%[97m([91m17.1c[97m) [97mU2:[93m43.1%[97m([91m8.5c[97m) [97mR:[93m82.1%[97m([91m21.9c[97m) [97mS-L: [92m0:[96m25% [92m1:[96m43% [92m2:[96m22% [92m3:[96m32% [92m4:[96m47% [92m5:[96m20% [92m6:[96m36%[39m [34mF1_perclass: 61.1-68.7-46.1-57.7-61.4-73.1-33.6 [39m[39m
2026-01-15 19:35:35,216 - Agent - INFO - [37mTest Epoch 25 step 25 with [31mce_loss_combined : 1.501238 [31mce_loss_c : 1.691038 [31mce_loss_g : 1.659903 [31mce_mask0 : 1.499714 [31mce_mask1 : 1.523482 [31mkl_synergy_1 : 0.533515 [31mkl_synergy_2 : 0.386047 [31mtotal : 5.443996 [94mAcc_combined: 53.73 [94mAcc_c: 37.26 [94mAcc_g: 44.38 [97mS:[93m23.0%[97m([91m6.6c[97m-[94mF1:16.5%) [97mU1:[93m73.4%[97m([91m17.8c[97m) [97mU2:[93m41.6%[97m([91m10.1c[97m) [97mR:[93m84.4%[97m([91m19.2c[97m) [97mS-L: [92m0:[96m8% [92m1:[96m25% [92m2:[96m16% [92m3:[96m14% [92m4:[96m21% [92m5:[96m14% [92m6:[96m31%[39m [34mF1_perclass: 62.0-66.4-47.4-41.2-54.6-65.8-34.2 [39m[39m
2026-01-15 19:35:35,218 - Agent - INFO - Total number of trainable parameters are: 22487018
2026-01-15 19:37:05,565 - Agent - INFO - [37mVal Epoch 26 step 26 with [31mce_loss_combined : 1.503744 [31mce_loss_c : 1.688925 [31mce_loss_g : 1.588725 [31mce_mask0 : 1.511476 [31mce_mask1 : 1.503095 [31mkl_synergy_1 : 0.575819 [31mkl_synergy_2 : 0.403912 [31mtotal : 5.498046 [94mAcc_combined: 57.52 [94mAcc_c: 44.42 [94mAcc_g: 37.81 [97mS:[93m35.2%[97m([91m10.5c[97m-[94mF1:30.1%) [97mU1:[93m71.3%[97m([91m17.0c[97m) [97mU2:[93m39.1%[97m([91m7.7c[97m) [97mR:[93m83.8%[97m([91m22.3c[97m) [97mS-L: [92m0:[96m50% [92m1:[96m39% [92m2:[96m16% [92m3:[96m32% [92m4:[96m27% [92m5:[96m25% [92m6:[96m45%[39m [34mF1_perclass: 62.9-64.6-48.6-56.2-60.8-75.3-37.4 [39m[39m
2026-01-15 19:37:05,614 - Agent - INFO - [37mTest Epoch 26 step 26 with [31mce_loss_combined : 1.510149 [31mce_loss_c : 1.692359 [31mce_loss_g : 1.622666 [31mce_mask0 : 1.519442 [31mce_mask1 : 1.513315 [31mkl_synergy_1 : 0.556110 [31mkl_synergy_2 : 0.384587 [31mtotal : 5.483602 [94mAcc_combined: 52.73 [94mAcc_c: 39.04 [94mAcc_g: 43.38 [97mS:[93m23.3%[97m([91m6.7c[97m-[94mF1:14.1%) [97mU1:[93m73.4%[97m([91m17.8c[97m) [97mU2:[93m39.3%[97m([91m9.6c[97m) [97mR:[93m82.0%[97m([91m18.7c[97m) [97mS-L: [92m1:[96m12% [92m2:[96m11% [92m3:[96m14% [92m4:[96m8% [92m5:[96m19% [92m6:[96m37%[39m [34mF1_perclass: 62.7-60.6-45.7-41.6-58.3-66.2-34.8 [39m[39m
2026-01-15 19:37:05,615 - Agent - INFO - Total number of trainable parameters are: 22487018
2026-01-15 19:38:27,560 - Agent - INFO - [37mVal Epoch 27 step 27 with [31mce_loss_combined : 1.476477 [31mce_loss_c : 1.673270 [31mce_loss_g : 1.490852 [31mce_mask0 : 1.484675 [31mce_mask1 : 1.477318 [31mkl_synergy_1 : 0.590293 [31mkl_synergy_2 : 0.427006 [31mtotal : 5.455768 [94mAcc_combined: 59.11 [94mAcc_c: 46.70 [94mAcc_g: 45.33 [97mS:[93m32.2%[97m([91m9.6c[97m-[94mF1:28.3%) [97mU1:[93m73.7%[97m([91m17.5c[97m) [97mU2:[93m42.5%[97m([91m8.4c[97m) [97mR:[93m88.5%[97m([91m23.6c[97m) [97mS-L: [92m0:[96m50% [92m1:[96m48% [92m2:[96m14% [92m3:[96m32% [92m4:[96m23% [92m5:[96m20% [92m6:[96m39%[39m [34mF1_perclass: 62.7-71.7-48.4-55.7-64.4-73.7-35.2 [39m[39m
2026-01-15 19:38:27,588 - Agent - INFO - [37mTest Epoch 27 step 27 with [31mce_loss_combined : 1.513563 [31mce_loss_c : 1.682475 [31mce_loss_g : 1.582723 [31mce_mask0 : 1.506177 [31mce_mask1 : 1.513094 [31mkl_synergy_1 : 0.553723 [31mkl_synergy_2 : 0.392199 [31mtotal : 5.478756 [94mAcc_combined: 53.84 [94mAcc_c: 40.82 [94mAcc_g: 45.49 [97mS:[93m27.2%[97m([91m7.8c[97m-[94mF1:19.5%) [97mU1:[93m71.6%[97m([91m17.4c[97m) [97mU2:[93m38.8%[97m([91m9.5c[97m) [97mR:[93m84.4%[97m([91m19.2c[97m) [97mS-L: [92m0:[96m17% [92m1:[96m50% [92m2:[96m5% [92m3:[96m22% [92m4:[96m12% [92m5:[96m24% [92m6:[96m39%[39m [34mF1_perclass: 62.4-61.5-43.4-45.1-59.5-67.1-35.3 [39m[39m
2026-01-15 19:38:27,589 - Agent - INFO - Total number of trainable parameters are: 22487018
2026-01-15 19:39:47,106 - Agent - INFO - [37mVal Epoch 28 step 28 with [31mce_loss_combined : 1.470509 [31mce_loss_c : 1.670027 [31mce_loss_g : 1.509434 [31mce_mask0 : 1.481249 [31mce_mask1 : 1.479276 [31mkl_synergy_1 : 0.576642 [31mkl_synergy_2 : 0.414785 [31mtotal : 5.422460 [94mAcc_combined: 60.59 [94mAcc_c: 46.24 [94mAcc_g: 44.08 [97mS:[93m37.2%[97m([91m11.0c[97m-[94mF1:33.7%) [97mU1:[93m72.2%[97m([91m17.2c[97m) [97mU2:[93m46.0%[97m([91m9.1c[97m) [97mR:[93m87.2%[97m([91m23.2c[97m) [97mS-L: [92m0:[96m25% [92m1:[96m61% [92m2:[96m16% [92m3:[96m32% [92m4:[96m37% [92m5:[96m35% [92m6:[96m41%[39m [34mF1_perclass: 62.8-76.5-48.3-59.4-63.8-75.2-37.2 [39m[39m
2026-01-15 19:39:47,130 - Agent - INFO - [37mTest Epoch 28 step 28 with [31mce_loss_combined : 1.509827 [31mce_loss_c : 1.679340 [31mce_loss_g : 1.571563 [31mce_mask0 : 1.521350 [31mce_mask1 : 1.522713 [31mkl_synergy_1 : 0.545158 [31mkl_synergy_2 : 0.393685 [31mtotal : 5.492732 [94mAcc_combined: 54.06 [94mAcc_c: 38.82 [94mAcc_g: 45.05 [97mS:[93m26.5%[97m([91m7.6c[97m-[94mF1:18.4%) [97mU1:[93m74.8%[97m([91m18.1c[97m) [97mU2:[93m39.3%[97m([91m9.6c[97m) [97mR:[93m82.4%[97m([91m18.8c[97m) [97mS-L: [92m1:[96m50% [92m2:[96m13% [92m3:[96m19% [92m4:[96m12% [92m5:[96m19% [92m6:[96m38%[39m [34mF1_perclass: 57.9-61.7-49.2-45.6-58.7-68.7-36.2 [39m[39m
2026-01-15 19:39:47,131 - Agent - INFO - Total number of trainable parameters are: 22487018
2026-01-15 19:41:12,021 - Agent - INFO - [37mVal Epoch 29 step 29 with [31mce_loss_combined : 1.472186 [31mce_loss_c : 1.663503 [31mce_loss_g : 1.518574 [31mce_mask0 : 1.480307 [31mce_mask1 : 1.470731 [31mkl_synergy_1 : 0.560619 [31mkl_synergy_2 : 0.428636 [31mtotal : 5.412480 [94mAcc_combined: 60.02 [94mAcc_c: 48.18 [94mAcc_g: 43.05 [97mS:[93m35.6%[97m([91m10.6c[97m-[94mF1:32.8%) [97mU1:[93m71.3%[97m([91m17.0c[97m) [97mU2:[93m44.3%[97m([91m8.8c[97m) [97mR:[93m88.9%[97m([91m23.7c[97m) [97mS-L: [92m0:[96m50% [92m1:[96m65% [92m2:[96m16% [92m3:[96m32% [92m4:[96m30% [92m5:[96m35% [92m6:[96m38%[39m [34mF1_perclass: 63.7-75.4-45.9-56.4-64.7-73.5-35.6 [39m[39m
2026-01-15 19:41:12,094 - Agent - INFO - [37mTest Epoch 29 step 29 with [31mce_loss_combined : 1.511616 [31mce_loss_c : 1.673724 [31mce_loss_g : 1.588914 [31mce_mask0 : 1.514952 [31mce_mask1 : 1.505378 [31mkl_synergy_1 : 0.526620 [31mkl_synergy_2 : 0.395983 [31mtotal : 5.454548 [94mAcc_combined: 54.39 [94mAcc_c: 40.38 [94mAcc_g: 46.72 [97mS:[93m26.8%[97m([91m7.7c[97m-[94mF1:19.1%) [97mU1:[93m73.4%[97m([91m17.8c[97m) [97mU2:[93m41.1%[97m([91m10.0c[97m) [97mR:[93m82.9%[97m([91m18.9c[97m) [97mS-L: [92m1:[96m38% [92m2:[96m13% [92m3:[96m19% [92m4:[96m17% [92m5:[96m29% [92m6:[96m37%[39m [34mF1_perclass: 58.5-64.0-46.4-43.1-59.0-70.6-35.6 [39m[39m
2026-01-15 19:41:12,096 - Agent - INFO - Total number of trainable parameters are: 22487018
2026-01-15 19:42:38,522 - Agent - INFO - [37mVal Epoch 30 step 30 with [31mce_loss_combined : 1.473223 [31mce_loss_c : 1.667508 [31mce_loss_g : 1.528316 [31mce_mask0 : 1.487616 [31mce_mask1 : 1.480792 [31mkl_synergy_1 : 0.559666 [31mkl_synergy_2 : 0.410522 [31mtotal : 5.411819 [94mAcc_combined: 61.16 [94mAcc_c: 47.04 [94mAcc_g: 42.60 [97mS:[93m38.7%[97m([91m11.5c[97m-[94mF1:35.0%) [97mU1:[93m74.6%[97m([91m17.8c[97m) [97mU2:[93m43.7%[97m([91m8.7c[97m) [97mR:[93m87.2%[97m([91m23.2c[97m) [97mS-L: [92m0:[96m50% [92m1:[96m70% [92m2:[96m19% [92m3:[96m32% [92m4:[96m33% [92m5:[96m40% [92m6:[96m41%[39m [34mF1_perclass: 64.1-75.2-48.1-57.0-65.4-75.3-38.5 [39m[39m
2026-01-15 19:42:38,564 - Agent - INFO - [37mTest Epoch 30 step 30 with [31mce_loss_combined : 1.518052 [31mce_loss_c : 1.680662 [31mce_loss_g : 1.590464 [31mce_mask0 : 1.530606 [31mce_mask1 : 1.519977 [31mkl_synergy_1 : 0.542179 [31mkl_synergy_2 : 0.396192 [31mtotal : 5.507007 [94mAcc_combined: 54.51 [94mAcc_c: 39.49 [94mAcc_g: 45.94 [97mS:[93m25.7%[97m([91m7.3c[97m-[94mF1:17.6%) [97mU1:[93m72.9%[97m([91m17.7c[97m) [97mU2:[93m42.0%[97m([91m10.2c[97m) [97mR:[93m84.4%[97m([91m19.2c[97m) [97mS-L: [92m1:[96m50% [92m2:[96m13% [92m3:[96m17% [92m4:[96m12% [92m5:[96m19% [92m6:[96m37%[39m [34mF1_perclass: 60.7-63.8-48.4-42.0-56.3-69.4-36.3 [39m[39m
2026-01-15 19:42:39,763 - Agent - INFO - Total number of trainable parameters are: 22487018
2026-01-15 19:44:07,849 - Agent - INFO - [37mVal Epoch 31 step 31 with [31mce_loss_combined : 1.476466 [31mce_loss_c : 1.668579 [31mce_loss_g : 1.528912 [31mce_mask0 : 1.482408 [31mce_mask1 : 1.484242 [31mkl_synergy_1 : 0.576261 [31mkl_synergy_2 : 0.418819 [31mtotal : 5.438196 [94mAcc_combined: 60.02 [94mAcc_c: 46.13 [94mAcc_g: 43.05 [97mS:[93m34.9%[97m([91m10.4c[97m-[94mF1:32.2%) [97mU1:[93m73.2%[97m([91m17.4c[97m) [97mU2:[93m44.8%[97m([91m8.9c[97m) [97mR:[93m87.6%[97m([91m23.3c[97m) [97mS-L: [92m0:[96m50% [92m1:[96m70% [92m2:[96m14% [92m3:[96m32% [92m4:[96m33% [92m5:[96m40% [92m6:[96m34%[39m [34mF1_perclass: 62.4-74.0-45.1-57.8-63.3-75.4-34.2 [39m[39m
2026-01-15 19:44:07,876 - Agent - INFO - [37mTest Epoch 31 step 31 with [31mce_loss_combined : 1.527157 [31mce_loss_c : 1.682825 [31mce_loss_g : 1.611665 [31mce_mask0 : 1.529081 [31mce_mask1 : 1.546585 [31mkl_synergy_1 : 0.551456 [31mkl_synergy_2 : 0.423777 [31mtotal : 5.578057 [94mAcc_combined: 54.17 [94mAcc_c: 39.60 [94mAcc_g: 45.38 [97mS:[93m25.7%[97m([91m7.3c[97m-[94mF1:18.3%) [97mU1:[93m71.1%[97m([91m17.2c[97m) [97mU2:[93m40.6%[97m([91m9.9c[97m) [97mR:[93m86.3%[97m([91m19.7c[97m) [97mS-L: [92m1:[96m50% [92m2:[96m13% [92m3:[96m17% [92m4:[96m17% [92m5:[96m24% [92m6:[96m36%[39m [34mF1_perclass: 59.8-63.4-44.4-42.0-57.0-70.4-34.2 [39m[39m
2026-01-15 19:44:07,877 - Agent - INFO - Total number of trainable parameters are: 22487018
2026-01-15 19:45:35,326 - Agent - INFO - [37mVal Epoch 32 step 32 with [31mce_loss_combined : 1.627289 [31mce_loss_c : 1.659399 [31mce_loss_g : 1.852421 [31mce_mask0 : 1.633627 [31mce_mask1 : 1.634959 [31mkl_synergy_1 : 0.447650 [31mkl_synergy_2 : 0.387703 [31mtotal : 5.731228 [94mAcc_combined: 53.42 [94mAcc_c: 45.33 [94mAcc_g: 34.17 [97mS:[93m25.7%[97m([91m7.6c[97m-[94mF1:22.5%) [97mU1:[93m62.7%[97m([91m14.9c[97m) [97mU2:[93m45.4%[97m([91m9.0c[97m) [97mR:[93m82.1%[97m([91m21.9c[97m) [97mS-L: [92m0:[96m25% [92m1:[96m83% [92m2:[96m5% [92m3:[96m29% [92m4:[96m47% [92m5:[96m15% [92m6:[96m16%[39m [34mF1_perclass: 58.2-64.9-31.6-48.2-60.4-68.7-20.0 [39m[39m
2026-01-15 19:45:35,350 - Agent - INFO - [37mTest Epoch 32 step 32 with [31mce_loss_combined : 1.700895 [31mce_loss_c : 1.668277 [31mce_loss_g : 2.019353 [31mce_mask0 : 1.706523 [31mce_mask1 : 1.707103 [31mkl_synergy_1 : 0.444967 [31mkl_synergy_2 : 0.395267 [31mtotal : 5.954755 [94mAcc_combined: 44.94 [94mAcc_c: 40.71 [94mAcc_g: 28.59 [97mS:[93m16.0%[97m([91m4.6c[97m-[94mF1:12.8%) [97mU1:[93m52.8%[97m([91m12.8c[97m) [97mU2:[93m43.4%[97m([91m10.6c[97m) [97mR:[93m74.6%[97m([91m17.0c[97m) [97mS-L: [92m0:[96m8% [92m1:[96m75% [92m2:[96m3% [92m3:[96m31% [92m4:[96m21% [92m5:[96m5% [92m6:[96m14%[39m [34mF1_perclass: 51.7-52.3-30.0-37.5-53.3-57.5-16.3 [39m[39m
2026-01-15 19:45:35,351 - Agent - INFO - Total number of trainable parameters are: 22487018
2026-01-15 19:47:03,269 - Agent - INFO - [37mVal Epoch 33 step 33 with [31mce_loss_combined : 1.562596 [31mce_loss_c : 1.656497 [31mce_loss_g : 1.633469 [31mce_mask0 : 1.575204 [31mce_mask1 : 1.567533 [31mkl_synergy_1 : 0.449609 [31mkl_synergy_2 : 0.348112 [31mtotal : 5.503053 [94mAcc_combined: 53.30 [94mAcc_c: 46.13 [94mAcc_g: 39.41 [97mS:[93m21.1%[97m([91m6.3c[97m-[94mF1:21.8%) [97mU1:[93m66.0%[97m([91m15.7c[97m) [97mU2:[93m43.1%[97m([91m8.5c[97m) [97mR:[93m85.5%[97m([91m22.8c[97m) [97mS-L: [92m0:[96m50% [92m1:[96m30% [92m2:[96m5% [92m3:[96m42% [92m4:[96m20% [92m5:[96m40% [92m6:[96m15%[39m [34mF1_perclass: 60.6-56.9-37.1-51.6-63.1-71.5-17.8 [39m[39m
2026-01-15 19:47:03,293 - Agent - INFO - [37mTest Epoch 33 step 33 with [31mce_loss_combined : 1.546240 [31mce_loss_c : 1.656289 [31mce_loss_g : 1.605583 [31mce_mask0 : 1.549016 [31mce_mask1 : 1.552299 [31mkl_synergy_1 : 0.446900 [31mkl_synergy_2 : 0.344119 [31mtotal : 5.438574 [94mAcc_combined: 53.73 [94mAcc_c: 43.27 [94mAcc_g: 45.94 [97mS:[93m23.0%[97m([91m6.6c[97m-[94mF1:18.5%) [97mU1:[93m69.3%[97m([91m16.8c[97m) [97mU2:[93m45.2%[97m([91m11.0c[97m) [97mR:[93m84.9%[97m([91m19.4c[97m) [97mS-L: [92m0:[96m8% [92m1:[96m25% [92m2:[96m5% [92m3:[96m47% [92m4:[96m12% [92m5:[96m43% [92m6:[96m21%[39m [34mF1_perclass: 64.2-67.2-38.3-46.4-51.0-69.4-26.4 [39m[39m
2026-01-15 19:47:03,295 - Agent - INFO - Total number of trainable parameters are: 22487018
2026-01-15 19:48:25,645 - Agent - INFO - [37mVal Epoch 34 step 34 with [31mce_loss_combined : 1.551994 [31mce_loss_c : 1.662713 [31mce_loss_g : 1.661768 [31mce_mask0 : 1.561136 [31mce_mask1 : 1.556110 [31mkl_synergy_1 : 0.474062 [31mkl_synergy_2 : 0.354568 [31mtotal : 5.497870 [94mAcc_combined: 52.05 [94mAcc_c: 43.17 [94mAcc_g: 35.76 [97mS:[93m29.9%[97m([91m8.9c[97m-[94mF1:27.2%) [97mU1:[93m67.5%[97m([91m16.1c[97m) [97mU2:[93m35.6%[97m([91m7.1c[97m) [97mR:[93m75.2%[97m([91m20.0c[97m) [97mS-L: [92m0:[96m50% [92m1:[96m22% [92m2:[96m19% [92m3:[96m23% [92m4:[96m37% [92m5:[96m45% [92m6:[96m32%[39m [34mF1_perclass: 60.5-48.2-50.8-50.8-58.5-72.9-25.4 [39m[39m
2026-01-15 19:48:25,668 - Agent - INFO - [37mTest Epoch 34 step 34 with [31mce_loss_combined : 1.525573 [31mce_loss_c : 1.666817 [31mce_loss_g : 1.639534 [31mce_mask0 : 1.531865 [31mce_mask1 : 1.528328 [31mkl_synergy_1 : 0.478683 [31mkl_synergy_2 : 0.372510 [31mtotal : 5.436959 [94mAcc_combined: 53.50 [94mAcc_c: 39.71 [94mAcc_g: 44.83 [97mS:[93m26.5%[97m([91m7.6c[97m-[94mF1:18.1%) [97mU1:[93m72.0%[97m([91m17.5c[97m) [97mU2:[93m38.8%[97m([91m9.5c[97m) [97mR:[93m83.4%[97m([91m19.0c[97m) [97mS-L: [92m1:[96m12% [92m2:[96m13% [92m3:[96m19% [92m4:[96m17% [92m5:[96m38% [92m6:[96m36%[39m [34mF1_perclass: 60.6-69.0-46.2-42.7-54.2-62.6-35.6 [39m[39m
2026-01-15 19:48:25,669 - Agent - INFO - Total number of trainable parameters are: 22487018
2026-01-15 19:49:50,787 - Agent - INFO - [37mVal Epoch 35 step 35 with [31mce_loss_combined : 1.505152 [31mce_loss_c : 1.663814 [31mce_loss_g : 1.662731 [31mce_mask0 : 1.515998 [31mce_mask1 : 1.514142 [31mkl_synergy_1 : 0.472877 [31mkl_synergy_2 : 0.373140 [31mtotal : 5.381310 [94mAcc_combined: 59.79 [94mAcc_c: 44.42 [94mAcc_g: 40.66 [97mS:[93m36.4%[97m([91m10.8c[97m-[94mF1:31.8%) [97mU1:[93m67.9%[97m([91m16.2c[97m) [97mU2:[93m46.6%[97m([91m9.2c[97m) [97mR:[93m88.5%[97m([91m23.6c[97m) [97mS-L: [92m0:[96m50% [92m1:[96m61% [92m2:[96m16% [92m3:[96m26% [92m4:[96m33% [92m5:[96m25% [92m6:[96m43%[39m [34mF1_perclass: 64.3-76.6-44.2-59.2-63.1-72.2-36.4 [39m[39m
2026-01-15 19:49:50,868 - Agent - INFO - [37mTest Epoch 35 step 35 with [31mce_loss_combined : 1.561304 [31mce_loss_c : 1.692046 [31mce_loss_g : 1.664891 [31mce_mask0 : 1.575225 [31mce_mask1 : 1.573884 [31mkl_synergy_1 : 0.495317 [31mkl_synergy_2 : 0.395793 [31mtotal : 5.601523 [94mAcc_combined: 54.73 [94mAcc_c: 38.15 [94mAcc_g: 40.16 [97mS:[93m27.2%[97m([91m7.8c[97m-[94mF1:18.1%) [97mU1:[93m66.5%[97m([91m16.1c[97m) [97mU2:[93m47.0%[97m([91m11.5c[97m) [97mR:[93m84.9%[97m([91m19.4c[97m) [97mS-L: [92m1:[96m38% [92m2:[96m5% [92m3:[96m25% [92m4:[96m17% [92m5:[96m24% [92m6:[96m40%[39m [34mF1_perclass: 61.9-68.6-44.4-42.5-54.5-68.8-35.3 [39m[39m
2026-01-15 19:49:50,870 - Agent - INFO - Total number of trainable parameters are: 22487018
2026-01-15 19:51:18,962 - Agent - INFO - [37mVal Epoch 36 step 36 with [31mce_loss_combined : 1.539864 [31mce_loss_c : 1.673455 [31mce_loss_g : 1.636973 [31mce_mask0 : 1.543308 [31mce_mask1 : 1.553685 [31mkl_synergy_1 : 0.467682 [31mkl_synergy_2 : 0.364140 [31mtotal : 5.468680 [94mAcc_combined: 55.69 [94mAcc_c: 41.34 [94mAcc_g: 43.85 [97mS:[93m23.0%[97m([91m6.8c[97m-[94mF1:22.0%) [97mU1:[93m69.4%[97m([91m16.5c[97m) [97mU2:[93m45.4%[97m([91m9.0c[97m) [97mR:[93m87.6%[97m([91m23.3c[97m) [97mS-L: [92m0:[96m50% [92m1:[96m43% [92m2:[96m3% [92m3:[96m35% [92m4:[96m27% [92m5:[96m10% [92m6:[96m22%[39m [34mF1_perclass: 60.4-66.9-37.1-52.8-64.7-71.4-25.3 [39m[39m
2026-01-15 19:51:19,035 - Agent - INFO - [37mTest Epoch 36 step 36 with [31mce_loss_combined : 1.578045 [31mce_loss_c : 1.656406 [31mce_loss_g : 1.706389 [31mce_mask0 : 1.582379 [31mce_mask1 : 1.583343 [31mkl_synergy_1 : 0.447751 [31mkl_synergy_2 : 0.375657 [31mtotal : 5.567175 [94mAcc_combined: 54.39 [94mAcc_c: 39.60 [94mAcc_g: 44.61 [97mS:[93m25.7%[97m([91m7.3c[97m-[94mF1:20.1%) [97mU1:[93m70.2%[97m([91m17.0c[97m) [97mU2:[93m45.7%[97m([91m11.1c[97m) [97mR:[93m82.9%[97m([91m18.9c[97m) [97mS-L: [92m0:[96m25% [92m1:[96m38% [92m2:[96m5% [92m3:[96m50% [92m4:[96m21% [92m5:[96m14% [92m6:[96m27%[39m [34mF1_perclass: 62.1-62.9-38.2-47.6-57.7-70.5-30.8 [39m[39m
2026-01-15 19:51:19,037 - Agent - INFO - Total number of trainable parameters are: 22487018
2026-01-15 19:52:45,708 - Agent - INFO - [37mVal Epoch 37 step 37 with [31mce_loss_combined : 1.518063 [31mce_loss_c : 1.603284 [31mce_loss_g : 1.591032 [31mce_mask0 : 1.516174 [31mce_mask1 : 1.526974 [31mkl_synergy_1 : 0.386785 [31mkl_synergy_2 : 0.326896 [31mtotal : 5.274892 [94mAcc_combined: 60.59 [94mAcc_c: 47.84 [94mAcc_g: 39.86 [97mS:[93m37.9%[97m([91m11.3c[97m-[94mF1:34.0%) [97mU1:[93m78.0%[97m([91m18.6c[97m) [97mU2:[93m40.8%[97m([91m8.1c[97m) [97mR:[93m85.0%[97m([91m22.7c[97m) [97mS-L: [92m0:[96m25% [92m1:[96m70% [92m2:[96m24% [92m3:[96m29% [92m4:[96m33% [92m5:[96m45% [92m6:[96m39%[39m [34mF1_perclass: 63.5-75.0-52.5-52.6-64.7-74.3-36.3 [39m[39m
2026-01-15 19:52:45,733 - Agent - INFO - [37mTest Epoch 37 step 37 with [31mce_loss_combined : 1.582258 [31mce_loss_c : 1.634379 [31mce_loss_g : 1.719597 [31mce_mask0 : 1.594353 [31mce_mask1 : 1.593845 [31mkl_synergy_1 : 0.403069 [31mkl_synergy_2 : 0.353161 [31mtotal : 5.526685 [94mAcc_combined: 50.50 [94mAcc_c: 43.05 [94mAcc_g: 40.04 [97mS:[93m24.9%[97m([91m7.1c[97m-[94mF1:17.0%) [97mU1:[93m69.3%[97m([91m16.8c[97m) [97mU2:[93m32.4%[97m([91m7.9c[97m) [97mR:[93m82.0%[97m([91m18.7c[97m) [97mS-L: [92m1:[96m50% [92m2:[96m8% [92m3:[96m17% [92m4:[96m17% [92m5:[96m24% [92m6:[96m36%[39m [34mF1_perclass: 57.0-60.1-44.9-39.2-53.6-65.4-29.9 [39m[39m
2026-01-15 19:52:45,734 - Agent - INFO - Total number of trainable parameters are: 22487018
2026-01-15 19:54:09,091 - Agent - INFO - [37mVal Epoch 38 step 38 with [31mce_loss_combined : 1.503002 [31mce_loss_c : 1.634547 [31mce_loss_g : 1.590621 [31mce_mask0 : 1.510840 [31mce_mask1 : 1.513535 [31mkl_synergy_1 : 0.477502 [31mkl_synergy_2 : 0.425440 [31mtotal : 5.430318 [94mAcc_combined: 56.72 [94mAcc_c: 48.41 [94mAcc_g: 42.26 [97mS:[93m32.6%[97m([91m9.7c[97m-[94mF1:30.1%) [97mU1:[93m65.6%[97m([91m15.6c[97m) [97mU2:[93m43.1%[97m([91m8.5c[97m) [97mR:[93m85.9%[97m([91m22.9c[97m) [97mS-L: [92m0:[96m50% [92m1:[96m43% [92m2:[96m24% [92m3:[96m39% [92m4:[96m17% [92m5:[96m25% [92m6:[96m36%[39m [34mF1_perclass: 62.7-68.0-47.4-52.7-62.5-74.9-32.0 [39m[39m
2026-01-15 19:54:09,150 - Agent - INFO - [37mTest Epoch 38 step 38 with [31mce_loss_combined : 1.490009 [31mce_loss_c : 1.646362 [31mce_loss_g : 1.626287 [31mce_mask0 : 1.497824 [31mce_mask1 : 1.508063 [31mkl_synergy_1 : 0.470609 [31mkl_synergy_2 : 0.390505 [31mtotal : 5.357010 [94mAcc_combined: 56.28 [94mAcc_c: 43.05 [94mAcc_g: 41.05 [97mS:[93m29.6%[97m([91m8.5c[97m-[94mF1:20.1%) [97mU1:[93m70.2%[97m([91m17.0c[97m) [97mU2:[93m49.3%[97m([91m12.0c[97m) [97mR:[93m82.4%[97m([91m18.8c[97m) [97mS-L: [92m0:[96m17% [92m1:[96m12% [92m2:[96m16% [92m3:[96m42% [92m4:[96m12% [92m5:[96m14% [92m6:[96m39%[39m [34mF1_perclass: 63.5-68.1-52.0-47.1-60.1-67.9-38.5 [39m[39m
2026-01-15 19:54:09,151 - Agent - INFO - Total number of trainable parameters are: 22487018
2026-01-15 19:55:36,336 - Agent - INFO - [37mVal Epoch 39 step 39 with [31mce_loss_combined : 1.528995 [31mce_loss_c : 1.611842 [31mce_loss_g : 1.541835 [31mce_mask0 : 1.535786 [31mce_mask1 : 1.541544 [31mkl_synergy_1 : 0.378471 [31mkl_synergy_2 : 0.325503 [31mtotal : 5.310298 [94mAcc_combined: 56.72 [94mAcc_c: 45.67 [94mAcc_g: 45.56 [97mS:[93m33.0%[97m([91m9.8c[97m-[94mF1:30.5%) [97mU1:[93m76.6%[97m([91m18.2c[97m) [97mU2:[93m37.4%[97m([91m7.4c[97m) [97mR:[93m79.9%[97m([91m21.3c[97m) [97mS-L: [92m0:[96m50% [92m1:[96m52% [92m2:[96m27% [92m3:[96m26% [92m4:[96m20% [92m5:[96m50% [92m6:[96m33%[39m [34mF1_perclass: 64.5-70.9-52.3-45.2-63.2-67.6-30.4 [39m[39m
2026-01-15 19:55:36,417 - Agent - INFO - [37mTest Epoch 39 step 39 with [31mce_loss_combined : 1.579719 [31mce_loss_c : 1.645358 [31mce_loss_g : 1.604947 [31mce_mask0 : 1.597663 [31mce_mask1 : 1.567839 [31mkl_synergy_1 : 0.375336 [31mkl_synergy_2 : 0.310307 [31mtotal : 5.430864 [94mAcc_combined: 51.72 [94mAcc_c: 41.38 [94mAcc_g: 44.27 [97mS:[93m25.3%[97m([91m7.2c[97m-[94mF1:16.2%) [97mU1:[93m67.9%[97m([91m16.5c[97m) [97mU2:[93m38.4%[97m([91m9.3c[97m) [97mR:[93m82.0%[97m([91m18.7c[97m) [97mS-L: [92m1:[96m50% [92m2:[96m5% [92m3:[96m19% [92m5:[96m38% [92m6:[96m37%[39m [34mF1_perclass: 62.2-65.2-41.9-39.6-46.9-64.4-32.4 [39m[39m
2026-01-15 19:55:36,419 - Agent - INFO - Total number of trainable parameters are: 22487018
2026-01-15 19:57:02,106 - Agent - INFO - [37mVal Epoch 40 step 40 with [31mce_loss_combined : 1.574416 [31mce_loss_c : 1.619931 [31mce_loss_g : 1.711217 [31mce_mask0 : 1.581645 [31mce_mask1 : 1.578159 [31mkl_synergy_1 : 0.388090 [31mkl_synergy_2 : 0.298547 [31mtotal : 5.420857 [94mAcc_combined: 54.90 [94mAcc_c: 44.76 [94mAcc_g: 38.38 [97mS:[93m29.5%[97m([91m8.8c[97m-[94mF1:26.7%) [97mU1:[93m69.9%[97m([91m16.6c[97m) [97mU2:[93m39.1%[97m([91m7.7c[97m) [97mR:[93m81.6%[97m([91m21.8c[97m) [97mS-L: [92m0:[96m50% [92m1:[96m17% [92m2:[96m27% [92m3:[96m29% [92m4:[96m27% [92m5:[96m30% [92m6:[96m33%[39m [34mF1_perclass: 60.2-53.4-53.5-54.9-62.9-72.8-29.3 [39m[39m
2026-01-15 19:57:02,180 - Agent - INFO - [37mTest Epoch 40 step 40 with [31mce_loss_combined : 1.522563 [31mce_loss_c : 1.618640 [31mce_loss_g : 1.678877 [31mce_mask0 : 1.523054 [31mce_mask1 : 1.517772 [31mkl_synergy_1 : 0.378944 [31mkl_synergy_2 : 0.291756 [31mtotal : 5.234089 [94mAcc_combined: 55.95 [94mAcc_c: 40.60 [94mAcc_g: 41.94 [97mS:[93m27.2%[97m([91m7.8c[97m-[94mF1:20.2%) [97mU1:[93m74.3%[97m([91m18.0c[97m) [97mU2:[93m45.7%[97m([91m11.1c[97m) [97mR:[93m83.4%[97m([91m19.0c[97m) [97mS-L: [92m0:[96m25% [92m1:[96m25% [92m2:[96m21% [92m3:[96m22% [92m4:[96m8% [92m5:[96m14% [92m6:[96m37%[39m [34mF1_perclass: 68.4-76.2-48.3-40.3-50.2-65.3-37.9 [39m[39m
2026-01-15 19:57:03,446 - Agent - INFO - Total number of trainable parameters are: 22487018
2026-01-15 19:58:33,730 - Agent - INFO - [37mVal Epoch 41 step 41 with [31mce_loss_combined : 1.499449 [31mce_loss_c : 1.624953 [31mce_loss_g : 1.550378 [31mce_mask0 : 1.500698 [31mce_mask1 : 1.503482 [31mkl_synergy_1 : 0.409192 [31mkl_synergy_2 : 0.352580 [31mtotal : 5.265399 [94mAcc_combined: 59.34 [94mAcc_c: 48.75 [94mAcc_g: 41.91 [97mS:[93m39.5%[97m([91m11.7c[97m-[94mF1:33.3%) [97mU1:[93m71.3%[97m([91m17.0c[97m) [97mU2:[93m38.5%[97m([91m7.6c[97m) [97mR:[93m86.3%[97m([91m23.0c[97m) [97mS-L: [92m1:[96m74% [92m2:[96m22% [92m3:[96m29% [92m4:[96m27% [92m5:[96m40% [92m6:[96m46%[39m [34mF1_perclass: 59.8-75.1-51.0-54.8-64.8-72.3-36.5 [39m[39m
2026-01-15 19:58:33,793 - Agent - INFO - [37mTest Epoch 41 step 41 with [31mce_loss_combined : 1.563790 [31mce_loss_c : 1.628102 [31mce_loss_g : 1.614430 [31mce_mask0 : 1.575122 [31mce_mask1 : 1.566504 [31mkl_synergy_1 : 0.423189 [31mkl_synergy_2 : 0.367852 [31mtotal : 5.496457 [94mAcc_combined: 52.84 [94mAcc_c: 43.05 [94mAcc_g: 41.94 [97mS:[93m28.0%[97m([91m8.0c[97m-[94mF1:17.7%) [97mU1:[93m67.4%[97m([91m16.4c[97m) [97mU2:[93m43.4%[97m([91m10.6c[97m) [97mR:[93m78.5%[97m([91m17.9c[97m) [97mS-L: [92m1:[96m75% [92m2:[96m16% [92m3:[96m14% [92m4:[96m8% [92m5:[96m14% [92m6:[96m42%[39m [34mF1_perclass: 62.7-63.8-49.5-43.4-56.1-57.3-37.5 [39m[39m
2026-01-15 19:58:34,855 - Agent - INFO - [37mModel saved successfully at: /esat/smcdata/users/kkontras/Image_Dataset/no_backup/data/2025_data/synergy/CremadPlus/v2/SynIB_RMask_fold0_l1_vldsyn_accuracy_fillema_lsparse5_lr0.0001_wd0.0001_clsmlp_bs64.pth.tar[39m
2026-01-15 19:58:34,859 - Agent - INFO - Total number of trainable parameters are: 22487018
2026-01-15 19:59:57,523 - Agent - INFO - [37mVal Epoch 42 step 42 with [31mce_loss_combined : 1.511446 [31mce_loss_c : 1.647910 [31mce_loss_g : 1.545064 [31mce_mask0 : 1.517765 [31mce_mask1 : 1.516041 [31mkl_synergy_1 : 0.409591 [31mkl_synergy_2 : 0.350521 [31mtotal : 5.305364 [94mAcc_combined: 59.57 [94mAcc_c: 47.72 [94mAcc_g: 42.94 [97mS:[93m33.0%[97m([91m9.8c[97m-[94mF1:30.0%) [97mU1:[93m71.3%[97m([91m17.0c[97m) [97mU2:[93m46.6%[97m([91m9.2c[97m) [97mR:[93m88.5%[97m([91m23.6c[97m) [97mS-L: [92m1:[96m70% [92m2:[96m14% [92m3:[96m32% [92m4:[96m30% [92m5:[96m50% [92m6:[96m31%[39m [34mF1_perclass: 65.2-70.4-48.3-55.4-66.9-69.0-33.2 [39m[39m
2026-01-15 19:59:57,549 - Agent - INFO - [37mTest Epoch 42 step 42 with [31mce_loss_combined : 1.586490 [31mce_loss_c : 1.655721 [31mce_loss_g : 1.635233 [31mce_mask0 : 1.619142 [31mce_mask1 : 1.594454 [31mkl_synergy_1 : 0.410753 [31mkl_synergy_2 : 0.350873 [31mtotal : 5.561712 [94mAcc_combined: 52.73 [94mAcc_c: 42.49 [94mAcc_g: 40.93 [97mS:[93m23.7%[97m([91m6.8c[97m-[94mF1:18.6%) [97mU1:[93m68.8%[97m([91m16.7c[97m) [97mU2:[93m43.8%[97m([91m10.7c[97m) [97mR:[93m81.5%[97m([91m18.6c[97m) [97mS-L: [92m1:[96m50% [92m2:[96m13% [92m3:[96m31% [92m4:[96m25% [92m5:[96m19% [92m6:[96m26%[39m [34mF1_perclass: 62.3-58.0-45.1-46.6-62.1-62.8-28.5 [39m[39m
2026-01-15 19:59:57,550 - Agent - INFO - Total number of trainable parameters are: 22487018
2026-01-15 20:01:24,124 - Agent - INFO - [37mVal Epoch 43 step 43 with [31mce_loss_combined : 1.492079 [31mce_loss_c : 1.606356 [31mce_loss_g : 1.544727 [31mce_mask0 : 1.506354 [31mce_mask1 : 1.490329 [31mkl_synergy_1 : 0.400894 [31mkl_synergy_2 : 0.346720 [31mtotal : 5.236377 [94mAcc_combined: 60.14 [94mAcc_c: 49.20 [94mAcc_g: 43.17 [97mS:[93m38.7%[97m([91m11.5c[97m-[94mF1:34.0%) [97mU1:[93m71.8%[97m([91m17.1c[97m) [97mU2:[93m44.8%[97m([91m8.9c[97m) [97mR:[93m85.0%[97m([91m22.7c[97m) [97mS-L: [92m0:[96m25% [92m1:[96m78% [92m2:[96m22% [92m3:[96m29% [92m4:[96m23% [92m5:[96m45% [92m6:[96m42%[39m [34mF1_perclass: 65.0-78.5-48.7-52.7-62.3-75.8-35.2 [39m[39m
2026-01-15 20:01:24,148 - Agent - INFO - [37mTest Epoch 43 step 43 with [31mce_loss_combined : 1.569656 [31mce_loss_c : 1.613642 [31mce_loss_g : 1.587351 [31mce_mask0 : 1.570364 [31mce_mask1 : 1.565700 [31mkl_synergy_1 : 0.439411 [31mkl_synergy_2 : 0.394616 [31mtotal : 5.539748 [94mAcc_combined: 52.17 [94mAcc_c: 42.05 [94mAcc_g: 41.16 [97mS:[93m28.0%[97m([91m8.0c[97m-[94mF1:18.1%) [97mU1:[93m65.1%[97m([91m15.8c[97m) [97mU2:[93m42.5%[97m([91m10.3c[97m) [97mR:[93m79.0%[97m([91m18.0c[97m) [97mS-L: [92m1:[96m75% [92m2:[96m13% [92m3:[96m22% [92m4:[96m4% [92m5:[96m19% [92m6:[96m41%[39m [34mF1_perclass: 52.9-65.8-47.1-40.0-50.5-63.6-38.0 [39m[39m
2026-01-15 20:01:24,149 - Agent - INFO - Total number of trainable parameters are: 22487018
2026-01-15 20:02:47,785 - Agent - INFO - [37mVal Epoch 44 step 44 with [31mce_loss_combined : 1.495685 [31mce_loss_c : 1.618385 [31mce_loss_g : 1.518252 [31mce_mask0 : 1.500415 [31mce_mask1 : 1.500684 [31mkl_synergy_1 : 0.384692 [31mkl_synergy_2 : 0.348023 [31mtotal : 5.229499 [94mAcc_combined: 61.73 [94mAcc_c: 50.91 [94mAcc_g: 45.10 [97mS:[93m37.5%[97m([91m11.2c[97m-[94mF1:33.2%) [97mU1:[93m74.6%[97m([91m17.8c[97m) [97mU2:[93m47.1%[97m([91m9.3c[97m) [97mR:[93m88.0%[97m([91m23.5c[97m) [97mS-L: [92m0:[96m25% [92m1:[96m65% [92m2:[96m22% [92m3:[96m32% [92m4:[96m27% [92m5:[96m40% [92m6:[96m41%[39m [34mF1_perclass: 62.2-77.3-51.3-58.5-64.0-76.1-39.1 [39m[39m
2026-01-15 20:02:47,808 - Agent - INFO - [37mTest Epoch 44 step 44 with [31mce_loss_combined : 1.592918 [31mce_loss_c : 1.616655 [31mce_loss_g : 1.642022 [31mce_mask0 : 1.607105 [31mce_mask1 : 1.596290 [31mkl_synergy_1 : 0.381366 [31mkl_synergy_2 : 0.325469 [31mtotal : 5.503148 [94mAcc_combined: 52.06 [94mAcc_c: 43.38 [94mAcc_g: 42.71 [97mS:[93m26.5%[97m([91m7.6c[97m-[94mF1:17.5%) [97mU1:[93m66.5%[97m([91m16.1c[97m) [97mU2:[93m41.1%[97m([91m10.0c[97m) [97mR:[93m80.5%[97m([91m18.4c[97m) [97mS-L: [92m1:[96m62% [92m2:[96m11% [92m3:[96m19% [92m4:[96m12% [92m5:[96m14% [92m6:[96m39%[39m [34mF1_perclass: 58.1-60.8-47.1-42.3-57.0-64.7-33.3 [39m[39m
2026-01-15 20:02:47,809 - Agent - INFO - Total number of trainable parameters are: 22487018
2026-01-15 20:04:15,519 - Agent - INFO - [37mVal Epoch 45 step 45 with [31mce_loss_combined : 1.498844 [31mce_loss_c : 1.641442 [31mce_loss_g : 1.541947 [31mce_mask0 : 1.505733 [31mce_mask1 : 1.501137 [31mkl_synergy_1 : 0.410044 [31mkl_synergy_2 : 0.358145 [31mtotal : 5.273903 [94mAcc_combined: 57.74 [94mAcc_c: 45.56 [94mAcc_g: 45.90 [97mS:[93m35.6%[97m([91m10.6c[97m-[94mF1:32.0%) [97mU1:[93m69.9%[97m([91m16.6c[97m) [97mU2:[93m42.0%[97m([91m8.3c[97m) [97mR:[93m83.3%[97m([91m22.2c[97m) [97mS-L: [92m0:[96m25% [92m1:[96m57% [92m2:[96m14% [92m3:[96m32% [92m4:[96m47% [92m5:[96m50% [92m6:[96m34%[39m [34mF1_perclass: 57.5-71.6-44.3-57.8-66.2-70.0-31.7 [39m[39m
2026-01-15 20:04:15,544 - Agent - INFO - [37mTest Epoch 45 step 45 with [31mce_loss_combined : 1.583977 [31mce_loss_c : 1.664423 [31mce_loss_g : 1.592260 [31mce_mask0 : 1.590309 [31mce_mask1 : 1.587404 [31mkl_synergy_1 : 0.390390 [31mkl_synergy_2 : 0.342385 [31mtotal : 5.494466 [94mAcc_combined: 51.28 [94mAcc_c: 40.16 [94mAcc_g: 46.05 [97mS:[93m26.5%[97m([91m7.6c[97m-[94mF1:17.9%) [97mU1:[93m66.1%[97m([91m16.0c[97m) [97mU2:[93m41.6%[97m([91m10.1c[97m) [97mR:[93m77.1%[97m([91m17.6c[97m) [97mS-L: [92m1:[96m25% [92m2:[96m8% [92m3:[96m25% [92m4:[96m17% [92m5:[96m33% [92m6:[96m36%[39m [34mF1_perclass: 51.9-61.2-45.3-45.9-59.2-62.3-31.6 [39m[39m
2026-01-15 20:04:15,545 - Agent - INFO - Total number of trainable parameters are: 22487018
2026-01-15 20:05:41,806 - Agent - INFO - [37mVal Epoch 46 step 46 with [31mce_loss_combined : 1.490280 [31mce_loss_c : 1.615489 [31mce_loss_g : 1.528901 [31mce_mask0 : 1.499729 [31mce_mask1 : 1.500569 [31mkl_synergy_1 : 0.411382 [31mkl_synergy_2 : 0.351775 [31mtotal : 5.253734 [94mAcc_combined: 59.11 [94mAcc_c: 45.10 [94mAcc_g: 42.48 [97mS:[93m37.2%[97m([91m11.0c[97m-[94mF1:31.9%) [97mU1:[93m70.8%[97m([91m16.9c[97m) [97mU2:[93m47.1%[97m([91m9.3c[97m) [97mR:[93m82.1%[97m([91m21.9c[97m) [97mS-L: [92m1:[96m65% [92m2:[96m16% [92m3:[96m32% [92m4:[96m47% [92m5:[96m30% [92m6:[96m40%[39m [34mF1_perclass: 57.4-75.2-46.3-57.0-64.2-75.5-34.9 [39m[39m
2026-01-15 20:05:41,830 - Agent - INFO - [37mTest Epoch 46 step 46 with [31mce_loss_combined : 1.594256 [31mce_loss_c : 1.633622 [31mce_loss_g : 1.624355 [31mce_mask0 : 1.597237 [31mce_mask1 : 1.599274 [31mkl_synergy_1 : 0.406439 [31mkl_synergy_2 : 0.363682 [31mtotal : 5.560888 [94mAcc_combined: 51.61 [94mAcc_c: 41.71 [94mAcc_g: 42.83 [97mS:[93m27.6%[97m([91m7.9c[97m-[94mF1:18.4%) [97mU1:[93m59.2%[97m([91m14.3c[97m) [97mU2:[93m47.5%[97m([91m11.6c[97m) [97mR:[93m78.0%[97m([91m17.8c[97m) [97mS-L: [92m1:[96m75% [92m2:[96m5% [92m3:[96m25% [92m4:[96m21% [92m5:[96m14% [92m6:[96m39%[39m [34mF1_perclass: 52.7-64.5-40.0-43.1-57.9-61.0-35.1 [39m[39m
2026-01-15 20:05:41,832 - Agent - INFO - Total number of trainable parameters are: 22487018
2026-01-15 20:07:12,450 - Agent - INFO - [37mVal Epoch 47 step 47 with [31mce_loss_combined : 1.486264 [31mce_loss_c : 1.599453 [31mce_loss_g : 1.549612 [31mce_mask0 : 1.492395 [31mce_mask1 : 1.496874 [31mkl_synergy_1 : 0.419686 [31mkl_synergy_2 : 0.373562 [31mtotal : 5.268781 [94mAcc_combined: 60.82 [94mAcc_c: 50.00 [94mAcc_g: 44.19 [97mS:[93m40.6%[97m([91m12.1c[97m-[94mF1:37.6%) [97mU1:[93m74.6%[97m([91m17.8c[97m) [97mU2:[93m44.3%[97m([91m8.8c[97m) [97mR:[93m83.3%[97m([91m22.2c[97m) [97mS-L: [92m0:[96m25% [92m1:[96m70% [92m2:[96m32% [92m3:[96m29% [92m4:[96m23% [92m5:[96m40% [92m6:[96m46%[39m [34mF1_perclass: 62.2-75.9-52.3-57.1-67.2-77.1-38.2 [39m[39m
2026-01-15 20:07:12,528 - Agent - INFO - [37mTest Epoch 47 step 47 with [31mce_loss_combined : 1.516047 [31mce_loss_c : 1.602970 [31mce_loss_g : 1.576660 [31mce_mask0 : 1.519346 [31mce_mask1 : 1.518313 [31mkl_synergy_1 : 0.401025 [31mkl_synergy_2 : 0.353301 [31mtotal : 5.308032 [94mAcc_combined: 55.28 [94mAcc_c: 43.16 [94mAcc_g: 44.83 [97mS:[93m32.7%[97m([91m9.3c[97m-[94mF1:22.1%) [97mU1:[93m71.1%[97m([91m17.2c[97m) [97mU2:[93m43.4%[97m([91m10.6c[97m) [97mR:[93m79.5%[97m([91m18.1c[97m) [97mS-L: [92m0:[96m8% [92m1:[96m50% [92m2:[96m18% [92m3:[96m19% [92m4:[96m12% [92m5:[96m19% [92m6:[96m49%[39m [34mF1_perclass: 58.9-68.9-48.9-43.1-60.4-67.4-40.3 [39m[39m
2026-01-15 20:07:13,435 - Agent - INFO - [37mModel saved successfully at: /esat/smcdata/users/kkontras/Image_Dataset/no_backup/data/2025_data/synergy/CremadPlus/v2/SynIB_RMask_fold0_l1_vldsyn_accuracy_fillema_lsparse5_lr0.0001_wd0.0001_clsmlp_bs64.pth.tar[39m
2026-01-15 20:07:13,439 - Agent - INFO - Total number of trainable parameters are: 22487018
2026-01-15 20:08:42,417 - Agent - INFO - [37mVal Epoch 48 step 48 with [31mce_loss_combined : 1.491976 [31mce_loss_c : 1.598538 [31mce_loss_g : 1.537096 [31mce_mask0 : 1.496083 [31mce_mask1 : 1.492341 [31mkl_synergy_1 : 0.394187 [31mkl_synergy_2 : 0.345733 [31mtotal : 5.220320 [94mAcc_combined: 59.68 [94mAcc_c: 47.27 [94mAcc_g: 43.39 [97mS:[93m39.8%[97m([91m11.8c[97m-[94mF1:35.1%) [97mU1:[93m74.6%[97m([91m17.8c[97m) [97mU2:[93m43.1%[97m([91m8.5c[97m) [97mR:[93m80.8%[97m([91m21.5c[97m) [97mS-L: [92m1:[96m70% [92m2:[96m24% [92m3:[96m29% [92m4:[96m33% [92m5:[96m50% [92m6:[96m43%[39m [34mF1_perclass: 56.5-77.6-51.7-59.7-64.5-71.8-35.9 [39m[39m
2026-01-15 20:08:42,445 - Agent - INFO - [37mTest Epoch 48 step 48 with [31mce_loss_combined : 1.563568 [31mce_loss_c : 1.635838 [31mce_loss_g : 1.583698 [31mce_mask0 : 1.584530 [31mce_mask1 : 1.582744 [31mkl_synergy_1 : 0.369523 [31mkl_synergy_2 : 0.344150 [31mtotal : 5.444514 [94mAcc_combined: 51.95 [94mAcc_c: 41.82 [94mAcc_g: 45.38 [97mS:[93m26.1%[97m([91m7.5c[97m-[94mF1:17.8%) [97mU1:[93m65.1%[97m([91m15.8c[97m) [97mU2:[93m44.3%[97m([91m10.8c[97m) [97mR:[93m78.5%[97m([91m17.9c[97m) [97mS-L: [92m1:[96m38% [92m2:[96m13% [92m3:[96m25% [92m4:[96m8% [92m5:[96m29% [92m6:[96m36%[39m [34mF1_perclass: 44.9-70.3-43.0-46.8-54.3-62.7-32.3 [39m[39m
2026-01-15 20:08:42,446 - Agent - INFO - Total number of trainable parameters are: 22487018
2026-01-15 20:10:08,194 - Agent - INFO - [37mVal Epoch 49 step 49 with [31mce_loss_combined : 1.473963 [31mce_loss_c : 1.590976 [31mce_loss_g : 1.543343 [31mce_mask0 : 1.481547 [31mce_mask1 : 1.478469 [31mkl_synergy_1 : 0.399626 [31mkl_synergy_2 : 0.356855 [31mtotal : 5.190460 [94mAcc_combined: 61.05 [94mAcc_c: 49.20 [94mAcc_g: 45.33 [97mS:[93m36.0%[97m([91m10.7c[97m-[94mF1:33.4%) [97mU1:[93m78.5%[97m([91m18.7c[97m) [97mU2:[93m44.8%[97m([91m8.9c[97m) [97mR:[93m85.5%[97m([91m22.8c[97m) [97mS-L: [92m0:[96m25% [92m1:[96m70% [92m2:[96m22% [92m3:[96m29% [92m4:[96m30% [92m5:[96m30% [92m6:[96m39%[39m [34mF1_perclass: 62.6-79.5-52.7-54.4-63.6-77.7-36.0 [39m[39m
2026-01-15 20:10:08,227 - Agent - INFO - [37mTest Epoch 49 step 49 with [31mce_loss_combined : 1.519931 [31mce_loss_c : 1.604493 [31mce_loss_g : 1.568174 [31mce_mask0 : 1.521821 [31mce_mask1 : 1.526084 [31mkl_synergy_1 : 0.391406 [31mkl_synergy_2 : 0.344921 [31mtotal : 5.304163 [94mAcc_combined: 55.06 [94mAcc_c: 43.27 [94mAcc_g: 46.27 [97mS:[93m25.3%[97m([91m7.2c[97m-[94mF1:15.9%) [97mU1:[93m72.9%[97m([91m17.7c[97m) [97mU2:[93m43.8%[97m([91m10.7c[97m) [97mR:[93m85.4%[97m([91m19.5c[97m) [97mS-L: [92m1:[96m38% [92m2:[96m13% [92m3:[96m14% [92m4:[96m4% [92m5:[96m19% [92m6:[96m40%[39m [34mF1_perclass: 61.9-69.4-45.7-42.3-55.4-67.8-37.8 [39m[39m
2026-01-15 20:10:08,229 - Agent - INFO - Total number of trainable parameters are: 22487018
2026-01-15 20:11:34,993 - Agent - INFO - [37mVal Epoch 50 step 50 with [31mce_loss_combined : 1.490453 [31mce_loss_c : 1.584639 [31mce_loss_g : 1.557498 [31mce_mask0 : 1.485849 [31mce_mask1 : 1.501448 [31mkl_synergy_1 : 0.411544 [31mkl_synergy_2 : 0.369239 [31mtotal : 5.258534 [94mAcc_combined: 60.36 [94mAcc_c: 50.00 [94mAcc_g: 45.79 [97mS:[93m39.1%[97m([91m11.6c[97m-[94mF1:34.6%) [97mU1:[93m75.1%[97m([91m17.9c[97m) [97mU2:[93m42.0%[97m([91m8.3c[97m) [97mR:[93m84.6%[97m([91m22.6c[97m) [97mS-L: [92m0:[96m25% [92m1:[96m65% [92m2:[96m24% [92m3:[96m26% [92m4:[96m27% [92m5:[96m45% [92m6:[96m45%[39m [34mF1_perclass: 61.9-74.9-54.8-56.7-65.1-75.4-36.3 [39m[39m
2026-01-15 20:11:35,034 - Agent - INFO - [37mTest Epoch 50 step 50 with [31mce_loss_combined : 1.548919 [31mce_loss_c : 1.610177 [31mce_loss_g : 1.569734 [31mce_mask0 : 1.557084 [31mce_mask1 : 1.556305 [31mkl_synergy_1 : 0.400861 [31mkl_synergy_2 : 0.360247 [31mtotal : 5.423417 [94mAcc_combined: 53.39 [94mAcc_c: 43.83 [94mAcc_g: 47.61 [97mS:[93m25.3%[97m([91m7.2c[97m-[94mF1:16.2%) [97mU1:[93m70.6%[97m([91m17.1c[97m) [97mU2:[93m40.6%[97m([91m9.9c[97m) [97mR:[93m83.9%[97m([91m19.1c[97m) [97mS-L: [92m1:[96m25% [92m2:[96m13% [92m3:[96m17% [92m4:[96m8% [92m5:[96m29% [92m6:[96m37%[39m [34mF1_perclass: 55.9-69.2-45.7-44.9-54.2-66.9-32.4 [39m[39m
2026-01-15 20:11:36,168 - Agent - INFO - Total number of trainable parameters are: 22487018
2026-01-15 20:13:07,228 - Agent - INFO - [37mVal Epoch 51 step 51 with [31mce_loss_combined : 1.530650 [31mce_loss_c : 1.599550 [31mce_loss_g : 1.597442 [31mce_mask0 : 1.533493 [31mce_mask1 : 1.532537 [31mkl_synergy_1 : 0.403069 [31mkl_synergy_2 : 0.348930 [31mtotal : 5.348680 [94mAcc_combined: 57.52 [94mAcc_c: 50.23 [94mAcc_g: 42.37 [97mS:[93m34.1%[97m([91m10.1c[97m-[94mF1:31.3%) [97mU1:[93m73.7%[97m([91m17.5c[97m) [97mU2:[93m38.5%[97m([91m7.6c[97m) [97mR:[93m83.3%[97m([91m22.2c[97m) [97mS-L: [92m0:[96m25% [92m1:[96m39% [92m2:[96m22% [92m3:[96m35% [92m4:[96m33% [92m5:[96m40% [92m6:[96m36%[39m [34mF1_perclass: 64.5-64.0-51.3-57.5-64.3-70.9-32.4 [39m[39m
2026-01-15 20:13:07,270 - Agent - INFO - [37mTest Epoch 51 step 51 with [31mce_loss_combined : 1.576505 [31mce_loss_c : 1.634641 [31mce_loss_g : 1.589962 [31mce_mask0 : 1.579990 [31mce_mask1 : 1.590972 [31mkl_synergy_1 : 0.362975 [31mkl_synergy_2 : 0.350522 [31mtotal : 5.460963 [94mAcc_combined: 53.06 [94mAcc_c: 43.49 [94mAcc_g: 45.38 [97mS:[93m24.1%[97m([91m6.9c[97m-[94mF1:15.7%) [97mU1:[93m73.9%[97m([91m17.9c[97m) [97mU2:[93m39.7%[97m([91m9.7c[97m) [97mR:[93m81.5%[97m([91m18.6c[97m) [97mS-L: [92m1:[96m12% [92m2:[96m11% [92m3:[96m17% [92m4:[96m12% [92m5:[96m33% [92m6:[96m35%[39m [34mF1_perclass: 61.3-66.4-46.2-44.0-55.1-64.9-32.9 [39m[39m
2026-01-15 20:13:07,271 - Agent - INFO - Total number of trainable parameters are: 22487018
2026-01-15 20:14:35,916 - Agent - INFO - [37mVal Epoch 52 step 52 with [31mce_loss_combined : 1.547362 [31mce_loss_c : 1.618705 [31mce_loss_g : 1.601732 [31mce_mask0 : 1.555361 [31mce_mask1 : 1.557335 [31mkl_synergy_1 : 0.404876 [31mkl_synergy_2 : 0.342435 [31mtotal : 5.407369 [94mAcc_combined: 56.49 [94mAcc_c: 50.46 [94mAcc_g: 40.55 [97mS:[93m29.1%[97m([91m8.7c[97m-[94mF1:27.0%) [97mU1:[93m76.1%[97m([91m18.1c[97m) [97mU2:[93m38.5%[97m([91m7.6c[97m) [97mR:[93m82.9%[97m([91m22.1c[97m) [97mS-L: [92m0:[96m25% [92m1:[96m39% [92m2:[96m16% [92m3:[96m39% [92m4:[96m27% [92m5:[96m30% [92m6:[96m29%[39m [34mF1_perclass: 64.7-66.4-50.0-56.0-58.5-71.1-29.4 [39m[39m
2026-01-15 20:14:35,939 - Agent - INFO - [37mTest Epoch 52 step 52 with [31mce_loss_combined : 1.568914 [31mce_loss_c : 1.634405 [31mce_loss_g : 1.593542 [31mce_mask0 : 1.562341 [31mce_mask1 : 1.564687 [31mkl_synergy_1 : 0.389839 [31mkl_synergy_2 : 0.323509 [31mtotal : 5.409290 [94mAcc_combined: 53.84 [94mAcc_c: 43.83 [94mAcc_g: 46.83 [97mS:[93m24.1%[97m([91m6.9c[97m-[94mF1:17.3%) [97mU1:[93m71.6%[97m([91m17.4c[97m) [97mU2:[93m42.0%[97m([91m10.2c[97m) [97mR:[93m84.9%[97m([91m19.4c[97m) [97mS-L: [92m1:[96m38% [92m2:[96m16% [92m3:[96m14% [92m4:[96m12% [92m5:[96m29% [92m6:[96m33%[39m [34mF1_perclass: 61.3-69.7-44.9-42.9-55.5-65.8-33.7 [39m[39m
2026-01-15 20:14:35,940 - Agent - INFO - Total number of trainable parameters are: 22487018
2026-01-15 20:16:04,448 - Agent - INFO - [37mVal Epoch 53 step 53 with [31mce_loss_combined : 1.494188 [31mce_loss_c : 1.638106 [31mce_loss_g : 1.550937 [31mce_mask0 : 1.497471 [31mce_mask1 : 1.503821 [31mkl_synergy_1 : 0.389042 [31mkl_synergy_2 : 0.370309 [31mtotal : 5.254832 [94mAcc_combined: 60.93 [94mAcc_c: 48.63 [94mAcc_g: 48.97 [97mS:[93m37.5%[97m([91m11.2c[97m-[94mF1:35.4%) [97mU1:[93m79.4%[97m([91m18.9c[97m) [97mU2:[93m40.8%[97m([91m8.1c[97m) [97mR:[93m85.5%[97m([91m22.8c[97m) [97mS-L: [92m0:[96m50% [92m1:[96m74% [92m2:[96m30% [92m3:[96m29% [92m4:[96m30% [92m5:[96m40% [92m6:[96m36%[39m [34mF1_perclass: 67.1-75.3-56.0-54.5-65.9-73.6-33.1 [39m[39m
2026-01-15 20:16:04,522 - Agent - INFO - [37mTest Epoch 53 step 53 with [31mce_loss_combined : 1.571898 [31mce_loss_c : 1.658049 [31mce_loss_g : 1.584423 [31mce_mask0 : 1.587638 [31mce_mask1 : 1.586793 [31mkl_synergy_1 : 0.375764 [31mkl_synergy_2 : 0.359692 [31mtotal : 5.481786 [94mAcc_combined: 52.95 [94mAcc_c: 43.05 [94mAcc_g: 46.72 [97mS:[93m24.9%[97m([91m7.1c[97m-[94mF1:16.1%) [97mU1:[93m69.7%[97m([91m16.9c[97m) [97mU2:[93m40.2%[97m([91m9.8c[97m) [97mR:[93m83.9%[97m([91m19.1c[97m) [97mS-L: [92m1:[96m50% [92m2:[96m11% [92m3:[96m11% [92m4:[96m8% [92m5:[96m24% [92m6:[96m38%[39m [34mF1_perclass: 61.3-63.9-45.0-42.5-56.9-66.4-33.3 [39m[39m
2026-01-15 20:16:04,523 - Agent - INFO - Total number of trainable parameters are: 22487018
2026-01-15 20:17:33,873 - Agent - INFO - [37mVal Epoch 54 step 54 with [31mce_loss_combined : 1.496169 [31mce_loss_c : 1.630529 [31mce_loss_g : 1.533291 [31mce_mask0 : 1.496710 [31mce_mask1 : 1.503419 [31mkl_synergy_1 : 0.383128 [31mkl_synergy_2 : 0.365241 [31mtotal : 5.244667 [94mAcc_combined: 61.39 [94mAcc_c: 48.18 [94mAcc_g: 47.84 [97mS:[93m38.7%[97m([91m11.5c[97m-[94mF1:34.3%) [97mU1:[93m78.0%[97m([91m18.6c[97m) [97mU2:[93m42.0%[97m([91m8.3c[97m) [97mR:[93m86.3%[97m([91m23.0c[97m) [97mS-L: [92m0:[96m25% [92m1:[96m70% [92m2:[96m19% [92m3:[96m26% [92m4:[96m30% [92m5:[96m40% [92m6:[96m45%[39m [34mF1_perclass: 66.9-78.6-52.7-56.0-65.2-72.1-37.5 [39m[39m
2026-01-15 20:17:33,897 - Agent - INFO - [37mTest Epoch 54 step 54 with [31mce_loss_combined : 1.578731 [31mce_loss_c : 1.649350 [31mce_loss_g : 1.585292 [31mce_mask0 : 1.589431 [31mce_mask1 : 1.595601 [31mkl_synergy_1 : 0.366116 [31mkl_synergy_2 : 0.339215 [31mtotal : 5.469094 [94mAcc_combined: 53.95 [94mAcc_c: 42.60 [94mAcc_g: 45.27 [97mS:[93m28.4%[97m([91m8.1c[97m-[94mF1:16.8%) [97mU1:[93m69.3%[97m([91m16.8c[97m) [97mU2:[93m41.6%[97m([91m10.1c[97m) [97mR:[93m82.9%[97m([91m18.9c[97m) [97mS-L: [92m1:[96m38% [92m2:[96m5% [92m3:[96m11% [92m4:[96m8% [92m5:[96m33% [92m6:[96m47%[39m [34mF1_perclass: 57.7-64.5-44.2-44.9-58.3-66.5-38.5 [39m[39m
2026-01-15 20:17:33,899 - Agent - INFO - Total number of trainable parameters are: 22487018
2026-01-15 20:19:00,430 - Agent - INFO - [37mVal Epoch 55 step 55 with [31mce_loss_combined : 1.536752 [31mce_loss_c : 1.631481 [31mce_loss_g : 1.591710 [31mce_mask0 : 1.543412 [31mce_mask1 : 1.536875 [31mkl_synergy_1 : 0.392551 [31mkl_synergy_2 : 0.350535 [31mtotal : 5.360124 [94mAcc_combined: 58.88 [94mAcc_c: 48.52 [94mAcc_g: 42.37 [97mS:[93m34.1%[97m([91m10.1c[97m-[94mF1:31.6%) [97mU1:[93m75.6%[97m([91m18.0c[97m) [97mU2:[93m42.5%[97m([91m8.4c[97m) [97mR:[93m83.8%[97m([91m22.3c[97m) [97mS-L: [92m0:[96m25% [92m1:[96m48% [92m2:[96m24% [92m3:[96m29% [92m4:[96m30% [92m5:[96m40% [92m6:[96m36%[39m [34mF1_perclass: 64.5-68.7-55.3-56.2-64.7-73.6-32.1 [39m[39m
2026-01-15 20:19:00,455 - Agent - INFO - [37mTest Epoch 55 step 55 with [31mce_loss_combined : 1.556337 [31mce_loss_c : 1.648160 [31mce_loss_g : 1.582879 [31mce_mask0 : 1.561078 [31mce_mask1 : 1.557757 [31mkl_synergy_1 : 0.380616 [31mkl_synergy_2 : 0.330095 [31mtotal : 5.385884 [94mAcc_combined: 54.51 [94mAcc_c: 43.49 [94mAcc_g: 46.16 [97mS:[93m27.2%[97m([91m7.8c[97m-[94mF1:18.4%) [97mU1:[93m73.4%[97m([91m17.8c[97m) [97mU2:[93m41.1%[97m([91m10.0c[97m) [97mR:[93m82.9%[97m([91m18.9c[97m) [97mS-L: [92m1:[96m25% [92m2:[96m18% [92m3:[96m14% [92m4:[96m12% [92m5:[96m33% [92m6:[96m39%[39m [34mF1_perclass: 59.6-68.3-51.5-43.4-55.7-66.2-35.9 [39m[39m
2026-01-15 20:19:00,456 - Agent - INFO - Total number of trainable parameters are: 22487018
2026-01-15 20:20:26,639 - Agent - INFO - [37mVal Epoch 56 step 56 with [31mce_loss_combined : 1.500649 [31mce_loss_c : 1.635900 [31mce_loss_g : 1.540070 [31mce_mask0 : 1.504694 [31mce_mask1 : 1.500983 [31mkl_synergy_1 : 0.389335 [31mkl_synergy_2 : 0.358398 [31mtotal : 5.254059 [94mAcc_combined: 61.28 [94mAcc_c: 48.52 [94mAcc_g: 49.32 [97mS:[93m35.6%[97m([91m10.6c[97m-[94mF1:33.6%) [97mU1:[93m79.9%[97m([91m19.0c[97m) [97mU2:[93m43.1%[97m([91m8.5c[97m) [97mR:[93m86.8%[97m([91m23.1c[97m) [97mS-L: [92m0:[96m50% [92m1:[96m70% [92m2:[96m24% [92m3:[96m26% [92m4:[96m30% [92m5:[96m30% [92m6:[96m37%[39m [34mF1_perclass: 65.1-78.2-55.3-54.1-66.9-73.6-34.9 [39m[39m
2026-01-15 20:20:26,665 - Agent - INFO - [37mTest Epoch 56 step 56 with [31mce_loss_combined : 1.560084 [31mce_loss_c : 1.654705 [31mce_loss_g : 1.576345 [31mce_mask0 : 1.564960 [31mce_mask1 : 1.558949 [31mkl_synergy_1 : 0.359573 [31mkl_synergy_2 : 0.330327 [31mtotal : 5.373892 [94mAcc_combined: 54.62 [94mAcc_c: 43.49 [94mAcc_g: 46.16 [97mS:[93m26.5%[97m([91m7.6c[97m-[94mF1:17.5%) [97mU1:[93m70.6%[97m([91m17.1c[97m) [97mU2:[93m42.9%[97m([91m10.5c[97m) [97mR:[93m85.4%[97m([91m19.5c[97m) [97mS-L: [92m1:[96m50% [92m2:[96m11% [92m3:[96m14% [92m4:[96m8% [92m5:[96m24% [92m6:[96m41%[39m [34mF1_perclass: 65.0-68.7-48.3-43.3-54.2-65.6-36.0 [39m[39m
2026-01-15 20:20:26,667 - Agent - INFO - Total number of trainable parameters are: 22487018
2026-01-15 20:21:52,381 - Agent - INFO - [37mVal Epoch 57 step 57 with [31mce_loss_combined : 1.512046 [31mce_loss_c : 1.644079 [31mce_loss_g : 1.541709 [31mce_mask0 : 1.510770 [31mce_mask1 : 1.517122 [31mkl_synergy_1 : 0.368521 [31mkl_synergy_2 : 0.342497 [31mtotal : 5.250956 [94mAcc_combined: 60.02 [94mAcc_c: 48.06 [94mAcc_g: 46.01 [97mS:[93m36.4%[97m([91m10.8c[97m-[94mF1:32.9%) [97mU1:[93m76.6%[97m([91m18.2c[97m) [97mU2:[93m44.3%[97m([91m8.8c[97m) [97mR:[93m83.3%[97m([91m22.2c[97m) [97mS-L: [92m0:[96m25% [92m1:[96m61% [92m2:[96m19% [92m3:[96m26% [92m4:[96m40% [92m5:[96m45% [92m6:[96m38%[39m [34mF1_perclass: 66.7-76.5-52.7-53.3-63.9-73.3-32.9 [39m[39m
2026-01-15 20:21:52,464 - Agent - INFO - [37mTest Epoch 57 step 57 with [31mce_loss_combined : 1.594010 [31mce_loss_c : 1.671792 [31mce_loss_g : 1.582726 [31mce_mask0 : 1.610450 [31mce_mask1 : 1.628783 [31mkl_synergy_1 : 0.339019 [31mkl_synergy_2 : 0.317947 [31mtotal : 5.490209 [94mAcc_combined: 53.17 [94mAcc_c: 41.71 [94mAcc_g: 45.49 [97mS:[93m26.1%[97m([91m7.5c[97m-[94mF1:16.8%) [97mU1:[93m67.0%[97m([91m16.2c[97m) [97mU2:[93m42.9%[97m([91m10.5c[97m) [97mR:[93m83.4%[97m([91m19.0c[97m) [97mS-L: [92m1:[96m38% [92m2:[96m5% [92m3:[96m14% [92m4:[96m21% [92m5:[96m24% [92m6:[96m40%[39m [34mF1_perclass: 56.6-66.0-42.2-43.5-58.0-66.0-34.9 [39m[39m
2026-01-15 20:21:52,465 - Agent - INFO - Total number of trainable parameters are: 22487018
2026-01-15 20:23:20,514 - Agent - INFO - [37mVal Epoch 58 step 58 with [31mce_loss_combined : 1.531355 [31mce_loss_c : 1.639870 [31mce_loss_g : 1.570427 [31mce_mask0 : 1.536960 [31mce_mask1 : 1.535812 [31mkl_synergy_1 : 0.386683 [31mkl_synergy_2 : 0.340721 [31mtotal : 5.331530 [94mAcc_combined: 58.31 [94mAcc_c: 48.41 [94mAcc_g: 44.76 [97mS:[93m35.6%[97m([91m10.6c[97m-[94mF1:32.1%) [97mU1:[93m73.7%[97m([91m17.5c[97m) [97mU2:[93m42.5%[97m([91m8.4c[97m) [97mR:[93m81.6%[97m([91m21.8c[97m) [97mS-L: [92m0:[96m25% [92m1:[96m48% [92m2:[96m22% [92m3:[96m26% [92m4:[96m33% [92m5:[96m40% [92m6:[96m41%[39m [34mF1_perclass: 64.4-69.5-51.2-54.7-64.3-73.4-33.8 [39m[39m
2026-01-15 20:23:20,538 - Agent - INFO - [37mTest Epoch 58 step 58 with [31mce_loss_combined : 1.575593 [31mce_loss_c : 1.666120 [31mce_loss_g : 1.573155 [31mce_mask0 : 1.573167 [31mce_mask1 : 1.579773 [31mkl_synergy_1 : 0.360416 [31mkl_synergy_2 : 0.330913 [31mtotal : 5.419862 [94mAcc_combined: 53.62 [94mAcc_c: 42.16 [94mAcc_g: 47.27 [97mS:[93m25.7%[97m([91m7.3c[97m-[94mF1:16.9%) [97mU1:[93m71.1%[97m([91m17.2c[97m) [97mU2:[93m40.6%[97m([91m9.9c[97m) [97mR:[93m83.9%[97m([91m19.1c[97m) [97mS-L: [92m1:[96m25% [92m2:[96m11% [92m3:[96m14% [92m4:[96m17% [92m5:[96m29% [92m6:[96m38%[39m [34mF1_perclass: 60.3-69.0-45.8-43.4-56.1-66.5-33.3 [39m[39m
2026-01-15 20:23:20,540 - Agent - INFO - Total number of trainable parameters are: 22487018
2026-01-15 20:24:46,659 - Agent - INFO - [37mVal Epoch 59 step 59 with [31mce_loss_combined : 1.524120 [31mce_loss_c : 1.647302 [31mce_loss_g : 1.560756 [31mce_mask0 : 1.531405 [31mce_mask1 : 1.532887 [31mkl_synergy_1 : 0.363019 [31mkl_synergy_2 : 0.340363 [31mtotal : 5.291793 [94mAcc_combined: 60.14 [94mAcc_c: 47.15 [94mAcc_g: 46.13 [97mS:[93m37.2%[97m([91m11.0c[97m-[94mF1:34.1%) [97mU1:[93m76.1%[97m([91m18.1c[97m) [97mU2:[93m42.5%[97m([91m8.4c[97m) [97mR:[93m84.6%[97m([91m22.6c[97m) [97mS-L: [92m0:[96m50% [92m1:[96m61% [92m2:[96m27% [92m3:[96m26% [92m4:[96m27% [92m5:[96m40% [92m6:[96m41%[39m [34mF1_perclass: 65.0-75.4-54.6-54.5-64.3-73.3-34.8 [39m[39m
2026-01-15 20:24:46,737 - Agent - INFO - [37mTest Epoch 59 step 59 with [31mce_loss_combined : 1.574593 [31mce_loss_c : 1.662639 [31mce_loss_g : 1.575957 [31mce_mask0 : 1.581010 [31mce_mask1 : 1.579253 [31mkl_synergy_1 : 0.337792 [31mkl_synergy_2 : 0.310567 [31mtotal : 5.383214 [94mAcc_combined: 54.28 [94mAcc_c: 42.83 [94mAcc_g: 46.05 [97mS:[93m27.2%[97m([91m7.8c[97m-[94mF1:18.6%) [97mU1:[93m70.2%[97m([91m17.0c[97m) [97mU2:[93m42.5%[97m([91m10.3c[97m) [97mR:[93m83.9%[97m([91m19.1c[97m) [97mS-L: [92m1:[96m50% [92m2:[96m16% [92m3:[96m17% [92m4:[96m8% [92m5:[96m24% [92m6:[96m40%[39m [34mF1_perclass: 61.3-70.0-49.5-41.9-55.2-65.2-36.0 [39m[39m
2026-01-15 20:24:46,738 - Agent - INFO - Total number of trainable parameters are: 22487018
2026-01-15 20:26:14,038 - Agent - INFO - [37mVal Epoch 60 step 60 with [31mce_loss_combined : 1.520705 [31mce_loss_c : 1.650855 [31mce_loss_g : 1.565860 [31mce_mask0 : 1.525016 [31mce_mask1 : 1.519950 [31mkl_synergy_1 : 0.361381 [31mkl_synergy_2 : 0.341444 [31mtotal : 5.268495 [94mAcc_combined: 59.45 [94mAcc_c: 47.04 [94mAcc_g: 47.04 [97mS:[93m36.0%[97m([91m10.7c[97m-[94mF1:33.7%) [97mU1:[93m74.2%[97m([91m17.7c[97m) [97mU2:[93m42.0%[97m([91m8.3c[97m) [97mR:[93m85.5%[97m([91m22.8c[97m) [97mS-L: [92m0:[96m25% [92m1:[96m61% [92m2:[96m22% [92m3:[96m32% [92m4:[96m33% [92m5:[96m40% [92m6:[96m37%[39m [34mF1_perclass: 64.7-74.0-52.4-56.0-64.9-71.9-32.5 [39m[39m
2026-01-15 20:26:14,062 - Agent - INFO - [37mTest Epoch 60 step 60 with [31mce_loss_combined : 1.585160 [31mce_loss_c : 1.673238 [31mce_loss_g : 1.583231 [31mce_mask0 : 1.600852 [31mce_mask1 : 1.588182 [31mkl_synergy_1 : 0.334940 [31mkl_synergy_2 : 0.316875 [31mtotal : 5.426009 [94mAcc_combined: 53.28 [94mAcc_c: 42.49 [94mAcc_g: 45.94 [97mS:[93m24.9%[97m([91m7.1c[97m-[94mF1:16.2%) [97mU1:[93m69.7%[97m([91m16.9c[97m) [97mU2:[93m41.6%[97m([91m10.1c[97m) [97mR:[93m83.9%[97m([91m19.1c[97m) [97mS-L: [92m1:[96m25% [92m2:[96m8% [92m3:[96m17% [92m4:[96m12% [92m5:[96m29% [92m6:[96m37%[39m [34mF1_perclass: 61.9-67.6-45.0-41.8-54.7-65.4-34.5 [39m[39m
2026-01-15 20:26:15,352 - Agent - INFO - Total number of trainable parameters are: 22487018
2026-01-15 20:27:43,421 - Agent - INFO - [37mVal Epoch 61 step 61 with [31mce_loss_combined : 1.536203 [31mce_loss_c : 1.651548 [31mce_loss_g : 1.551494 [31mce_mask0 : 1.538876 [31mce_mask1 : 1.536825 [31mkl_synergy_1 : 0.365764 [31mkl_synergy_2 : 0.334677 [31mtotal : 5.312345 [94mAcc_combined: 59.68 [94mAcc_c: 47.38 [94mAcc_g: 45.44 [97mS:[93m34.9%[97m([91m10.4c[97m-[94mF1:32.4%) [97mU1:[93m77.5%[97m([91m18.5c[97m) [97mU2:[93m42.0%[97m([91m8.3c[97m) [97mR:[93m84.6%[97m([91m22.6c[97m) [97mS-L: [92m0:[96m25% [92m1:[96m57% [92m2:[96m27% [92m3:[96m29% [92m4:[96m30% [92m5:[96m40% [92m6:[96m35%[39m [34mF1_perclass: 64.7-73.5-54.8-54.5-65.9-71.4-32.3 [39m[39m
2026-01-15 20:27:43,499 - Agent - INFO - [37mTest Epoch 61 step 61 with [31mce_loss_combined : 1.598020 [31mce_loss_c : 1.671823 [31mce_loss_g : 1.581884 [31mce_mask0 : 1.612749 [31mce_mask1 : 1.592710 [31mkl_synergy_1 : 0.337886 [31mkl_synergy_2 : 0.302700 [31mtotal : 5.444066 [94mAcc_combined: 52.73 [94mAcc_c: 42.27 [94mAcc_g: 45.94 [97mS:[93m24.5%[97m([91m7.0c[97m-[94mF1:16.1%) [97mU1:[93m70.2%[97m([91m17.0c[97m) [97mU2:[93m39.3%[97m([91m9.6c[97m) [97mR:[93m83.9%[97m([91m19.1c[97m) [97mS-L: [92m1:[96m25% [92m2:[96m11% [92m3:[96m14% [92m4:[96m12% [92m5:[96m29% [92m6:[96m36%[39m [34mF1_perclass: 59.8-65.3-46.2-42.3-55.8-65.0-32.9 [39m[39m
2026-01-15 20:27:43,501 - Agent - INFO - Total number of trainable parameters are: 22487018
2026-01-15 20:29:14,117 - Agent - INFO - [37mVal Epoch 62 step 62 with [31mce_loss_combined : 1.507913 [31mce_loss_c : 1.647010 [31mce_loss_g : 1.539103 [31mce_mask0 : 1.516298 [31mce_mask1 : 1.513417 [31mkl_synergy_1 : 0.365958 [31mkl_synergy_2 : 0.343119 [31mtotal : 5.246704 [94mAcc_combined: 61.16 [94mAcc_c: 48.63 [94mAcc_g: 47.61 [97mS:[93m38.3%[97m([91m11.4c[97m-[94mF1:34.6%) [97mU1:[93m76.6%[97m([91m18.2c[97m) [97mU2:[93m46.0%[97m([91m9.1c[97m) [97mR:[93m84.2%[97m([91m22.4c[97m) [97mS-L: [92m0:[96m25% [92m1:[96m65% [92m2:[96m27% [92m3:[96m26% [92m4:[96m30% [92m5:[96m40% [92m6:[96m42%[39m [34mF1_perclass: 65.4-78.6-53.0-54.5-65.9-74.4-36.1 [39m[39m
2026-01-15 20:29:14,190 - Agent - INFO - [37mTest Epoch 62 step 62 with [31mce_loss_combined : 1.585610 [31mce_loss_c : 1.667644 [31mce_loss_g : 1.580746 [31mce_mask0 : 1.585550 [31mce_mask1 : 1.585312 [31mkl_synergy_1 : 0.329942 [31mkl_synergy_2 : 0.316309 [31mtotal : 5.402724 [94mAcc_combined: 52.50 [94mAcc_c: 42.71 [94mAcc_g: 45.38 [97mS:[93m25.3%[97m([91m7.2c[97m-[94mF1:16.0%) [97mU1:[93m67.9%[97m([91m16.5c[97m) [97mU2:[93m41.6%[97m([91m10.1c[97m) [97mR:[93m82.0%[97m([91m18.7c[97m) [97mS-L: [92m1:[96m50% [92m2:[96m8% [92m3:[96m11% [92m4:[96m12% [92m5:[96m14% [92m6:[96m41%[39m [34mF1_perclass: 58.3-67.7-45.2-40.3-54.3-65.1-34.4 [39m[39m
2026-01-15 20:29:14,191 - Agent - INFO - Total number of trainable parameters are: 22487018
2026-01-15 20:30:33,794 - Agent - INFO - [37mVal Epoch 63 step 63 with [31mce_loss_combined : 1.515208 [31mce_loss_c : 1.646885 [31mce_loss_g : 1.549438 [31mce_mask0 : 1.520319 [31mce_mask1 : 1.519189 [31mkl_synergy_1 : 0.365811 [31mkl_synergy_2 : 0.338106 [31mtotal : 5.258634 [94mAcc_combined: 60.82 [94mAcc_c: 47.72 [94mAcc_g: 46.24 [97mS:[93m37.2%[97m([91m11.0c[97m-[94mF1:34.1%) [97mU1:[93m77.0%[97m([91m18.3c[97m) [97mU2:[93m43.7%[97m([91m8.7c[97m) [97mR:[93m85.5%[97m([91m22.8c[97m) [97mS-L: [92m0:[96m25% [92m1:[96m65% [92m2:[96m27% [92m3:[96m26% [92m4:[96m30% [92m5:[96m40% [92m6:[96m40%[39m [34mF1_perclass: 65.4-77.3-54.3-55.5-65.9-72.9-34.2 [39m[39m
2026-01-15 20:30:33,820 - Agent - INFO - [37mTest Epoch 63 step 63 with [31mce_loss_combined : 1.586236 [31mce_loss_c : 1.669851 [31mce_loss_g : 1.581851 [31mce_mask0 : 1.589411 [31mce_mask1 : 1.604267 [31mkl_synergy_1 : 0.337517 [31mkl_synergy_2 : 0.307492 [31mtotal : 5.424921 [94mAcc_combined: 52.84 [94mAcc_c: 41.27 [94mAcc_g: 45.61 [97mS:[93m25.3%[97m([91m7.2c[97m-[94mF1:16.2%) [97mU1:[93m68.3%[97m([91m16.6c[97m) [97mU2:[93m41.1%[97m([91m10.0c[97m) [97mR:[93m83.4%[97m([91m19.0c[97m) [97mS-L: [92m1:[96m50% [92m2:[96m8% [92m3:[96m11% [92m4:[96m8% [92m5:[96m24% [92m6:[96m40%[39m [34mF1_perclass: 59.1-66.7-44.9-41.6-54.1-65.6-34.3 [39m[39m
2026-01-15 20:30:33,821 - Agent - INFO - Total number of trainable parameters are: 22487018
2026-01-15 20:31:59,780 - Agent - INFO - [37mVal Epoch 64 step 64 with [31mce_loss_combined : 1.529549 [31mce_loss_c : 1.644091 [31mce_loss_g : 1.530393 [31mce_mask0 : 1.534831 [31mce_mask1 : 1.533941 [31mkl_synergy_1 : 0.326033 [31mkl_synergy_2 : 0.319602 [31mtotal : 5.243957 [94mAcc_combined: 60.25 [94mAcc_c: 48.75 [94mAcc_g: 46.92 [97mS:[93m34.5%[97m([91m10.3c[97m-[94mF1:32.3%) [97mU1:[93m74.6%[97m([91m17.8c[97m) [97mU2:[93m47.1%[97m([91m9.3c[97m) [97mR:[93m85.9%[97m([91m22.9c[97m) [97mS-L: [92m0:[96m25% [92m1:[96m70% [92m2:[96m30% [92m3:[96m35% [92m4:[96m33% [92m5:[96m40% [92m6:[96m28%[39m [34mF1_perclass: 64.3-79.4-51.2-54.6-61.9-74.0-29.5 [39m[39m
2026-01-15 20:31:59,809 - Agent - INFO - [37mTest Epoch 64 step 64 with [31mce_loss_combined : 1.635171 [31mce_loss_c : 1.658242 [31mce_loss_g : 1.632296 [31mce_mask0 : 1.637468 [31mce_mask1 : 1.641855 [31mkl_synergy_1 : 0.318033 [31mkl_synergy_2 : 0.305068 [31mtotal : 5.537596 [94mAcc_combined: 50.95 [94mAcc_c: 42.38 [94mAcc_g: 41.71 [97mS:[93m23.3%[97m([91m6.7c[97m-[94mF1:16.4%) [97mU1:[93m56.4%[97m([91m13.7c[97m) [97mU2:[93m49.3%[97m([91m12.0c[97m) [97mR:[93m81.5%[97m([91m18.6c[97m) [97mS-L: [92m1:[96m62% [92m2:[96m8% [92m3:[96m14% [92m4:[96m21% [92m5:[96m24% [92m6:[96m31%[39m [34mF1_perclass: 42.3-65.9-42.9-42.1-56.6-64.2-29.6 [39m[39m
2026-01-15 20:31:59,811 - Agent - INFO - Total number of trainable parameters are: 22487018
2026-01-15 20:33:26,170 - Agent - INFO - [37mVal Epoch 65 step 65 with [31mce_loss_combined : 1.538232 [31mce_loss_c : 1.586103 [31mce_loss_g : 1.638424 [31mce_mask0 : 1.541104 [31mce_mask1 : 1.545123 [31mkl_synergy_1 : 0.362698 [31mkl_synergy_2 : 0.330691 [31mtotal : 5.317848 [94mAcc_combined: 58.88 [94mAcc_c: 48.18 [94mAcc_g: 37.13 [97mS:[93m37.9%[97m([91m11.3c[97m-[94mF1:31.9%) [97mU1:[93m73.2%[97m([91m17.4c[97m) [97mU2:[93m40.2%[97m([91m8.0c[97m) [97mR:[93m83.3%[97m([91m22.2c[97m) [97mS-L: [92m0:[96m50% [92m1:[96m57% [92m2:[96m27% [92m3:[96m19% [92m4:[96m10% [92m5:[96m35% [92m6:[96m50%[39m [34mF1_perclass: 65.6-72.2-60.2-50.5-60.7-71.1-37.9 [39m[39m
2026-01-15 20:33:26,254 - Agent - INFO - [37mTest Epoch 65 step 65 with [31mce_loss_combined : 1.541351 [31mce_loss_c : 1.581457 [31mce_loss_g : 1.667661 [31mce_mask0 : 1.545558 [31mce_mask1 : 1.535449 [31mkl_synergy_1 : 0.325946 [31mkl_synergy_2 : 0.291282 [31mtotal : 5.239586 [94mAcc_combined: 56.62 [94mAcc_c: 44.16 [94mAcc_g: 37.04 [97mS:[93m31.1%[97m([91m8.9c[97m-[94mF1:19.6%) [97mU1:[93m71.6%[97m([91m17.4c[97m) [97mU2:[93m45.2%[97m([91m11.0c[97m) [97mR:[93m84.9%[97m([91m19.4c[97m) [97mS-L: [92m0:[96m17% [92m1:[96m25% [92m2:[96m18% [92m3:[96m6% [92m4:[96m4% [92m5:[96m43% [92m6:[96m48%[39m [34mF1_perclass: 66.7-78.1-49.0-40.8-43.7-65.3-42.0 [39m[39m
2026-01-15 20:33:26,255 - Agent - INFO - Total number of trainable parameters are: 22487018
2026-01-15 20:34:46,004 - Agent - INFO - [37mVal Epoch 66 step 66 with [31mce_loss_combined : 1.556662 [31mce_loss_c : 1.596193 [31mce_loss_g : 1.550355 [31mce_mask0 : 1.558845 [31mce_mask1 : 1.559971 [31mkl_synergy_1 : 0.364360 [31mkl_synergy_2 : 0.341055 [31mtotal : 5.380893 [94mAcc_combined: 55.13 [94mAcc_c: 45.56 [94mAcc_g: 44.76 [97mS:[93m36.8%[97m([91m10.9c[97m-[94mF1:30.3%) [97mU1:[93m67.5%[97m([91m16.1c[97m) [97mU2:[93m37.9%[97m([91m7.5c[97m) [97mR:[93m77.4%[97m([91m20.6c[97m) [97mS-L: [92m1:[96m43% [92m2:[96m16% [92m3:[96m19% [92m4:[96m23% [92m5:[96m65% [92m6:[96m47%[39m [34mF1_perclass: 63.3-67.4-49.1-50.3-61.0-61.5-35.0 [39m[39m
2026-01-15 20:34:46,088 - Agent - INFO - [37mTest Epoch 66 step 66 with [31mce_loss_combined : 1.618533 [31mce_loss_c : 1.650862 [31mce_loss_g : 1.587356 [31mce_mask0 : 1.627152 [31mce_mask1 : 1.619299 [31mkl_synergy_1 : 0.352990 [31mkl_synergy_2 : 0.322425 [31mtotal : 5.540399 [94mAcc_combined: 50.17 [94mAcc_c: 39.82 [94mAcc_g: 44.16 [97mS:[93m25.7%[97m([91m7.3c[97m-[94mF1:17.2%) [97mU1:[93m61.9%[97m([91m15.0c[97m) [97mU2:[93m39.3%[97m([91m9.6c[97m) [97mR:[93m80.0%[97m([91m18.2c[97m) [97mS-L: [92m1:[96m50% [92m2:[96m5% [92m3:[96m8% [92m4:[96m8% [92m5:[96m52% [92m6:[96m37%[39m [34mF1_perclass: 55.2-71.6-42.6-37.3-48.9-54.8-34.7 [39m[39m
2026-01-15 20:34:46,090 - Agent - INFO - Total number of trainable parameters are: 22487018
2026-01-15 20:36:13,821 - Agent - INFO - [37mVal Epoch 67 step 67 with [31mce_loss_combined : 1.508517 [31mce_loss_c : 1.588110 [31mce_loss_g : 1.553766 [31mce_mask0 : 1.515642 [31mce_mask1 : 1.512823 [31mkl_synergy_1 : 0.392756 [31mkl_synergy_2 : 0.337315 [31mtotal : 5.267053 [94mAcc_combined: 59.23 [94mAcc_c: 48.18 [94mAcc_g: 44.42 [97mS:[93m42.1%[97m([91m12.5c[97m-[94mF1:35.9%) [97mU1:[93m72.2%[97m([91m17.2c[97m) [97mU2:[93m38.5%[97m([91m7.6c[97m) [97mR:[93m82.1%[97m([91m21.9c[97m) [97mS-L: [92m1:[96m57% [92m2:[96m41% [92m3:[96m29% [92m4:[96m17% [92m5:[96m45% [92m6:[96m51%[39m [34mF1_perclass: 63.4-68.5-52.7-53.9-66.7-74.9-41.6 [39m[39m
2026-01-15 20:36:13,846 - Agent - INFO - [37mTest Epoch 67 step 67 with [31mce_loss_combined : 1.581811 [31mce_loss_c : 1.612563 [31mce_loss_g : 1.599904 [31mce_mask0 : 1.578474 [31mce_mask1 : 1.585188 [31mkl_synergy_1 : 0.375624 [31mkl_synergy_2 : 0.308671 [31mtotal : 5.429767 [94mAcc_combined: 52.73 [94mAcc_c: 43.05 [94mAcc_g: 42.49 [97mS:[93m33.5%[97m([91m9.6c[97m-[94mF1:20.4%) [97mU1:[93m65.1%[97m([91m15.8c[97m) [97mU2:[93m38.8%[97m([91m9.5c[97m) [97mR:[93m78.5%[97m([91m17.9c[97m) [97mS-L: [92m1:[96m38% [92m2:[96m26% [92m3:[96m17% [92m4:[96m4% [92m5:[96m29% [92m6:[96m51%[39m [34mF1_perclass: 53.8-61.8-48.2-42.6-61.5-65.1-40.0 [39m[39m
2026-01-15 20:36:15,404 - Agent - INFO - [37mModel saved successfully at: /esat/smcdata/users/kkontras/Image_Dataset/no_backup/data/2025_data/synergy/CremadPlus/v2/SynIB_RMask_fold0_l1_vldsyn_accuracy_fillema_lsparse5_lr0.0001_wd0.0001_clsmlp_bs64.pth.tar[39m
2026-01-15 20:36:15,412 - Agent - INFO - Total number of trainable parameters are: 22487018
2026-01-15 20:37:38,601 - Agent - INFO - [37mVal Epoch 68 step 68 with [31mce_loss_combined : 1.561862 [31mce_loss_c : 1.608053 [31mce_loss_g : 1.576561 [31mce_mask0 : 1.560668 [31mce_mask1 : 1.567779 [31mkl_synergy_1 : 0.369317 [31mkl_synergy_2 : 0.305774 [31mtotal : 5.365401 [94mAcc_combined: 56.72 [94mAcc_c: 46.47 [94mAcc_g: 40.66 [97mS:[93m40.2%[97m([91m12.0c[97m-[94mF1:31.2%) [97mU1:[93m70.8%[97m([91m16.9c[97m) [97mU2:[93m37.9%[97m([91m7.5c[97m) [97mR:[93m76.5%[97m([91m20.4c[97m) [97mS-L: [92m1:[96m35% [92m2:[96m30% [92m3:[96m16% [92m4:[96m30% [92m5:[96m45% [92m6:[96m54%[39m [34mF1_perclass: 59.9-65.0-53.3-50.6-61.0-74.2-38.5 [39m[39m
2026-01-15 20:37:38,643 - Agent - INFO - [37mTest Epoch 68 step 68 with [31mce_loss_combined : 1.600052 [31mce_loss_c : 1.645021 [31mce_loss_g : 1.577982 [31mce_mask0 : 1.591748 [31mce_mask1 : 1.606447 [31mkl_synergy_1 : 0.390581 [31mkl_synergy_2 : 0.319619 [31mtotal : 5.508447 [94mAcc_combined: 52.17 [94mAcc_c: 41.94 [94mAcc_g: 46.72 [97mS:[93m29.6%[97m([91m8.5c[97m-[94mF1:18.4%) [97mU1:[93m72.5%[97m([91m17.6c[97m) [97mU2:[93m32.9%[97m([91m8.0c[97m) [97mR:[93m79.5%[97m([91m18.1c[97m) [97mS-L: [92m1:[96m12% [92m2:[96m18% [92m3:[96m8% [92m4:[96m21% [92m5:[96m38% [92m6:[96m44%[39m [34mF1_perclass: 58.7-68.1-47.2-33.9-50.9-64.7-36.3 [39m[39m
2026-01-15 20:37:38,644 - Agent - INFO - Total number of trainable parameters are: 22487018
2026-01-15 20:39:01,998 - Agent - INFO - [37mVal Epoch 69 step 69 with [31mce_loss_combined : 1.507715 [31mce_loss_c : 1.587113 [31mce_loss_g : 1.473837 [31mce_mask0 : 1.510506 [31mce_mask1 : 1.515238 [31mkl_synergy_1 : 0.388325 [31mkl_synergy_2 : 0.349484 [31mtotal : 5.271268 [94mAcc_combined: 60.48 [94mAcc_c: 48.06 [94mAcc_g: 47.49 [97mS:[93m40.2%[97m([91m12.0c[97m-[94mF1:30.4%) [97mU1:[93m73.2%[97m([91m17.4c[97m) [97mU2:[93m42.5%[97m([91m8.4c[97m) [97mR:[93m85.0%[97m([91m22.7c[97m) [97mS-L: [92m1:[96m52% [92m2:[96m14% [92m3:[96m19% [92m4:[96m33% [92m5:[96m25% [92m6:[96m58%[39m [34mF1_perclass: 64.2-72.6-52.5-55.6-66.9-74.5-42.7 [39m[39m
2026-01-15 20:39:02,022 - Agent - INFO - [37mTest Epoch 69 step 69 with [31mce_loss_combined : 1.582520 [31mce_loss_c : 1.604450 [31mce_loss_g : 1.552632 [31mce_mask0 : 1.604161 [31mce_mask1 : 1.581744 [31mkl_synergy_1 : 0.343930 [31mkl_synergy_2 : 0.319503 [31mtotal : 5.431858 [94mAcc_combined: 51.61 [94mAcc_c: 43.49 [94mAcc_g: 42.27 [97mS:[93m28.8%[97m([91m8.2c[97m-[94mF1:15.6%) [97mU1:[93m64.2%[97m([91m15.6c[97m) [97mU2:[93m37.0%[97m([91m9.0c[97m) [97mR:[93m82.4%[97m([91m18.8c[97m) [97mS-L: [92m1:[96m25% [92m2:[96m5% [92m3:[96m14% [92m4:[96m12% [92m5:[96m14% [92m6:[96m50%[39m [34mF1_perclass: 63.3-59.5-44.7-43.9-58.4-64.3-34.1 [39m[39m
2026-01-15 20:39:02,023 - Agent - INFO - Total number of trainable parameters are: 22487018
2026-01-15 20:40:29,278 - Agent - INFO - [37mVal Epoch 70 step 70 with [31mce_loss_combined : 1.514303 [31mce_loss_c : 1.578659 [31mce_loss_g : 1.531844 [31mce_mask0 : 1.512605 [31mce_mask1 : 1.518700 [31mkl_synergy_1 : 0.363098 [31mkl_synergy_2 : 0.349587 [31mtotal : 5.258293 [94mAcc_combined: 60.14 [94mAcc_c: 47.15 [94mAcc_g: 43.74 [97mS:[93m41.0%[97m([91m12.2c[97m-[94mF1:34.3%) [97mU1:[93m67.0%[97m([91m15.9c[97m) [97mU2:[93m42.5%[97m([91m8.4c[97m) [97mR:[93m88.5%[97m([91m23.6c[97m) [97mS-L: [92m1:[96m61% [92m2:[96m16% [92m3:[96m35% [92m4:[96m37% [92m5:[96m50% [92m6:[96m47%[39m [34mF1_perclass: 63.1-74.2-48.1-55.9-68.3-66.4-41.8 [39m[39m
2026-01-15 20:40:29,302 - Agent - INFO - [37mTest Epoch 70 step 70 with [31mce_loss_combined : 1.610475 [31mce_loss_c : 1.604246 [31mce_loss_g : 1.615691 [31mce_mask0 : 1.614258 [31mce_mask1 : 1.607813 [31mkl_synergy_1 : 0.385894 [31mkl_synergy_2 : 0.362102 [31mtotal : 5.580542 [94mAcc_combined: 49.94 [94mAcc_c: 44.38 [94mAcc_g: 44.49 [97mS:[93m25.3%[97m([91m7.2c[97m-[94mF1:15.0%) [97mU1:[93m56.9%[97m([91m13.8c[97m) [97mU2:[93m44.3%[97m([91m10.8c[97m) [97mR:[93m79.5%[97m([91m18.1c[97m) [97mS-L: [92m1:[96m62% [92m2:[96m3% [92m3:[96m19% [92m4:[96m4% [92m5:[96m14% [92m6:[96m41%[39m [34mF1_perclass: 52.7-65.2-30.9-45.3-53.1-61.6-32.8 [39m[39m
2026-01-15 20:40:30,410 - Agent - INFO - Total number of trainable parameters are: 22487018
2026-01-15 20:41:56,800 - Agent - INFO - [37mVal Epoch 71 step 71 with [31mce_loss_combined : 1.522621 [31mce_loss_c : 1.592074 [31mce_loss_g : 1.493561 [31mce_mask0 : 1.530960 [31mce_mask1 : 1.528297 [31mkl_synergy_1 : 0.385427 [31mkl_synergy_2 : 0.330397 [31mtotal : 5.297702 [94mAcc_combined: 58.43 [94mAcc_c: 46.58 [94mAcc_g: 44.99 [97mS:[93m41.8%[97m([91m12.4c[97m-[94mF1:32.8%) [97mU1:[93m64.1%[97m([91m15.3c[97m) [97mU2:[93m44.8%[97m([91m8.9c[97m) [97mR:[93m82.1%[97m([91m21.9c[97m) [97mS-L: [92m1:[96m65% [92m2:[96m14% [92m3:[96m23% [92m4:[96m33% [92m5:[96m30% [92m6:[96m57%[39m [34mF1_perclass: 63.3-74.8-48.1-49.3-61.6-73.8-41.0 [39m[39m
2026-01-15 20:41:56,824 - Agent - INFO - [37mTest Epoch 71 step 71 with [31mce_loss_combined : 1.622446 [31mce_loss_c : 1.625366 [31mce_loss_g : 1.577248 [31mce_mask0 : 1.638942 [31mce_mask1 : 1.628326 [31mkl_synergy_1 : 0.351888 [31mkl_synergy_2 : 0.324312 [31mtotal : 5.565914 [94mAcc_combined: 52.39 [94mAcc_c: 42.94 [94mAcc_g: 43.72 [97mS:[93m35.0%[97m([91m10.0c[97m-[94mF1:19.5%) [97mU1:[93m54.1%[97m([91m13.1c[97m) [97mU2:[93m45.7%[97m([91m11.1c[97m) [97mR:[93m79.5%[97m([91m18.1c[97m) [97mS-L: [92m1:[96m50% [92m2:[96m3% [92m3:[96m19% [92m4:[96m17% [92m5:[96m19% [92m6:[96m59%[39m [34mF1_perclass: 56.9-69.9-35.1-42.5-54.6-62.0-39.6 [39m[39m
2026-01-15 20:41:56,826 - Agent - INFO - Total number of trainable parameters are: 22487018
2026-01-15 20:43:23,179 - Agent - INFO - [37mVal Epoch 72 step 72 with [31mce_loss_combined : 1.562744 [31mce_loss_c : 1.608171 [31mce_loss_g : 1.705878 [31mce_mask0 : 1.568294 [31mce_mask1 : 1.565069 [31mkl_synergy_1 : 0.398084 [31mkl_synergy_2 : 0.350612 [31mtotal : 5.444804 [94mAcc_combined: 53.19 [94mAcc_c: 47.04 [94mAcc_g: 31.89 [97mS:[93m32.6%[97m([91m9.7c[97m-[94mF1:27.2%) [97mU1:[93m65.1%[97m([91m15.5c[97m) [97mU2:[93m39.1%[97m([91m7.7c[97m) [97mR:[93m76.1%[97m([91m20.3c[97m) [97mS-L: [92m1:[96m30% [92m2:[96m14% [92m3:[96m35% [92m4:[96m23% [92m5:[96m50% [92m6:[96m39%[39m [34mF1_perclass: 63.6-53.8-43.7-50.4-61.9-68.4-33.2 [39m[39m
2026-01-15 20:43:23,209 - Agent - INFO - [37mTest Epoch 72 step 72 with [31mce_loss_combined : 1.575319 [31mce_loss_c : 1.644542 [31mce_loss_g : 1.671435 [31mce_mask0 : 1.567559 [31mce_mask1 : 1.582045 [31mkl_synergy_1 : 0.418508 [31mkl_synergy_2 : 0.359748 [31mtotal : 5.503180 [94mAcc_combined: 53.06 [94mAcc_c: 42.38 [94mAcc_g: 34.15 [97mS:[93m27.2%[97m([91m7.8c[97m-[94mF1:21.0%) [97mU1:[93m67.0%[97m([91m16.2c[97m) [97mU2:[93m43.8%[97m([91m10.7c[97m) [97mR:[93m80.5%[97m([91m18.4c[97m) [97mS-L: [92m1:[96m50% [92m2:[96m11% [92m3:[96m31% [92m4:[96m8% [92m5:[96m38% [92m6:[96m35%[39m [34mF1_perclass: 56.7-68.4-51.5-45.0-53.5-63.6-33.9 [39m[39m
2026-01-15 20:43:23,211 - Agent - INFO - Total number of trainable parameters are: 22487018
2026-01-15 20:44:55,204 - Agent - INFO - [37mVal Epoch 73 step 73 with [31mce_loss_combined : 1.534570 [31mce_loss_c : 1.594432 [31mce_loss_g : 1.602137 [31mce_mask0 : 1.543997 [31mce_mask1 : 1.543263 [31mkl_synergy_1 : 0.402347 [31mkl_synergy_2 : 0.350088 [31mtotal : 5.374265 [94mAcc_combined: 55.47 [94mAcc_c: 46.13 [94mAcc_g: 42.48 [97mS:[93m42.9%[97m([91m12.8c[97m-[94mF1:30.1%) [97mU1:[93m61.7%[97m([91m14.7c[97m) [97mU2:[93m40.2%[97m([91m8.0c[97m) [97mR:[93m75.2%[97m([91m20.0c[97m) [97mS-L: [92m1:[96m35% [92m2:[96m22% [92m3:[96m13% [92m4:[96m37% [92m5:[96m25% [92m6:[96m66%[39m [34mF1_perclass: 57.1-67.2-49.7-47.1-61.2-73.4-40.8 [39m[39m
2026-01-15 20:44:55,286 - Agent - INFO - [37mTest Epoch 73 step 73 with [31mce_loss_combined : 1.571476 [31mce_loss_c : 1.617863 [31mce_loss_g : 1.588276 [31mce_mask0 : 1.571650 [31mce_mask1 : 1.576588 [31mkl_synergy_1 : 0.353738 [31mkl_synergy_2 : 0.331053 [31mtotal : 5.404504 [94mAcc_combined: 54.17 [94mAcc_c: 42.16 [94mAcc_g: 46.38 [97mS:[93m34.6%[97m([91m9.9c[97m-[94mF1:20.0%) [97mU1:[93m62.4%[97m([91m15.1c[97m) [97mU2:[93m44.3%[97m([91m10.8c[97m) [97mR:[93m80.5%[97m([91m18.4c[97m) [97mS-L: [92m1:[96m50% [92m2:[96m5% [92m3:[96m8% [92m4:[96m29% [92m5:[96m19% [92m6:[96m58%[39m [34mF1_perclass: 51.3-74.2-43.3-38.4-56.6-67.9-41.2 [39m[39m
2026-01-15 20:44:56,516 - Agent - INFO - [37mModel saved successfully at: /esat/smcdata/users/kkontras/Image_Dataset/no_backup/data/2025_data/synergy/CremadPlus/v2/SynIB_RMask_fold0_l1_vldsyn_accuracy_fillema_lsparse5_lr0.0001_wd0.0001_clsmlp_bs64.pth.tar[39m
2026-01-15 20:44:56,524 - Agent - INFO - Total number of trainable parameters are: 22487018
2026-01-15 20:46:28,875 - Agent - INFO - [37mVal Epoch 74 step 74 with [31mce_loss_combined : 1.547767 [31mce_loss_c : 1.606164 [31mce_loss_g : 1.602590 [31mce_mask0 : 1.549918 [31mce_mask1 : 1.552756 [31mkl_synergy_1 : 0.381176 [31mkl_synergy_2 : 0.331654 [31mtotal : 5.363271 [94mAcc_combined: 57.63 [94mAcc_c: 46.36 [94mAcc_g: 40.43 [97mS:[93m33.7%[97m([91m10.0c[97m-[94mF1:31.4%) [97mU1:[93m74.6%[97m([91m17.8c[97m) [97mU2:[93m39.7%[97m([91m7.9c[97m) [97mR:[93m82.5%[97m([91m22.0c[97m) [97mS-L: [92m0:[96m25% [92m1:[96m35% [92m2:[96m30% [92m3:[96m26% [92m4:[96m37% [92m5:[96m50% [92m6:[96m34%[39m [34mF1_perclass: 64.8-60.9-54.5-57.3-63.3-68.2-33.6 [39m[39m
2026-01-15 20:46:28,966 - Agent - INFO - [37mTest Epoch 74 step 74 with [31mce_loss_combined : 1.606830 [31mce_loss_c : 1.655561 [31mce_loss_g : 1.580380 [31mce_mask0 : 1.610090 [31mce_mask1 : 1.607099 [31mkl_synergy_1 : 0.333637 [31mkl_synergy_2 : 0.308809 [31mtotal : 5.466466 [94mAcc_combined: 53.06 [94mAcc_c: 40.60 [94mAcc_g: 45.16 [97mS:[93m27.6%[97m([91m7.9c[97m-[94mF1:20.6%) [97mU1:[93m72.5%[97m([91m17.6c[97m) [97mU2:[93m35.2%[97m([91m8.6c[97m) [97mR:[93m83.4%[97m([91m19.0c[97m) [97mS-L: [92m0:[96m8% [92m1:[96m25% [92m2:[96m21% [92m3:[96m8% [92m4:[96m17% [92m5:[96m38% [92m6:[96m38%[39m [34mF1_perclass: 64.6-61.8-48.5-37.2-58.5-63.3-34.2 [39m[39m
2026-01-15 20:46:28,967 - Agent - INFO - Total number of trainable parameters are: 22487018
2026-01-15 20:47:55,912 - Agent - INFO - [37mVal Epoch 75 step 75 with [31mce_loss_combined : 1.552973 [31mce_loss_c : 1.613923 [31mce_loss_g : 1.596593 [31mce_mask0 : 1.557919 [31mce_mask1 : 1.560740 [31mkl_synergy_1 : 0.364942 [31mkl_synergy_2 : 0.327062 [31mtotal : 5.363636 [94mAcc_combined: 57.29 [94mAcc_c: 47.04 [94mAcc_g: 39.07 [97mS:[93m40.6%[97m([91m12.1c[97m-[94mF1:32.3%) [97mU1:[93m69.9%[97m([91m16.6c[97m) [97mU2:[93m39.7%[97m([91m7.9c[97m) [97mR:[93m77.8%[97m([91m20.7c[97m) [97mS-L: [92m1:[96m43% [92m2:[96m32% [92m3:[96m23% [92m4:[96m20% [92m5:[96m35% [92m6:[96m55%[39m [34mF1_perclass: 66.7-61.9-53.1-54.0-60.9-73.7-40.0 [39m[39m
2026-01-15 20:47:55,995 - Agent - INFO - [37mTest Epoch 75 step 75 with [31mce_loss_combined : 1.552408 [31mce_loss_c : 1.620777 [31mce_loss_g : 1.577806 [31mce_mask0 : 1.555475 [31mce_mask1 : 1.560040 [31mkl_synergy_1 : 0.357565 [31mkl_synergy_2 : 0.323319 [31mtotal : 5.348806 [94mAcc_combined: 54.39 [94mAcc_c: 43.16 [94mAcc_g: 41.71 [97mS:[93m35.0%[97m([91m10.0c[97m-[94mF1:21.0%) [97mU1:[93m67.0%[97m([91m16.2c[97m) [97mU2:[93m42.5%[97m([91m10.3c[97m) [97mR:[93m78.0%[97m([91m17.8c[97m) [97mS-L: [92m1:[96m12% [92m2:[96m34% [92m3:[96m17% [92m4:[96m12% [92m5:[96m24% [92m6:[96m53%[39m [34mF1_perclass: 56.0-68.6-48.2-44.8-56.7-66.7-42.9 [39m[39m
2026-01-15 20:47:55,997 - Agent - INFO - Total number of trainable parameters are: 22487018
2026-01-15 20:49:16,935 - Agent - INFO - [37mVal Epoch 76 step 76 with [31mce_loss_combined : 1.522900 [31mce_loss_c : 1.580731 [31mce_loss_g : 1.521461 [31mce_mask0 : 1.525338 [31mce_mask1 : 1.532054 [31mkl_synergy_1 : 0.374079 [31mkl_synergy_2 : 0.333269 [31mtotal : 5.287640 [94mAcc_combined: 57.40 [94mAcc_c: 47.49 [94mAcc_g: 45.44 [97mS:[93m41.4%[97m([91m12.3c[97m-[94mF1:31.7%) [97mU1:[93m64.1%[97m([91m15.3c[97m) [97mU2:[93m42.5%[97m([91m8.4c[97m) [97mR:[93m80.3%[97m([91m21.4c[97m) [97mS-L: [92m1:[96m61% [92m2:[96m14% [92m3:[96m16% [92m4:[96m37% [92m5:[96m40% [92m6:[96m56%[39m [34mF1_perclass: 54.5-74.8-45.2-48.5-61.5-73.6-41.9 [39m[39m
2026-01-15 20:49:16,960 - Agent - INFO - [37mTest Epoch 76 step 76 with [31mce_loss_combined : 1.577790 [31mce_loss_c : 1.612374 [31mce_loss_g : 1.582214 [31mce_mask0 : 1.589523 [31mce_mask1 : 1.598408 [31mkl_synergy_1 : 0.337799 [31mkl_synergy_2 : 0.328157 [31mtotal : 5.431677 [94mAcc_combined: 51.61 [94mAcc_c: 44.27 [94mAcc_g: 41.94 [97mS:[93m28.8%[97m([91m8.2c[97m-[94mF1:17.4%) [97mU1:[93m58.3%[97m([91m14.1c[97m) [97mU2:[93m45.7%[97m([91m11.1c[97m) [97mR:[93m79.5%[97m([91m18.1c[97m) [97mS-L: [92m1:[96m38% [92m2:[96m8% [92m3:[96m17% [92m4:[96m12% [92m5:[96m24% [92m6:[96m46%[39m [34mF1_perclass: 42.5-72.9-40.8-42.6-55.0-64.1-35.4 [39m[39m
2026-01-15 20:49:16,961 - Agent - INFO - Total number of trainable parameters are: 22487018
2026-01-15 20:50:44,349 - Agent - INFO - [37mVal Epoch 77 step 77 with [31mce_loss_combined : 1.528730 [31mce_loss_c : 1.598738 [31mce_loss_g : 1.596458 [31mce_mask0 : 1.536204 [31mce_mask1 : 1.530752 [31mkl_synergy_1 : 0.401803 [31mkl_synergy_2 : 0.357997 [31mtotal : 5.355487 [94mAcc_combined: 57.52 [94mAcc_c: 48.75 [94mAcc_g: 42.26 [97mS:[93m36.0%[97m([91m10.7c[97m-[94mF1:32.4%) [97mU1:[93m73.2%[97m([91m17.4c[97m) [97mU2:[93m38.5%[97m([91m7.6c[97m) [97mR:[93m81.6%[97m([91m21.8c[97m) [97mS-L: [92m0:[96m25% [92m1:[96m39% [92m2:[96m22% [92m3:[96m26% [92m4:[96m33% [92m5:[96m45% [92m6:[96m42%[39m [34mF1_perclass: 63.8-65.4-54.9-53.5-62.4-70.5-35.4 [39m[39m
2026-01-15 20:50:44,426 - Agent - INFO - [37mTest Epoch 77 step 77 with [31mce_loss_combined : 1.541228 [31mce_loss_c : 1.618596 [31mce_loss_g : 1.572979 [31mce_mask0 : 1.551096 [31mce_mask1 : 1.539753 [31mkl_synergy_1 : 0.369485 [31mkl_synergy_2 : 0.341550 [31mtotal : 5.343112 [94mAcc_combined: 55.06 [94mAcc_c: 44.83 [94mAcc_g: 44.38 [97mS:[93m30.4%[97m([91m8.7c[97m-[94mF1:19.9%) [97mU1:[93m72.9%[97m([91m17.7c[97m) [97mU2:[93m37.4%[97m([91m9.1c[97m) [97mR:[93m85.9%[97m([91m19.6c[97m) [97mS-L: [92m1:[96m38% [92m2:[96m16% [92m3:[96m11% [92m4:[96m12% [92m5:[96m29% [92m6:[96m47%[39m [34mF1_perclass: 63.2-66.9-50.0-43.7-53.6-67.5-39.7 [39m[39m
2026-01-15 20:50:44,428 - Agent - INFO - Total number of trainable parameters are: 22487018
2026-01-15 20:52:09,199 - Agent - INFO - [37mVal Epoch 78 step 78 with [31mce_loss_combined : 1.540031 [31mce_loss_c : 1.598873 [31mce_loss_g : 1.577140 [31mce_mask0 : 1.544792 [31mce_mask1 : 1.543957 [31mkl_synergy_1 : 0.373400 [31mkl_synergy_2 : 0.333339 [31mtotal : 5.335520 [94mAcc_combined: 55.92 [94mAcc_c: 47.27 [94mAcc_g: 42.26 [97mS:[93m42.1%[97m([91m12.5c[97m-[94mF1:31.9%) [97mU1:[93m67.0%[97m([91m15.9c[97m) [97mU2:[93m35.6%[97m([91m7.1c[97m) [97mR:[93m76.5%[97m([91m20.4c[97m) [97mS-L: [92m1:[96m43% [92m2:[96m24% [92m3:[96m23% [92m4:[96m30% [92m5:[96m35% [92m6:[96m59%[39m [34mF1_perclass: 54.6-68.1-54.8-50.5-59.0-69.5-40.2 [39m[39m
2026-01-15 20:52:09,273 - Agent - INFO - [37mTest Epoch 78 step 78 with [31mce_loss_combined : 1.620343 [31mce_loss_c : 1.634650 [31mce_loss_g : 1.611088 [31mce_mask0 : 1.627974 [31mce_mask1 : 1.616558 [31mkl_synergy_1 : 0.349287 [31mkl_synergy_2 : 0.314849 [31mtotal : 5.529011 [94mAcc_combined: 51.95 [94mAcc_c: 42.16 [94mAcc_g: 41.94 [97mS:[93m29.6%[97m([91m8.5c[97m-[94mF1:16.6%) [97mU1:[93m61.9%[97m([91m15.0c[97m) [97mU2:[93m41.6%[97m([91m10.1c[97m) [97mR:[93m80.5%[97m([91m18.4c[97m) [97mS-L: [92m1:[96m38% [92m2:[96m11% [92m3:[96m8% [92m4:[96m8% [92m5:[96m24% [92m6:[96m50%[39m [34mF1_perclass: 50.3-65.8-50.0-43.4-53.1-63.3-37.2 [39m[39m
2026-01-15 20:52:09,274 - Agent - INFO - Total number of trainable parameters are: 22487018
2026-01-15 20:53:36,738 - Agent - INFO - [37mVal Epoch 79 step 79 with [31mce_loss_combined : 1.581849 [31mce_loss_c : 1.588712 [31mce_loss_g : 1.620118 [31mce_mask0 : 1.586767 [31mce_mask1 : 1.585790 [31mkl_synergy_1 : 0.348084 [31mkl_synergy_2 : 0.308823 [31mtotal : 5.411313 [94mAcc_combined: 55.01 [94mAcc_c: 48.06 [94mAcc_g: 38.50 [97mS:[93m33.7%[97m([91m10.0c[97m-[94mF1:28.3%) [97mU1:[93m70.8%[97m([91m16.9c[97m) [97mU2:[93m37.9%[97m([91m7.5c[97m) [97mR:[93m77.4%[97m([91m20.6c[97m) [97mS-L: [92m1:[96m22% [92m2:[96m24% [92m3:[96m32% [92m4:[96m30% [92m5:[96m55% [92m6:[96m38%[39m [34mF1_perclass: 63.3-59.5-55.8-55.0-60.4-65.1-30.9 [39m[39m
2026-01-15 20:53:36,813 - Agent - INFO - [37mTest Epoch 79 step 79 with [31mce_loss_combined : 1.607641 [31mce_loss_c : 1.623134 [31mce_loss_g : 1.582968 [31mce_mask0 : 1.610770 [31mce_mask1 : 1.615487 [31mkl_synergy_1 : 0.351813 [31mkl_synergy_2 : 0.299347 [31mtotal : 5.485058 [94mAcc_combined: 51.39 [94mAcc_c: 42.60 [94mAcc_g: 46.05 [97mS:[93m24.9%[97m([91m7.1c[97m-[94mF1:17.8%) [97mU1:[93m70.6%[97m([91m17.1c[97m) [97mU2:[93m39.7%[97m([91m9.7c[97m) [97mR:[93m76.6%[97m([91m17.5c[97m) [97mS-L: [92m1:[96m12% [92m2:[96m18% [92m3:[96m17% [92m4:[96m12% [92m5:[96m57% [92m6:[96m30%[39m [34mF1_perclass: 56.1-66.7-50.8-43.5-47.9-62.5-29.7 [39m[39m
2026-01-15 20:53:36,815 - Agent - INFO - Total number of trainable parameters are: 22487018
2026-01-15 20:54:59,466 - Agent - INFO - [37mVal Epoch 80 step 80 with [31mce_loss_combined : 1.559882 [31mce_loss_c : 1.603688 [31mce_loss_g : 1.658820 [31mce_mask0 : 1.562634 [31mce_mask1 : 1.563581 [31mkl_synergy_1 : 0.357156 [31mkl_synergy_2 : 0.344168 [31mtotal : 5.387422 [94mAcc_combined: 54.44 [94mAcc_c: 47.95 [94mAcc_g: 40.43 [97mS:[93m29.5%[97m([91m8.8c[97m-[94mF1:27.1%) [97mU1:[93m67.5%[97m([91m16.1c[97m) [97mU2:[93m40.8%[97m([91m8.1c[97m) [97mR:[93m80.8%[97m([91m21.5c[97m) [97mS-L: [92m0:[96m25% [92m1:[96m22% [92m2:[96m14% [92m3:[96m32% [92m4:[96m37% [92m5:[96m40% [92m6:[96m32%[39m [34mF1_perclass: 63.7-48.8-48.4-59.6-61.7-64.7-30.8 [39m[39m
2026-01-15 20:54:59,541 - Agent - INFO - [37mTest Epoch 80 step 80 with [31mce_loss_combined : 1.579169 [31mce_loss_c : 1.618192 [31mce_loss_g : 1.590029 [31mce_mask0 : 1.585698 [31mce_mask1 : 1.585353 [31mkl_synergy_1 : 0.327921 [31mkl_synergy_2 : 0.296551 [31mtotal : 5.374691 [94mAcc_combined: 53.62 [94mAcc_c: 44.72 [94mAcc_g: 43.49 [97mS:[93m27.2%[97m([91m7.8c[97m-[94mF1:18.7%) [97mU1:[93m72.5%[97m([91m17.6c[97m) [97mU2:[93m38.4%[97m([91m9.3c[97m) [97mR:[93m82.9%[97m([91m18.9c[97m) [97mS-L: [92m0:[96m17% [92m1:[96m12% [92m2:[96m8% [92m3:[96m14% [92m4:[96m21% [92m5:[96m38% [92m6:[96m39%[39m [34mF1_perclass: 67.9-59.5-46.0-38.9-53.8-66.1-36.8 [39m[39m
2026-01-15 20:55:00,769 - Agent - INFO - Total number of trainable parameters are: 22487018
2026-01-15 20:56:25,220 - Agent - INFO - [37mVal Epoch 81 step 81 with [31mce_loss_combined : 1.531518 [31mce_loss_c : 1.594756 [31mce_loss_g : 1.579636 [31mce_mask0 : 1.540640 [31mce_mask1 : 1.534162 [31mkl_synergy_1 : 0.372043 [31mkl_synergy_2 : 0.328077 [31mtotal : 5.306440 [94mAcc_combined: 57.06 [94mAcc_c: 46.81 [94mAcc_g: 40.55 [97mS:[93m42.9%[97m([91m12.8c[97m-[94mF1:35.3%) [97mU1:[93m67.9%[97m([91m16.2c[97m) [97mU2:[93m38.5%[97m([91m7.6c[97m) [97mR:[93m76.9%[97m([91m20.5c[97m) [97mS-L: [92m1:[96m52% [92m2:[96m22% [92m3:[96m29% [92m4:[96m37% [92m5:[96m40% [92m6:[96m55%[39m [34mF1_perclass: 59.2-68.3-53.5-52.3-61.0-73.7-39.6 [39m[39m
2026-01-15 20:56:25,292 - Agent - INFO - [37mTest Epoch 81 step 81 with [31mce_loss_combined : 1.582785 [31mce_loss_c : 1.629289 [31mce_loss_g : 1.550180 [31mce_mask0 : 1.580588 [31mce_mask1 : 1.588384 [31mkl_synergy_1 : 0.337038 [31mkl_synergy_2 : 0.323281 [31mtotal : 5.412077 [94mAcc_combined: 53.84 [94mAcc_c: 42.94 [94mAcc_g: 48.61 [97mS:[93m26.5%[97m([91m7.6c[97m-[94mF1:15.9%) [97mU1:[93m66.5%[97m([91m16.1c[97m) [97mU2:[93m48.4%[97m([91m11.8c[97m) [97mR:[93m80.5%[97m([91m18.4c[97m) [97mS-L: [92m1:[96m50% [92m2:[96m18% [92m3:[96m6% [92m4:[96m8% [92m5:[96m14% [92m6:[96m42%[39m [34mF1_perclass: 56.6-71.5-49.3-42.6-52.9-64.8-36.0 [39m[39m
2026-01-15 20:56:25,294 - Agent - INFO - Total number of trainable parameters are: 22487018
2026-01-15 20:57:50,942 - Agent - INFO - [37mVal Epoch 82 step 82 with [31mce_loss_combined : 1.533310 [31mce_loss_c : 1.588695 [31mce_loss_g : 1.563030 [31mce_mask0 : 1.536709 [31mce_mask1 : 1.538697 [31mkl_synergy_1 : 0.385381 [31mkl_synergy_2 : 0.354249 [31mtotal : 5.348344 [94mAcc_combined: 56.15 [94mAcc_c: 47.72 [94mAcc_g: 41.80 [97mS:[93m41.0%[97m([91m12.2c[97m-[94mF1:33.9%) [97mU1:[93m70.8%[97m([91m16.9c[97m) [97mU2:[93m35.1%[97m([91m6.9c[97m) [97mR:[93m75.6%[97m([91m20.2c[97m) [97mS-L: [92m1:[96m52% [92m2:[96m30% [92m3:[96m19% [92m4:[96m33% [92m5:[96m40% [92m6:[96m52%[39m [34mF1_perclass: 63.4-65.9-55.1-49.7-57.3-68.2-38.1 [39m[39m
2026-01-15 20:57:51,016 - Agent - INFO - [37mTest Epoch 82 step 82 with [31mce_loss_combined : 1.557001 [31mce_loss_c : 1.613480 [31mce_loss_g : 1.562493 [31mce_mask0 : 1.564251 [31mce_mask1 : 1.565299 [31mkl_synergy_1 : 0.358926 [31mkl_synergy_2 : 0.350455 [31mtotal : 5.395933 [94mAcc_combined: 53.28 [94mAcc_c: 41.38 [94mAcc_g: 44.16 [97mS:[93m30.7%[97m([91m8.8c[97m-[94mF1:19.4%) [97mU1:[93m68.8%[97m([91m16.7c[97m) [97mU2:[93m39.7%[97m([91m9.7c[97m) [97mR:[93m79.5%[97m([91m18.1c[97m) [97mS-L: [92m1:[96m38% [92m2:[96m18% [92m3:[96m8% [92m4:[96m4% [92m5:[96m48% [92m6:[96m47%[39m [34mF1_perclass: 60.6-68.1-50.7-35.6-49.5-66.7-37.9 [39m[39m
2026-01-15 20:57:51,017 - Agent - INFO - Total number of trainable parameters are: 22487018
2026-01-15 20:59:09,721 - Agent - INFO - [37mVal Epoch 83 step 83 with [31mce_loss_combined : 1.533414 [31mce_loss_c : 1.583885 [31mce_loss_g : 1.573515 [31mce_mask0 : 1.542830 [31mce_mask1 : 1.540179 [31mkl_synergy_1 : 0.395478 [31mkl_synergy_2 : 0.350104 [31mtotal : 5.362004 [94mAcc_combined: 57.86 [94mAcc_c: 49.32 [94mAcc_g: 42.94 [97mS:[93m44.4%[97m([91m13.2c[97m-[94mF1:32.6%) [97mU1:[93m69.4%[97m([91m16.5c[97m) [97mU2:[93m34.5%[97m([91m6.8c[97m) [97mR:[93m79.9%[97m([91m21.3c[97m) [97mS-L: [92m1:[96m65% [92m2:[96m32% [92m3:[96m13% [92m4:[96m13% [92m5:[96m35% [92m6:[96m64%[39m [34mF1_perclass: 62.0-73.5-57.3-41.2-56.4-73.4-41.7 [39m[39m
2026-01-15 20:59:09,798 - Agent - INFO - [37mTest Epoch 83 step 83 with [31mce_loss_combined : 1.634095 [31mce_loss_c : 1.600425 [31mce_loss_g : 1.640962 [31mce_mask0 : 1.638202 [31mce_mask1 : 1.637630 [31mkl_synergy_1 : 0.373677 [31mkl_synergy_2 : 0.318581 [31mtotal : 5.602184 [94mAcc_combined: 51.39 [94mAcc_c: 44.27 [94mAcc_g: 42.05 [97mS:[93m31.9%[97m([91m9.1c[97m-[94mF1:14.5%) [97mU1:[93m59.6%[97m([91m14.5c[97m) [97mU2:[93m37.9%[97m([91m9.2c[97m) [97mR:[93m81.5%[97m([91m18.6c[97m) [97mS-L: [92m1:[96m38% [92m2:[96m11% [92m5:[96m24% [92m6:[96m59%[39m [34mF1_perclass: 59.6-65.4-44.1-33.7-47.7-65.8-37.9 [39m[39m
2026-01-15 20:59:10,877 - Agent - INFO - [37mModel saved successfully at: /esat/smcdata/users/kkontras/Image_Dataset/no_backup/data/2025_data/synergy/CremadPlus/v2/SynIB_RMask_fold0_l1_vldsyn_accuracy_fillema_lsparse5_lr0.0001_wd0.0001_clsmlp_bs64.pth.tar[39m
2026-01-15 20:59:10,889 - Agent - INFO - Total number of trainable parameters are: 22487018
2026-01-15 21:00:34,880 - Agent - INFO - [37mVal Epoch 84 step 84 with [31mce_loss_combined : 1.616712 [31mce_loss_c : 1.633417 [31mce_loss_g : 1.580167 [31mce_mask0 : 1.624175 [31mce_mask1 : 1.615708 [31mkl_synergy_1 : 0.352977 [31mkl_synergy_2 : 0.311404 [31mtotal : 5.520977 [94mAcc_combined: 51.59 [94mAcc_c: 46.70 [94mAcc_g: 38.84 [97mS:[93m36.8%[97m([91m10.9c[97m-[94mF1:29.7%) [97mU1:[93m62.2%[97m([91m14.8c[97m) [97mU2:[93m31.6%[97m([91m6.3c[97m) [97mR:[93m73.5%[97m([91m19.6c[97m) [97mS-L: [92m1:[96m35% [92m2:[96m27% [92m3:[96m26% [92m4:[96m27% [92m5:[96m50% [92m6:[96m45%[39m [34mF1_perclass: 49.7-60.5-48.8-49.4-57.0-66.2-33.4 [39m[39m
2026-01-15 21:00:34,916 - Agent - INFO - [37mTest Epoch 84 step 84 with [31mce_loss_combined : 1.675308 [31mce_loss_c : 1.638358 [31mce_loss_g : 1.598594 [31mce_mask0 : 1.674788 [31mce_mask1 : 1.681857 [31mkl_synergy_1 : 0.318384 [31mkl_synergy_2 : 0.278338 [31mtotal : 5.628674 [94mAcc_combined: 47.16 [94mAcc_c: 43.27 [94mAcc_g: 42.05 [97mS:[93m26.1%[97m([91m7.5c[97m-[94mF1:16.9%) [97mU1:[93m60.6%[97m([91m14.7c[97m) [97mU2:[93m33.8%[97m([91m8.2c[97m) [97mR:[93m73.7%[97m([91m16.8c[97m) [97mS-L: [92m1:[96m25% [92m2:[96m13% [92m3:[96m14% [92m4:[96m8% [92m5:[96m43% [92m6:[96m37%[39m [34mF1_perclass: 38.4-60.3-45.5-42.0-46.6-56.7-34.3 [39m[39m
2026-01-15 21:00:34,917 - Agent - INFO - Total number of trainable parameters are: 22487018
2026-01-15 21:01:58,190 - Agent - INFO - [37mVal Epoch 85 step 85 with [31mce_loss_combined : 1.575335 [31mce_loss_c : 1.624569 [31mce_loss_g : 1.598120 [31mce_mask0 : 1.582985 [31mce_mask1 : 1.580728 [31mkl_synergy_1 : 0.323108 [31mkl_synergy_2 : 0.307040 [31mtotal : 5.369195 [94mAcc_combined: 57.63 [94mAcc_c: 47.95 [94mAcc_g: 40.77 [97mS:[93m35.2%[97m([91m10.5c[97m-[94mF1:29.7%) [97mU1:[93m72.7%[97m([91m17.3c[97m) [97mU2:[93m39.1%[97m([91m7.7c[97m) [97mR:[93m82.9%[97m([91m22.1c[97m) [97mS-L: [92m1:[96m39% [92m2:[96m27% [92m3:[96m32% [92m4:[96m17% [92m5:[96m35% [92m6:[96m44%[39m [34mF1_perclass: 61.5-66.9-53.3-56.9-55.5-74.2-38.3 [39m[39m
2026-01-15 21:01:58,238 - Agent - INFO - [37mTest Epoch 85 step 85 with [31mce_loss_combined : 1.605237 [31mce_loss_c : 1.624001 [31mce_loss_g : 1.595095 [31mce_mask0 : 1.604071 [31mce_mask1 : 1.611449 [31mkl_synergy_1 : 0.307338 [31mkl_synergy_2 : 0.293342 [31mtotal : 5.421437 [94mAcc_combined: 51.61 [94mAcc_c: 44.38 [94mAcc_g: 44.38 [97mS:[93m26.1%[97m([91m7.5c[97m-[94mF1:18.1%) [97mU1:[93m65.1%[97m([91m15.8c[97m) [97mU2:[93m41.6%[97m([91m10.1c[97m) [97mR:[93m80.0%[97m([91m18.2c[97m) [97mS-L: [92m0:[96m8% [92m1:[96m25% [92m2:[96m16% [92m3:[96m17% [92m4:[96m17% [92m5:[96m14% [92m6:[96m38%[39m [34mF1_perclass: 58.6-63.4-48.3-44.3-48.3-63.1-36.1 [39m[39m
2026-01-15 21:01:58,240 - Agent - INFO - Total number of trainable parameters are: 22487018
2026-01-15 21:03:20,822 - Agent - INFO - [37mVal Epoch 86 step 86 with [31mce_loss_combined : 1.597525 [31mce_loss_c : 1.621200 [31mce_loss_g : 1.688894 [31mce_mask0 : 1.601688 [31mce_mask1 : 1.602567 [31mkl_synergy_1 : 0.389624 [31mkl_synergy_2 : 0.374469 [31mtotal : 5.565873 [94mAcc_combined: 51.82 [94mAcc_c: 47.84 [94mAcc_g: 35.54 [97mS:[93m32.6%[97m([91m9.7c[97m-[94mF1:22.6%) [97mU1:[93m66.5%[97m([91m15.8c[97m) [97mU2:[93m34.5%[97m([91m6.8c[97m) [97mR:[93m73.1%[97m([91m19.5c[97m) [97mS-L: [92m1:[96m9% [92m2:[96m27% [92m3:[96m19% [92m4:[96m20% [92m5:[96m20% [92m6:[96m49%[39m [34mF1_perclass: 59.6-43.2-54.3-44.6-61.7-70.4-35.3 [39m[39m
2026-01-15 21:03:20,900 - Agent - INFO - [37mTest Epoch 86 step 86 with [31mce_loss_combined : 1.589532 [31mce_loss_c : 1.625918 [31mce_loss_g : 1.636988 [31mce_mask0 : 1.592332 [31mce_mask1 : 1.596471 [31mkl_synergy_1 : 0.343329 [31mkl_synergy_2 : 0.329546 [31mtotal : 5.451211 [94mAcc_combined: 52.39 [94mAcc_c: 43.60 [94mAcc_g: 41.38 [97mS:[93m30.0%[97m([91m8.6c[97m-[94mF1:18.0%) [97mU1:[93m66.1%[97m([91m16.0c[97m) [97mU2:[93m38.4%[97m([91m9.3c[97m) [97mR:[93m81.0%[97m([91m18.5c[97m) [97mS-L: [92m0:[96m17% [92m2:[96m21% [92m3:[96m11% [92m4:[96m12% [92m5:[96m24% [92m6:[96m47%[39m [34mF1_perclass: 62.3-60.8-48.4-41.9-57.4-62.2-37.3 [39m[39m
2026-01-15 21:03:20,901 - Agent - INFO - Total number of trainable parameters are: 22487018
2026-01-15 21:04:40,658 - Agent - INFO - [37mVal Epoch 87 step 87 with [31mce_loss_combined : 1.556866 [31mce_loss_c : 1.615991 [31mce_loss_g : 1.614522 [31mce_mask0 : 1.560604 [31mce_mask1 : 1.564811 [31mkl_synergy_1 : 0.393892 [31mkl_synergy_2 : 0.361525 [31mtotal : 5.437698 [94mAcc_combined: 55.47 [94mAcc_c: 50.23 [94mAcc_g: 40.32 [97mS:[93m36.8%[97m([91m10.9c[97m-[94mF1:27.7%) [97mU1:[93m69.9%[97m([91m16.6c[97m) [97mU2:[93m36.8%[97m([91m7.3c[97m) [97mR:[93m77.4%[97m([91m20.6c[97m) [97mS-L: [92m1:[96m30% [92m2:[96m57% [92m3:[96m26% [92m4:[96m17% [92m5:[96m10% [92m6:[96m46%[39m [34mF1_perclass: 60.4-61.4-51.4-56.9-58.7-68.2-38.9 [39m[39m
2026-01-15 21:04:40,740 - Agent - INFO - [37mTest Epoch 87 step 87 with [31mce_loss_combined : 1.588271 [31mce_loss_c : 1.645990 [31mce_loss_g : 1.589542 [31mce_mask0 : 1.605433 [31mce_mask1 : 1.583642 [31mkl_synergy_1 : 0.388391 [31mkl_synergy_2 : 0.342325 [31mtotal : 5.508062 [94mAcc_combined: 51.17 [94mAcc_c: 41.60 [94mAcc_g: 43.72 [97mS:[93m28.0%[97m([91m8.0c[97m-[94mF1:17.4%) [97mU1:[93m63.8%[97m([91m15.5c[97m) [97mU2:[93m38.8%[97m([91m9.5c[97m) [97mR:[93m80.0%[97m([91m18.2c[97m) [97mS-L: [92m1:[96m12% [92m2:[96m39% [92m3:[96m8% [92m4:[96m12% [92m5:[96m19% [92m6:[96m39%[39m [34mF1_perclass: 49.5-64.4-43.9-42.1-54.0-66.7-37.3 [39m[39m
2026-01-15 21:04:40,741 - Agent - INFO - Total number of trainable parameters are: 22487018
2026-01-15 21:06:00,001 - Agent - INFO - [37mVal Epoch 88 step 88 with [31mce_loss_combined : 1.556849 [31mce_loss_c : 1.597747 [31mce_loss_g : 1.601644 [31mce_mask0 : 1.563747 [31mce_mask1 : 1.562819 [31mkl_synergy_1 : 0.396092 [31mkl_synergy_2 : 0.348108 [31mtotal : 5.427615 [94mAcc_combined: 55.01 [94mAcc_c: 49.54 [94mAcc_g: 39.64 [97mS:[93m39.8%[97m([91m11.8c[97m-[94mF1:30.0%) [97mU1:[93m67.0%[97m([91m15.9c[97m) [97mU2:[93m31.0%[97m([91m6.2c[97m) [97mR:[93m79.1%[97m([91m21.1c[97m) [97mS-L: [92m1:[96m30% [92m2:[96m38% [92m3:[96m23% [92m4:[96m30% [92m5:[96m20% [92m6:[96m54%[39m [34mF1_perclass: 57.7-58.2-50.6-52.0-60.4-72.8-40.5 [39m[39m
2026-01-15 21:06:00,041 - Agent - INFO - [37mTest Epoch 88 step 88 with [31mce_loss_combined : 1.633781 [31mce_loss_c : 1.631535 [31mce_loss_g : 1.619563 [31mce_mask0 : 1.630935 [31mce_mask1 : 1.609923 [31mkl_synergy_1 : 0.390950 [31mkl_synergy_2 : 0.310905 [31mtotal : 5.576493 [94mAcc_combined: 50.83 [94mAcc_c: 43.94 [94mAcc_g: 40.04 [97mS:[93m30.4%[97m([91m8.7c[97m-[94mF1:16.1%) [97mU1:[93m62.8%[97m([91m15.2c[97m) [97mU2:[93m37.4%[97m([91m9.1c[97m) [97mR:[93m78.0%[97m([91m17.8c[97m) [97mS-L: [92m2:[96m26% [92m3:[96m8% [92m4:[96m12% [92m5:[96m19% [92m6:[96m49%[39m [34mF1_perclass: 54.0-62.7-40.9-40.0-54.7-67.8-38.4 [39m[39m
2026-01-15 21:06:00,042 - Agent - INFO - Total number of trainable parameters are: 22487018
2026-01-15 21:07:20,725 - Agent - INFO - [37mVal Epoch 89 step 89 with [31mce_loss_combined : 1.596874 [31mce_loss_c : 1.620816 [31mce_loss_g : 1.591784 [31mce_mask0 : 1.602880 [31mce_mask1 : 1.595826 [31mkl_synergy_1 : 0.328314 [31mkl_synergy_2 : 0.309379 [31mtotal : 5.433272 [94mAcc_combined: 53.53 [94mAcc_c: 46.81 [94mAcc_g: 40.21 [97mS:[93m36.8%[97m([91m10.9c[97m-[94mF1:30.9%) [97mU1:[93m62.7%[97m([91m14.9c[97m) [97mU2:[93m39.1%[97m([91m7.7c[97m) [97mR:[93m74.8%[97m([91m19.9c[97m) [97mS-L: [92m1:[96m35% [92m2:[96m19% [92m3:[96m42% [92m4:[96m37% [92m5:[96m45% [92m6:[96m41%[39m [34mF1_perclass: 53.3-62.6-38.9-53.5-60.5-73.9-34.6 [39m[39m
2026-01-15 21:07:20,767 - Agent - INFO - [37mTest Epoch 89 step 89 with [31mce_loss_combined : 1.641774 [31mce_loss_c : 1.668604 [31mce_loss_g : 1.586028 [31mce_mask0 : 1.645240 [31mce_mask1 : 1.649124 [31mkl_synergy_1 : 0.310858 [31mkl_synergy_2 : 0.308839 [31mtotal : 5.555836 [94mAcc_combined: 48.28 [94mAcc_c: 40.60 [94mAcc_g: 44.38 [97mS:[93m28.4%[97m([91m8.1c[97m-[94mF1:19.3%) [97mU1:[93m58.7%[97m([91m14.2c[97m) [97mU2:[93m41.1%[97m([91m10.0c[97m) [97mR:[93m69.8%[97m([91m15.9c[97m) [97mS-L: [92m1:[96m12% [92m2:[96m18% [92m3:[96m31% [92m4:[96m33% [92m5:[96m14% [92m6:[96m36%[39m [34mF1_perclass: 35.0-60.3-38.1-45.8-53.9-66.0-33.8 [39m[39m
2026-01-15 21:07:20,768 - Agent - INFO - Total number of trainable parameters are: 22487018
2026-01-15 21:08:40,288 - Agent - INFO - [37mVal Epoch 90 step 90 with [31mce_loss_combined : 1.529209 [31mce_loss_c : 1.621079 [31mce_loss_g : 1.539985 [31mce_mask0 : 1.527867 [31mce_mask1 : 1.531429 [31mkl_synergy_1 : 0.363622 [31mkl_synergy_2 : 0.359945 [31mtotal : 5.312071 [94mAcc_combined: 57.63 [94mAcc_c: 49.32 [94mAcc_g: 44.87 [97mS:[93m40.2%[97m([91m12.0c[97m-[94mF1:31.9%) [97mU1:[93m70.8%[97m([91m16.9c[97m) [97mU2:[93m37.4%[97m([91m7.4c[97m) [97mR:[93m80.3%[97m([91m21.4c[97m) [97mS-L: [92m1:[96m48% [92m2:[96m24% [92m3:[96m35% [92m4:[96m30% [92m5:[96m20% [92m6:[96m53%[39m [34mF1_perclass: 61.0-70.8-53.1-53.0-60.5-70.2-40.5 [39m[39m
2026-01-15 21:08:40,313 - Agent - INFO - [37mTest Epoch 90 step 90 with [31mce_loss_combined : 1.576916 [31mce_loss_c : 1.637852 [31mce_loss_g : 1.545438 [31mce_mask0 : 1.590665 [31mce_mask1 : 1.582932 [31mkl_synergy_1 : 0.312898 [31mkl_synergy_2 : 0.297897 [31mtotal : 5.361308 [94mAcc_combined: 54.06 [94mAcc_c: 44.05 [94mAcc_g: 45.49 [97mS:[93m31.1%[97m([91m8.9c[97m-[94mF1:19.7%) [97mU1:[93m67.0%[97m([91m16.2c[97m) [97mU2:[93m43.8%[97m([91m10.7c[97m) [97mR:[93m80.0%[97m([91m18.2c[97m) [97mS-L: [92m1:[96m25% [92m2:[96m16% [92m3:[96m19% [92m4:[96m17% [92m5:[96m24% [92m6:[96m47%[39m [34mF1_perclass: 59.8-68.0-50.3-47.1-52.9-64.1-38.8 [39m[39m
2026-01-15 21:08:41,565 - Agent - INFO - Total number of trainable parameters are: 22487018
2026-01-15 21:10:01,132 - Agent - INFO - [37mVal Epoch 91 step 91 with [31mce_loss_combined : 1.573346 [31mce_loss_c : 1.577102 [31mce_loss_g : 1.609117 [31mce_mask0 : 1.575418 [31mce_mask1 : 1.585513 [31mkl_synergy_1 : 0.367046 [31mkl_synergy_2 : 0.335816 [31mtotal : 5.437138 [94mAcc_combined: 52.96 [94mAcc_c: 50.80 [94mAcc_g: 40.21 [97mS:[93m38.7%[97m([91m11.5c[97m-[94mF1:30.9%) [97mU1:[93m58.4%[97m([91m13.9c[97m) [97mU2:[93m42.5%[97m([91m8.4c[97m) [97mR:[93m71.8%[97m([91m19.1c[97m) [97mS-L: [92m1:[96m35% [92m2:[96m19% [92m3:[96m29% [92m4:[96m47% [92m5:[96m45% [92m6:[96m47%[39m [34mF1_perclass: 43.7-61.1-47.9-52.5-61.5-72.9-33.5 [39m[39m
2026-01-15 21:10:01,156 - Agent - INFO - [37mTest Epoch 91 step 91 with [31mce_loss_combined : 1.622500 [31mce_loss_c : 1.620237 [31mce_loss_g : 1.606238 [31mce_mask0 : 1.628178 [31mce_mask1 : 1.618505 [31mkl_synergy_1 : 0.357596 [31mkl_synergy_2 : 0.343562 [31mtotal : 5.570341 [94mAcc_combined: 49.39 [94mAcc_c: 44.05 [94mAcc_g: 41.38 [97mS:[93m29.6%[97m([91m8.5c[97m-[94mF1:19.6%) [97mU1:[93m59.2%[97m([91m14.3c[97m) [97mU2:[93m38.4%[97m([91m9.3c[97m) [97mR:[93m75.6%[97m([91m17.2c[97m) [97mS-L: [92m1:[96m25% [92m2:[96m13% [92m3:[96m22% [92m4:[96m29% [92m5:[96m19% [92m6:[96m42%[39m [34mF1_perclass: 20.5-65.7-49.4-44.7-51.8-64.5-35.7 [39m[39m
2026-01-15 21:10:01,157 - Agent - INFO - Total number of trainable parameters are: 22487018
2026-01-15 21:11:21,551 - Agent - INFO - [37mVal Epoch 92 step 92 with [31mce_loss_combined : 1.553735 [31mce_loss_c : 1.614453 [31mce_loss_g : 1.537391 [31mce_mask0 : 1.562012 [31mce_mask1 : 1.559143 [31mkl_synergy_1 : 0.344267 [31mkl_synergy_2 : 0.321724 [31mtotal : 5.340882 [94mAcc_combined: 56.72 [94mAcc_c: 46.81 [94mAcc_g: 42.94 [97mS:[93m38.7%[97m([91m11.5c[97m-[94mF1:30.1%) [97mU1:[93m67.0%[97m([91m15.9c[97m) [97mU2:[93m40.2%[97m([91m8.0c[97m) [97mR:[93m79.9%[97m([91m21.3c[97m) [97mS-L: [92m0:[96m25% [92m1:[96m48% [92m2:[96m30% [92m3:[96m19% [92m4:[96m23% [92m5:[96m30% [92m6:[96m51%[39m [34mF1_perclass: 58.2-68.7-52.3-53.7-59.3-68.3-39.3 [39m[39m
2026-01-15 21:11:21,582 - Agent - INFO - [37mTest Epoch 92 step 92 with [31mce_loss_combined : 1.658515 [31mce_loss_c : 1.659316 [31mce_loss_g : 1.587197 [31mce_mask0 : 1.668617 [31mce_mask1 : 1.661743 [31mkl_synergy_1 : 0.320057 [31mkl_synergy_2 : 0.297297 [31mtotal : 5.606229 [94mAcc_combined: 50.17 [94mAcc_c: 43.05 [94mAcc_g: 43.49 [97mS:[93m24.9%[97m([91m7.1c[97m-[94mF1:14.7%) [97mU1:[93m61.9%[97m([91m15.0c[97m) [97mU2:[93m40.6%[97m([91m9.9c[97m) [97mR:[93m79.5%[97m([91m18.1c[97m) [97mS-L: [92m1:[96m25% [92m2:[96m16% [92m3:[96m3% [92m4:[96m8% [92m5:[96m24% [92m6:[96m41%[39m [34mF1_perclass: 52.9-65.1-44.9-38.8-47.1-63.4-35.1 [39m[39m
2026-01-15 21:11:21,583 - Agent - INFO - Total number of trainable parameters are: 22487018
2026-01-15 21:12:42,216 - Agent - INFO - [37mVal Epoch 93 step 93 with [31mce_loss_combined : 1.598565 [31mce_loss_c : 1.602335 [31mce_loss_g : 1.577709 [31mce_mask0 : 1.600679 [31mce_mask1 : 1.607542 [31mkl_synergy_1 : 0.317112 [31mkl_synergy_2 : 0.285107 [31mtotal : 5.409004 [94mAcc_combined: 55.13 [94mAcc_c: 47.49 [94mAcc_g: 40.89 [97mS:[93m38.7%[97m([91m11.5c[97m-[94mF1:32.2%) [97mU1:[93m67.9%[97m([91m16.2c[97m) [97mU2:[93m35.6%[97m([91m7.1c[97m) [97mR:[93m76.5%[97m([91m20.4c[97m) [97mS-L: [92m1:[96m48% [92m2:[96m38% [92m3:[96m32% [92m4:[96m13% [92m5:[96m55% [92m6:[96m44%[39m [34mF1_perclass: 54.4-69.2-49.6-55.0-54.7-69.5-35.2 [39m[39m
2026-01-15 21:12:42,240 - Agent - INFO - [37mTest Epoch 93 step 93 with [31mce_loss_combined : 1.657910 [31mce_loss_c : 1.632720 [31mce_loss_g : 1.607180 [31mce_mask0 : 1.655880 [31mce_mask1 : 1.647655 [31mkl_synergy_1 : 0.279126 [31mkl_synergy_2 : 0.274667 [31mtotal : 5.515238 [94mAcc_combined: 47.61 [94mAcc_c: 43.16 [94mAcc_g: 39.49 [97mS:[93m28.4%[97m([91m8.1c[97m-[94mF1:18.7%) [97mU1:[93m56.0%[97m([91m13.6c[97m) [97mU2:[93m36.5%[97m([91m8.9c[97m) [97mR:[93m74.6%[97m([91m17.0c[97m) [97mS-L: [92m1:[96m38% [92m2:[96m11% [92m3:[96m22% [92m4:[96m8% [92m5:[96m33% [92m6:[96m42%[39m [34mF1_perclass: 45.5-61.1-41.3-42.2-42.7-60.0-34.6 [39m[39m
2026-01-15 21:12:42,241 - Agent - INFO - Total number of trainable parameters are: 22487018
2026-01-15 21:14:02,876 - Agent - INFO - [37mVal Epoch 94 step 94 with [31mce_loss_combined : 1.542404 [31mce_loss_c : 1.605012 [31mce_loss_g : 1.537141 [31mce_mask0 : 1.544142 [31mce_mask1 : 1.543650 [31mkl_synergy_1 : 0.385258 [31mkl_synergy_2 : 0.362968 [31mtotal : 5.378421 [94mAcc_combined: 58.77 [94mAcc_c: 49.54 [94mAcc_g: 46.81 [97mS:[93m42.9%[97m([91m12.8c[97m-[94mF1:35.4%) [97mU1:[93m67.9%[97m([91m16.2c[97m) [97mU2:[93m40.2%[97m([91m8.0c[97m) [97mR:[93m82.1%[97m([91m21.9c[97m) [97mS-L: [92m1:[96m48% [92m2:[96m30% [92m3:[96m35% [92m4:[96m23% [92m5:[96m45% [92m6:[96m54%[39m [34mF1_perclass: 57.4-72.8-50.5-56.1-59.5-76.7-42.4 [39m[39m
2026-01-15 21:14:02,950 - Agent - INFO - [37mTest Epoch 94 step 94 with [31mce_loss_combined : 1.633268 [31mce_loss_c : 1.638669 [31mce_loss_g : 1.574134 [31mce_mask0 : 1.644023 [31mce_mask1 : 1.645223 [31mkl_synergy_1 : 0.345344 [31mkl_synergy_2 : 0.318662 [31mtotal : 5.586520 [94mAcc_combined: 49.94 [94mAcc_c: 42.05 [94mAcc_g: 44.72 [97mS:[93m25.7%[97m([91m7.3c[97m-[94mF1:15.9%) [97mU1:[93m62.8%[97m([91m15.2c[97m) [97mU2:[93m39.7%[97m([91m9.7c[97m) [97mR:[93m77.6%[97m([91m17.7c[97m) [97mS-L: [92m1:[96m38% [92m2:[96m11% [92m3:[96m14% [92m4:[96m8% [92m5:[96m19% [92m6:[96m41%[39m [34mF1_perclass: 56.4-61.1-43.4-45.8-45.9-63.2-34.7 [39m[39m
2026-01-15 21:14:02,951 - Agent - INFO - Total number of trainable parameters are: 22487018
2026-01-15 21:15:22,968 - Agent - INFO - [37mVal Epoch 95 step 95 with [31mce_loss_combined : 1.560740 [31mce_loss_c : 1.608157 [31mce_loss_g : 1.576416 [31mce_mask0 : 1.563110 [31mce_mask1 : 1.568148 [31mkl_synergy_1 : 0.366071 [31mkl_synergy_2 : 0.338854 [31mtotal : 5.396924 [94mAcc_combined: 55.47 [94mAcc_c: 48.29 [94mAcc_g: 41.34 [97mS:[93m36.0%[97m([91m10.7c[97m-[94mF1:27.2%) [97mU1:[93m69.4%[97m([91m16.5c[97m) [97mU2:[93m36.8%[97m([91m7.3c[97m) [97mR:[93m78.6%[97m([91m21.0c[97m) [97mS-L: [92m1:[96m35% [92m2:[96m30% [92m3:[96m23% [92m4:[96m10% [92m5:[96m35% [92m6:[96m50%[39m [34mF1_perclass: 60.7-61.4-53.0-54.5-56.2-69.3-38.5 [39m[39m
2026-01-15 21:15:23,041 - Agent - INFO - [37mTest Epoch 95 step 95 with [31mce_loss_combined : 1.621061 [31mce_loss_c : 1.636961 [31mce_loss_g : 1.567102 [31mce_mask0 : 1.630613 [31mce_mask1 : 1.625987 [31mkl_synergy_1 : 0.351649 [31mkl_synergy_2 : 0.315421 [31mtotal : 5.544732 [94mAcc_combined: 52.73 [94mAcc_c: 43.05 [94mAcc_g: 43.27 [97mS:[93m28.4%[97m([91m8.1c[97m-[94mF1:16.8%) [97mU1:[93m67.9%[97m([91m16.5c[97m) [97mU2:[93m39.3%[97m([91m9.6c[97m) [97mR:[93m81.5%[97m([91m18.6c[97m) [97mS-L: [92m1:[96m25% [92m2:[96m21% [92m3:[96m3% [92m4:[96m8% [92m5:[96m33% [92m6:[96m45%[39m [34mF1_perclass: 64.8-61.1-48.4-44.8-50.8-64.4-36.5 [39m[39m
2026-01-15 21:15:23,043 - Agent - INFO - Total number of trainable parameters are: 22487018
2026-01-15 21:16:47,695 - Agent - INFO - [37mVal Epoch 96 step 96 with [31mce_loss_combined : 1.569038 [31mce_loss_c : 1.613026 [31mce_loss_g : 1.519550 [31mce_mask0 : 1.567466 [31mce_mask1 : 1.572242 [31mkl_synergy_1 : 0.371368 [31mkl_synergy_2 : 0.360162 [31mtotal : 5.440276 [94mAcc_combined: 55.81 [94mAcc_c: 49.20 [94mAcc_g: 44.53 [97mS:[93m38.3%[97m([91m11.4c[97m-[94mF1:32.5%) [97mU1:[93m66.5%[97m([91m15.8c[97m) [97mU2:[93m37.4%[97m([91m7.4c[97m) [97mR:[93m79.5%[97m([91m21.2c[97m) [97mS-L: [92m1:[96m52% [92m2:[96m27% [92m3:[96m29% [92m4:[96m33% [92m5:[96m55% [92m6:[96m41%[39m [34mF1_perclass: 56.6-68.9-45.1-54.4-64.3-64.0-36.6 [39m[39m
2026-01-15 21:16:47,751 - Agent - INFO - [37mTest Epoch 96 step 96 with [31mce_loss_combined : 1.665864 [31mce_loss_c : 1.645333 [31mce_loss_g : 1.591130 [31mce_mask0 : 1.661141 [31mce_mask1 : 1.662017 [31mkl_synergy_1 : 0.355086 [31mkl_synergy_2 : 0.308995 [31mtotal : 5.653103 [94mAcc_combined: 48.05 [94mAcc_c: 42.16 [94mAcc_g: 41.05 [97mS:[93m27.6%[97m([91m7.9c[97m-[94mF1:17.4%) [97mU1:[93m60.6%[97m([91m14.7c[97m) [97mU2:[93m32.9%[97m([91m8.0c[97m) [97mR:[93m76.6%[97m([91m17.5c[97m) [97mS-L: [92m1:[96m38% [92m2:[96m13% [92m3:[96m8% [92m4:[96m8% [92m5:[96m38% [92m6:[96m42%[39m [34mF1_perclass: 50.0-54.8-40.7-42.2-51.2-59.8-34.6 [39m[39m
2026-01-15 21:16:47,753 - Agent - INFO - Total number of trainable parameters are: 22487018
2026-01-15 21:18:13,569 - Agent - INFO - [37mVal Epoch 97 step 97 with [31mce_loss_combined : 1.558940 [31mce_loss_c : 1.618559 [31mce_loss_g : 1.535157 [31mce_mask0 : 1.569049 [31mce_mask1 : 1.562973 [31mkl_synergy_1 : 0.373064 [31mkl_synergy_2 : 0.335860 [31mtotal : 5.399886 [94mAcc_combined: 57.97 [94mAcc_c: 47.95 [94mAcc_g: 45.10 [97mS:[93m37.2%[97m([91m11.0c[97m-[94mF1:28.6%) [97mU1:[93m71.8%[97m([91m17.1c[97m) [97mU2:[93m40.8%[97m([91m8.1c[97m) [97mR:[93m81.6%[97m([91m21.8c[97m) [97mS-L: [92m1:[96m48% [92m2:[96m24% [92m3:[96m16% [92m4:[96m27% [92m5:[96m35% [92m6:[96m49%[39m [34mF1_perclass: 60.1-71.9-48.2-50.5-64.8-70.9-39.4 [39m[39m
2026-01-15 21:18:13,592 - Agent - INFO - [37mTest Epoch 97 step 97 with [31mce_loss_combined : 1.663158 [31mce_loss_c : 1.663382 [31mce_loss_g : 1.608324 [31mce_mask0 : 1.662901 [31mce_mask1 : 1.683722 [31mkl_synergy_1 : 0.359038 [31mkl_synergy_2 : 0.308211 [31mtotal : 5.677032 [94mAcc_combined: 47.94 [94mAcc_c: 42.94 [94mAcc_g: 40.82 [97mS:[93m26.8%[97m([91m7.7c[97m-[94mF1:15.9%) [97mU1:[93m56.4%[97m([91m13.7c[97m) [97mU2:[93m36.1%[97m([91m8.8c[97m) [97mR:[93m78.0%[97m([91m17.8c[97m) [97mS-L: [92m1:[96m38% [92m2:[96m11% [92m3:[96m8% [92m4:[96m12% [92m5:[96m19% [92m6:[96m44%[39m [34mF1_perclass: 51.5-59.1-37.8-42.9-52.3-60.3-32.8 [39m[39m
2026-01-15 21:18:13,593 - Agent - INFO - Total number of trainable parameters are: 22487018
2026-01-15 21:19:37,469 - Agent - INFO - [37mVal Epoch 98 step 98 with [31mce_loss_combined : 1.569135 [31mce_loss_c : 1.639471 [31mce_loss_g : 1.504954 [31mce_mask0 : 1.572753 [31mce_mask1 : 1.583003 [31mkl_synergy_1 : 0.353075 [31mkl_synergy_2 : 0.330778 [31mtotal : 5.408745 [94mAcc_combined: 56.95 [94mAcc_c: 47.84 [94mAcc_g: 46.24 [97mS:[93m39.1%[97m([91m11.6c[97m-[94mF1:31.5%) [97mU1:[93m64.6%[97m([91m15.4c[97m) [97mU2:[93m39.7%[97m([91m7.9c[97m) [97mR:[93m82.9%[97m([91m22.1c[97m) [97mS-L: [92m1:[96m57% [92m2:[96m35% [92m3:[96m29% [92m4:[96m30% [92m5:[96m25% [92m6:[96m46%[39m [34mF1_perclass: 57.0-70.7-50.2-50.4-59.8-69.8-41.3 [39m[39m
2026-01-15 21:19:37,546 - Agent - INFO - [37mTest Epoch 98 step 98 with [31mce_loss_combined : 1.639544 [31mce_loss_c : 1.660354 [31mce_loss_g : 1.587905 [31mce_mask0 : 1.640973 [31mce_mask1 : 1.645710 [31mkl_synergy_1 : 0.316960 [31mkl_synergy_2 : 0.304772 [31mtotal : 5.547960 [94mAcc_combined: 48.83 [94mAcc_c: 44.94 [94mAcc_g: 44.72 [97mS:[93m25.7%[97m([91m7.3c[97m-[94mF1:15.6%) [97mU1:[93m57.3%[97m([91m13.9c[97m) [97mU2:[93m42.0%[97m([91m10.2c[97m) [97mR:[93m76.1%[97m([91m17.4c[97m) [97mS-L: [92m1:[96m50% [92m2:[96m13% [92m3:[96m11% [92m4:[96m8% [92m5:[96m10% [92m6:[96m42%[39m [34mF1_perclass: 51.8-63.5-43.6-41.7-48.9-56.9-35.5 [39m[39m
2026-01-15 21:19:37,548 - Agent - INFO - Total number of trainable parameters are: 22487018
2026-01-15 21:21:01,603 - Agent - INFO - [37mVal Epoch 99 step 99 with [31mce_loss_combined : 1.551303 [31mce_loss_c : 1.625278 [31mce_loss_g : 1.513099 [31mce_mask0 : 1.558340 [31mce_mask1 : 1.551010 [31mkl_synergy_1 : 0.358588 [31mkl_synergy_2 : 0.327917 [31mtotal : 5.347158 [94mAcc_combined: 58.54 [94mAcc_c: 47.72 [94mAcc_g: 45.56 [97mS:[93m41.4%[97m([91m12.3c[97m-[94mF1:34.0%) [97mU1:[93m70.8%[97m([91m16.9c[97m) [97mU2:[93m42.0%[97m([91m8.3c[97m) [97mR:[93m79.1%[97m([91m21.1c[97m) [97mS-L: [92m1:[96m61% [92m2:[96m24% [92m3:[96m32% [92m4:[96m37% [92m5:[96m35% [92m6:[96m49%[39m [34mF1_perclass: 57.4-73.2-53.7-57.0-60.1-71.6-38.6 [39m[39m
2026-01-15 21:21:01,628 - Agent - INFO - [37mTest Epoch 99 step 99 with [31mce_loss_combined : 1.608368 [31mce_loss_c : 1.665586 [31mce_loss_g : 1.552917 [31mce_mask0 : 1.605748 [31mce_mask1 : 1.620144 [31mkl_synergy_1 : 0.350501 [31mkl_synergy_2 : 0.291873 [31mtotal : 5.476633 [94mAcc_combined: 50.72 [94mAcc_c: 42.27 [94mAcc_g: 45.83 [97mS:[93m26.8%[97m([91m7.7c[97m-[94mF1:15.4%) [97mU1:[93m61.9%[97m([91m15.0c[97m) [97mU2:[93m42.0%[97m([91m10.2c[97m) [97mR:[93m78.0%[97m([91m17.8c[97m) [97mS-L: [92m1:[96m38% [92m2:[96m8% [92m3:[96m8% [92m4:[96m12% [92m5:[96m14% [92m6:[96m46%[39m [34mF1_perclass: 45.8-65.5-47.0-45.5-47.5-63.0-37.6 [39m[39m
2026-01-15 21:21:01,629 - Agent - INFO - Total number of trainable parameters are: 22487018
2026-01-15 21:22:25,624 - Agent - INFO - [37mVal Epoch 100 step 100 with [31mce_loss_combined : 1.553089 [31mce_loss_c : 1.635127 [31mce_loss_g : 1.554869 [31mce_mask0 : 1.559071 [31mce_mask1 : 1.557539 [31mkl_synergy_1 : 0.350872 [31mkl_synergy_2 : 0.345108 [31mtotal : 5.365679 [94mAcc_combined: 57.74 [94mAcc_c: 48.75 [94mAcc_g: 42.48 [97mS:[93m39.1%[97m([91m11.6c[97m-[94mF1:32.9%) [97mU1:[93m67.5%[97m([91m16.1c[97m) [97mU2:[93m40.8%[97m([91m8.1c[97m) [97mR:[93m82.5%[97m([91m22.0c[97m) [97mS-L: [92m0:[96m25% [92m1:[96m43% [92m2:[96m24% [92m3:[96m35% [92m4:[96m33% [92m5:[96m40% [92m6:[96m46%[39m [34mF1_perclass: 60.6-66.9-52.1-55.5-59.2-71.3-39.7 [39m[39m
2026-01-15 21:22:25,647 - Agent - INFO - [37mTest Epoch 100 step 100 with [31mce_loss_combined : 1.615584 [31mce_loss_c : 1.657499 [31mce_loss_g : 1.586441 [31mce_mask0 : 1.630891 [31mce_mask1 : 1.612280 [31mkl_synergy_1 : 0.324125 [31mkl_synergy_2 : 0.279668 [31mtotal : 5.462548 [94mAcc_combined: 52.39 [94mAcc_c: 43.05 [94mAcc_g: 41.16 [97mS:[93m28.4%[97m([91m8.1c[97m-[94mF1:17.8%) [97mU1:[93m64.2%[97m([91m15.6c[97m) [97mU2:[93m42.0%[97m([91m10.2c[97m) [97mR:[93m81.0%[97m([91m18.5c[97m) [97mS-L: [92m1:[96m25% [92m2:[96m16% [92m3:[96m11% [92m4:[96m25% [92m5:[96m14% [92m6:[96m44%[39m [34mF1_perclass: 53.6-63.2-49.2-46.5-49.2-62.6-40.0 [39m[39m
2026-01-15 21:22:26,867 - Agent - INFO - Total number of trainable parameters are: 22487018
2026-01-15 21:23:47,135 - Agent - INFO - [37mVal Epoch 101 step 101 with [31mce_loss_combined : 1.523674 [31mce_loss_c : 1.619774 [31mce_loss_g : 1.521351 [31mce_mask0 : 1.525586 [31mce_mask1 : 1.523685 [31mkl_synergy_1 : 0.370047 [31mkl_synergy_2 : 0.360398 [31mtotal : 5.303390 [94mAcc_combined: 60.48 [94mAcc_c: 50.23 [94mAcc_g: 48.06 [97mS:[93m38.7%[97m([91m11.5c[97m-[94mF1:32.4%) [97mU1:[93m77.0%[97m([91m18.3c[97m) [97mU2:[93m42.5%[97m([91m8.4c[97m) [97mR:[93m83.3%[97m([91m22.2c[97m) [97mS-L: [92m1:[96m52% [92m2:[96m32% [92m3:[96m26% [92m4:[96m33% [92m5:[96m25% [92m6:[96m47%[39m [34mF1_perclass: 63.8-72.2-57.3-57.5-61.8-74.0-40.4 [39m[39m
2026-01-15 21:23:47,159 - Agent - INFO - [37mTest Epoch 101 step 101 with [31mce_loss_combined : 1.608380 [31mce_loss_c : 1.652071 [31mce_loss_g : 1.560300 [31mce_mask0 : 1.606826 [31mce_mask1 : 1.606278 [31mkl_synergy_1 : 0.345262 [31mkl_synergy_2 : 0.317492 [31mtotal : 5.484238 [94mAcc_combined: 51.72 [94mAcc_c: 45.05 [94mAcc_g: 44.61 [97mS:[93m28.4%[97m([91m8.1c[97m-[94mF1:17.5%) [97mU1:[93m63.3%[97m([91m15.4c[97m) [97mU2:[93m42.0%[97m([91m10.2c[97m) [97mR:[93m79.0%[97m([91m18.0c[97m) [97mS-L: [92m1:[96m38% [92m2:[96m24% [92m3:[96m11% [92m4:[96m12% [92m5:[96m10% [92m6:[96m44%[39m [34mF1_perclass: 59.7-63.1-47.9-43.4-52.5-60.3-37.6 [39m[39m
2026-01-15 21:23:47,160 - Agent - INFO - Total number of trainable parameters are: 22487018
2026-01-15 21:25:10,952 - Agent - INFO - [37mVal Epoch 102 step 102 with [31mce_loss_combined : 1.553425 [31mce_loss_c : 1.629596 [31mce_loss_g : 1.581825 [31mce_mask0 : 1.557423 [31mce_mask1 : 1.559418 [31mkl_synergy_1 : 0.388004 [31mkl_synergy_2 : 0.371978 [31mtotal : 5.430249 [94mAcc_combined: 56.61 [94mAcc_c: 48.41 [94mAcc_g: 44.65 [97mS:[93m38.3%[97m([91m11.4c[97m-[94mF1:31.5%) [97mU1:[93m71.8%[97m([91m17.1c[97m) [97mU2:[93m38.5%[97m([91m7.6c[97m) [97mR:[93m76.9%[97m([91m20.5c[97m) [97mS-L: [92m0:[96m25% [92m1:[96m35% [92m2:[96m30% [92m3:[96m29% [92m4:[96m20% [92m5:[96m40% [92m6:[96m49%[39m [34mF1_perclass: 60.4-62.7-52.1-54.1-61.3-74.2-37.8 [39m[39m
2026-01-15 21:25:11,009 - Agent - INFO - [37mTest Epoch 102 step 102 with [31mce_loss_combined : 1.591359 [31mce_loss_c : 1.656225 [31mce_loss_g : 1.567162 [31mce_mask0 : 1.592128 [31mce_mask1 : 1.593417 [31mkl_synergy_1 : 0.356885 [31mkl_synergy_2 : 0.330323 [31mtotal : 5.464112 [94mAcc_combined: 51.61 [94mAcc_c: 41.82 [94mAcc_g: 45.27 [97mS:[93m31.1%[97m([91m8.9c[97m-[94mF1:18.6%) [97mU1:[93m64.7%[97m([91m15.7c[97m) [97mU2:[93m37.4%[97m([91m9.1c[97m) [97mR:[93m78.5%[97m([91m17.9c[97m) [97mS-L: [92m1:[96m25% [92m2:[96m16% [92m3:[96m8% [92m4:[96m12% [92m5:[96m29% [92m6:[96m51%[39m [34mF1_perclass: 55.1-62.6-46.1-44.7-48.1-66.2-39.6 [39m[39m
2026-01-15 21:25:11,010 - Agent - INFO - Total number of trainable parameters are: 22487018
2026-01-15 21:26:34,563 - Agent - INFO - [37mVal Epoch 103 step 103 with [31mce_loss_combined : 1.561717 [31mce_loss_c : 1.641218 [31mce_loss_g : 1.565681 [31mce_mask0 : 1.567997 [31mce_mask1 : 1.564718 [31mkl_synergy_1 : 0.364393 [31mkl_synergy_2 : 0.354390 [31mtotal : 5.413215 [94mAcc_combined: 57.06 [94mAcc_c: 47.38 [94mAcc_g: 43.39 [97mS:[93m38.3%[97m([91m11.4c[97m-[94mF1:32.1%) [97mU1:[93m67.0%[97m([91m15.9c[97m) [97mU2:[93m42.5%[97m([91m8.4c[97m) [97mR:[93m79.9%[97m([91m21.3c[97m) [97mS-L: [92m1:[96m39% [92m2:[96m27% [92m3:[96m32% [92m4:[96m33% [92m5:[96m40% [92m6:[96m46%[39m [34mF1_perclass: 57.1-65.4-50.8-57.9-59.7-75.0-37.4 [39m[39m
2026-01-15 21:26:34,587 - Agent - INFO - [37mTest Epoch 103 step 103 with [31mce_loss_combined : 1.623522 [31mce_loss_c : 1.669096 [31mce_loss_g : 1.571688 [31mce_mask0 : 1.633329 [31mce_mask1 : 1.634002 [31mkl_synergy_1 : 0.340949 [31mkl_synergy_2 : 0.292079 [31mtotal : 5.523881 [94mAcc_combined: 50.61 [94mAcc_c: 42.27 [94mAcc_g: 45.83 [97mS:[93m27.6%[97m([91m7.9c[97m-[94mF1:18.4%) [97mU1:[93m63.3%[97m([91m15.4c[97m) [97mU2:[93m40.2%[97m([91m9.8c[97m) [97mR:[93m77.1%[97m([91m17.6c[97m) [97mS-L: [92m1:[96m25% [92m2:[96m13% [92m3:[96m17% [92m4:[96m29% [92m5:[96m19% [92m6:[96m40%[39m [34mF1_perclass: 49.0-60.8-44.6-48.1-48.4-64.1-36.7 [39m[39m
2026-01-15 21:26:34,588 - Agent - INFO - Total number of trainable parameters are: 22487018
2026-01-15 21:27:54,315 - Agent - INFO - [37mVal Epoch 104 step 104 with [31mce_loss_combined : 1.537003 [31mce_loss_c : 1.627219 [31mce_loss_g : 1.525106 [31mce_mask0 : 1.542246 [31mce_mask1 : 1.541324 [31mkl_synergy_1 : 0.390767 [31mkl_synergy_2 : 0.359736 [31mtotal : 5.371076 [94mAcc_combined: 59.79 [94mAcc_c: 48.86 [94mAcc_g: 46.36 [97mS:[93m39.5%[97m([91m11.7c[97m-[94mF1:33.2%) [97mU1:[93m75.6%[97m([91m18.0c[97m) [97mU2:[93m40.8%[97m([91m8.1c[97m) [97mR:[93m82.5%[97m([91m22.0c[97m) [97mS-L: [92m0:[96m25% [92m1:[96m52% [92m2:[96m27% [92m3:[96m29% [92m4:[96m27% [92m5:[96m35% [92m6:[96m48%[39m [34mF1_perclass: 64.1-71.7-53.4-53.7-60.5-74.6-41.8 [39m[39m
2026-01-15 21:27:54,339 - Agent - INFO - [37mTest Epoch 104 step 104 with [31mce_loss_combined : 1.638022 [31mce_loss_c : 1.653956 [31mce_loss_g : 1.578364 [31mce_mask0 : 1.639007 [31mce_mask1 : 1.651751 [31mkl_synergy_1 : 0.336913 [31mkl_synergy_2 : 0.284823 [31mtotal : 5.550517 [94mAcc_combined: 50.95 [94mAcc_c: 44.05 [94mAcc_g: 43.16 [97mS:[93m27.2%[97m([91m7.8c[97m-[94mF1:18.1%) [97mU1:[93m62.4%[97m([91m15.1c[97m) [97mU2:[93m37.4%[97m([91m9.1c[97m) [97mR:[93m82.9%[97m([91m18.9c[97m) [97mS-L: [92m1:[96m38% [92m2:[96m18% [92m3:[96m8% [92m4:[96m21% [92m5:[96m19% [92m6:[96m41%[39m [34mF1_perclass: 56.2-59.9-48.8-42.2-47.8-64.2-36.7 [39m[39m
2026-01-15 21:27:54,340 - Agent - INFO - Total number of trainable parameters are: 22487018
2026-01-15 21:29:20,131 - Agent - INFO - [37mVal Epoch 105 step 105 with [31mce_loss_combined : 1.554733 [31mce_loss_c : 1.638367 [31mce_loss_g : 1.526890 [31mce_mask0 : 1.560715 [31mce_mask1 : 1.559764 [31mkl_synergy_1 : 0.367196 [31mkl_synergy_2 : 0.348593 [31mtotal : 5.391000 [94mAcc_combined: 56.49 [94mAcc_c: 48.06 [94mAcc_g: 45.10 [97mS:[93m38.7%[97m([91m11.5c[97m-[94mF1:32.2%) [97mU1:[93m67.0%[97m([91m15.9c[97m) [97mU2:[93m37.9%[97m([91m7.5c[97m) [97mR:[93m80.8%[97m([91m21.5c[97m) [97mS-L: [92m1:[96m52% [92m2:[96m27% [92m3:[96m32% [92m4:[96m27% [92m5:[96m30% [92m6:[96m47%[39m [34mF1_perclass: 60.4-70.6-52.5-49.6-58.1-73.1-37.2 [39m[39m
2026-01-15 21:29:20,207 - Agent - INFO - [37mTest Epoch 105 step 105 with [31mce_loss_combined : 1.617379 [31mce_loss_c : 1.655434 [31mce_loss_g : 1.556328 [31mce_mask0 : 1.611467 [31mce_mask1 : 1.610946 [31mkl_synergy_1 : 0.313798 [31mkl_synergy_2 : 0.285172 [31mtotal : 5.438763 [94mAcc_combined: 51.17 [94mAcc_c: 42.38 [94mAcc_g: 46.05 [97mS:[93m28.0%[97m([91m8.0c[97m-[94mF1:17.5%) [97mU1:[93m61.9%[97m([91m15.0c[97m) [97mU2:[93m41.1%[97m([91m10.0c[97m) [97mR:[93m79.5%[97m([91m18.1c[97m) [97mS-L: [92m1:[96m25% [92m2:[96m8% [92m3:[96m25% [92m4:[96m8% [92m5:[96m24% [92m6:[96m43%[39m [34mF1_perclass: 55.7-65.0-45.6-44.4-45.5-64.4-37.4 [39m[39m
2026-01-15 21:29:20,209 - Agent - INFO - Total number of trainable parameters are: 22487018
2026-01-15 21:30:42,686 - Agent - INFO - [37mVal Epoch 106 step 106 with [31mce_loss_combined : 1.558716 [31mce_loss_c : 1.634396 [31mce_loss_g : 1.524620 [31mce_mask0 : 1.561403 [31mce_mask1 : 1.563968 [31mkl_synergy_1 : 0.397518 [31mkl_synergy_2 : 0.366151 [31mtotal : 5.447755 [94mAcc_combined: 56.49 [94mAcc_c: 48.52 [94mAcc_g: 45.90 [97mS:[93m38.7%[97m([91m11.5c[97m-[94mF1:32.1%) [97mU1:[93m69.4%[97m([91m16.5c[97m) [97mU2:[93m35.6%[97m([91m7.1c[97m) [97mR:[93m80.3%[97m([91m21.4c[97m) [97mS-L: [92m1:[96m48% [92m2:[96m30% [92m3:[96m26% [92m4:[96m27% [92m5:[96m35% [92m6:[96m48%[39m [34mF1_perclass: 61.0-66.4-52.7-52.9-57.0-73.4-38.0 [39m[39m
2026-01-15 21:30:42,766 - Agent - INFO - [37mTest Epoch 106 step 106 with [31mce_loss_combined : 1.651276 [31mce_loss_c : 1.653823 [31mce_loss_g : 1.569566 [31mce_mask0 : 1.650791 [31mce_mask1 : 1.651127 [31mkl_synergy_1 : 0.348495 [31mkl_synergy_2 : 0.322044 [31mtotal : 5.623732 [94mAcc_combined: 49.61 [94mAcc_c: 43.05 [94mAcc_g: 43.83 [97mS:[93m30.7%[97m([91m8.8c[97m-[94mF1:19.0%) [97mU1:[93m58.3%[97m([91m14.1c[97m) [97mU2:[93m36.1%[97m([91m8.8c[97m) [97mR:[93m78.5%[97m([91m17.9c[97m) [97mS-L: [92m1:[96m38% [92m2:[96m13% [92m3:[96m17% [92m4:[96m12% [92m5:[96m19% [92m6:[96m49%[39m [34mF1_perclass: 50.8-60.6-43.6-46.7-43.5-64.1-38.3 [39m[39m
2026-01-15 21:30:42,768 - Agent - INFO - Total number of trainable parameters are: 22487018
2026-01-15 21:32:06,883 - Agent - INFO - [37mVal Epoch 107 step 107 with [31mce_loss_combined : 1.551097 [31mce_loss_c : 1.643522 [31mce_loss_g : 1.539914 [31mce_mask0 : 1.549907 [31mce_mask1 : 1.553437 [31mkl_synergy_1 : 0.372418 [31mkl_synergy_2 : 0.339920 [31mtotal : 5.366779 [94mAcc_combined: 58.09 [94mAcc_c: 48.52 [94mAcc_g: 44.31 [97mS:[93m38.7%[97m([91m11.5c[97m-[94mF1:33.4%) [97mU1:[93m74.6%[97m([91m17.8c[97m) [97mU2:[93m38.5%[97m([91m7.6c[97m) [97mR:[93m79.5%[97m([91m21.2c[97m) [97mS-L: [92m1:[96m48% [92m2:[96m24% [92m3:[96m35% [92m4:[96m27% [92m5:[96m45% [92m6:[96m46%[39m [34mF1_perclass: 63.7-68.9-50.2-53.0-59.1-75.6-38.4 [39m[39m
2026-01-15 21:32:06,906 - Agent - INFO - [37mTest Epoch 107 step 107 with [31mce_loss_combined : 1.612846 [31mce_loss_c : 1.666603 [31mce_loss_g : 1.560831 [31mce_mask0 : 1.610567 [31mce_mask1 : 1.618611 [31mkl_synergy_1 : 0.321307 [31mkl_synergy_2 : 0.295844 [31mtotal : 5.459175 [94mAcc_combined: 51.39 [94mAcc_c: 42.71 [94mAcc_g: 43.94 [97mS:[93m28.4%[97m([91m8.1c[97m-[94mF1:17.7%) [97mU1:[93m64.2%[97m([91m15.6c[97m) [97mU2:[93m40.2%[97m([91m9.8c[97m) [97mR:[93m78.5%[97m([91m17.9c[97m) [97mS-L: [92m1:[96m25% [92m2:[96m18% [92m3:[96m11% [92m4:[96m8% [92m5:[96m29% [92m6:[96m44%[39m [34mF1_perclass: 56.9-59.8-46.3-45.9-44.4-66.7-38.2 [39m[39m
2026-01-15 21:32:06,908 - Agent - INFO - Total number of trainable parameters are: 22487018
2026-01-15 21:33:34,348 - Agent - INFO - [37mVal Epoch 108 step 108 with [31mce_loss_combined : 1.563822 [31mce_loss_c : 1.648374 [31mce_loss_g : 1.501633 [31mce_mask0 : 1.568944 [31mce_mask1 : 1.572701 [31mkl_synergy_1 : 0.372074 [31mkl_synergy_2 : 0.346156 [31mtotal : 5.423697 [94mAcc_combined: 57.18 [94mAcc_c: 48.41 [94mAcc_g: 45.90 [97mS:[93m37.5%[97m([91m11.2c[97m-[94mF1:31.7%) [97mU1:[93m70.3%[97m([91m16.7c[97m) [97mU2:[93m40.2%[97m([91m8.0c[97m) [97mR:[93m79.9%[97m([91m21.3c[97m) [97mS-L: [92m1:[96m39% [92m2:[96m30% [92m3:[96m32% [92m4:[96m33% [92m5:[96m40% [92m6:[96m43%[39m [34mF1_perclass: 59.1-67.9-53.1-54.5-60.6-71.7-36.4 [39m[39m
2026-01-15 21:33:34,378 - Agent - INFO - [37mTest Epoch 108 step 108 with [31mce_loss_combined : 1.647441 [31mce_loss_c : 1.684470 [31mce_loss_g : 1.551848 [31mce_mask0 : 1.653424 [31mce_mask1 : 1.638932 [31mkl_synergy_1 : 0.344990 [31mkl_synergy_2 : 0.310287 [31mtotal : 5.595074 [94mAcc_combined: 48.05 [94mAcc_c: 42.83 [94mAcc_g: 45.27 [97mS:[93m27.2%[97m([91m7.8c[97m-[94mF1:18.1%) [97mU1:[93m60.6%[97m([91m14.7c[97m) [97mU2:[93m36.5%[97m([91m8.9c[97m) [97mR:[93m73.2%[97m([91m16.7c[97m) [97mS-L: [92m1:[96m38% [92m2:[96m16% [92m3:[96m11% [92m4:[96m21% [92m5:[96m19% [92m6:[96m41%[39m [34mF1_perclass: 49.5-54.3-44.3-44.5-47.7-64.2-33.1 [39m[39m
2026-01-15 21:33:34,379 - Agent - INFO - Total number of trainable parameters are: 22487018
2026-01-15 21:34:53,098 - Agent - INFO - [37mVal Epoch 109 step 109 with [31mce_loss_combined : 1.572182 [31mce_loss_c : 1.659526 [31mce_loss_g : 1.510689 [31mce_mask0 : 1.574983 [31mce_mask1 : 1.576119 [31mkl_synergy_1 : 0.370527 [31mkl_synergy_2 : 0.339941 [31mtotal : 5.433752 [94mAcc_combined: 56.26 [94mAcc_c: 47.84 [94mAcc_g: 46.24 [97mS:[93m40.2%[97m([91m12.0c[97m-[94mF1:34.1%) [97mU1:[93m67.0%[97m([91m15.9c[97m) [97mU2:[93m39.7%[97m([91m7.9c[97m) [97mR:[93m76.9%[97m([91m20.5c[97m) [97mS-L: [92m1:[96m52% [92m2:[96m35% [92m3:[96m35% [92m4:[96m27% [92m5:[96m40% [92m6:[96m46%[39m [34mF1_perclass: 56.0-70.7-51.5-52.3-55.2-74.3-37.7 [39m[39m
2026-01-15 21:34:53,123 - Agent - INFO - [37mTest Epoch 109 step 109 with [31mce_loss_combined : 1.655469 [31mce_loss_c : 1.685425 [31mce_loss_g : 1.582263 [31mce_mask0 : 1.658007 [31mce_mask1 : 1.648230 [31mkl_synergy_1 : 0.343523 [31mkl_synergy_2 : 0.295955 [31mtotal : 5.601184 [94mAcc_combined: 47.27 [94mAcc_c: 42.94 [94mAcc_g: 43.49 [97mS:[93m30.7%[97m([91m8.8c[97m-[94mF1:20.0%) [97mU1:[93m54.1%[97m([91m13.1c[97m) [97mU2:[93m37.9%[97m([91m9.2c[97m) [97mR:[93m70.7%[97m([91m16.1c[97m) [97mS-L: [92m1:[96m38% [92m2:[96m18% [92m3:[96m25% [92m4:[96m12% [92m5:[96m19% [92m6:[96m45%[39m [34mF1_perclass: 41.9-55.1-44.0-46.5-42.1-65.0-34.3 [39m[39m
2026-01-15 21:34:53,124 - Agent - INFO - Total number of trainable parameters are: 22487018
2026-01-15 21:36:14,995 - Agent - INFO - [37mVal Epoch 110 step 110 with [31mce_loss_combined : 1.582244 [31mce_loss_c : 1.664487 [31mce_loss_g : 1.518094 [31mce_mask0 : 1.588046 [31mce_mask1 : 1.585962 [31mkl_synergy_1 : 0.381701 [31mkl_synergy_2 : 0.356583 [31mtotal : 5.494537 [94mAcc_combined: 55.24 [94mAcc_c: 48.06 [94mAcc_g: 44.87 [97mS:[93m37.5%[97m([91m11.2c[97m-[94mF1:30.0%) [97mU1:[93m68.4%[97m([91m16.3c[97m) [97mU2:[93m37.4%[97m([91m7.4c[97m) [97mR:[93m76.5%[97m([91m20.4c[97m) [97mS-L: [92m1:[96m35% [92m2:[96m38% [92m3:[96m26% [92m4:[96m20% [92m5:[96m45% [92m6:[96m46%[39m [34mF1_perclass: 57.9-63.5-50.0-54.8-53.9-73.3-37.4 [39m[39m
2026-01-15 21:36:15,018 - Agent - INFO - [37mTest Epoch 110 step 110 with [31mce_loss_combined : 1.655823 [31mce_loss_c : 1.689871 [31mce_loss_g : 1.566525 [31mce_mask0 : 1.667383 [31mce_mask1 : 1.667077 [31mkl_synergy_1 : 0.348393 [31mkl_synergy_2 : 0.307375 [31mtotal : 5.646052 [94mAcc_combined: 47.94 [94mAcc_c: 42.05 [94mAcc_g: 43.38 [97mS:[93m28.4%[97m([91m8.1c[97m-[94mF1:16.7%) [97mU1:[93m62.4%[97m([91m15.1c[97m) [97mU2:[93m34.2%[97m([91m8.3c[97m) [97mR:[93m71.7%[97m([91m16.4c[97m) [97mS-L: [92m1:[96m12% [92m2:[96m26% [92m3:[96m6% [92m4:[96m12% [92m5:[96m24% [92m6:[96m44%[39m [34mF1_perclass: 49.7-51.0-45.3-44.0-41.9-64.1-37.4 [39m[39m
2026-01-15 21:36:16,322 - Agent - INFO - Total number of trainable parameters are: 22487018
2026-01-15 21:37:39,765 - Agent - INFO - [37mVal Epoch 111 step 111 with [31mce_loss_combined : 1.560337 [31mce_loss_c : 1.653338 [31mce_loss_g : 1.546834 [31mce_mask0 : 1.566536 [31mce_mask1 : 1.567676 [31mkl_synergy_1 : 0.371475 [31mkl_synergy_2 : 0.341228 [31mtotal : 5.407252 [94mAcc_combined: 57.63 [94mAcc_c: 48.63 [94mAcc_g: 46.01 [97mS:[93m37.2%[97m([91m11.0c[97m-[94mF1:30.2%) [97mU1:[93m73.2%[97m([91m17.4c[97m) [97mU2:[93m37.9%[97m([91m7.5c[97m) [97mR:[93m81.2%[97m([91m21.6c[97m) [97mS-L: [92m0:[96m25% [92m1:[96m39% [92m2:[96m27% [92m3:[96m32% [92m4:[96m13% [92m5:[96m35% [92m6:[96m48%[39m [34mF1_perclass: 64.5-69.9-50.0-52.5-56.4-73.3-39.7 [39m[39m
2026-01-15 21:37:39,790 - Agent - INFO - [37mTest Epoch 111 step 111 with [31mce_loss_combined : 1.603564 [31mce_loss_c : 1.677218 [31mce_loss_g : 1.556372 [31mce_mask0 : 1.606810 [31mce_mask1 : 1.604416 [31mkl_synergy_1 : 0.345104 [31mkl_synergy_2 : 0.293258 [31mtotal : 5.453151 [94mAcc_combined: 52.39 [94mAcc_c: 42.83 [94mAcc_g: 46.83 [97mS:[93m29.6%[97m([91m8.5c[97m-[94mF1:19.1%) [97mU1:[93m65.1%[97m([91m15.8c[97m) [97mU2:[93m40.6%[97m([91m9.9c[97m) [97mR:[93m80.0%[97m([91m18.2c[97m) [97mS-L: [92m1:[96m25% [92m2:[96m18% [92m3:[96m25% [92m4:[96m12% [92m5:[96m19% [92m6:[96m43%[39m [34mF1_perclass: 61.7-61.3-49.3-46.6-45.0-66.0-37.7 [39m[39m
2026-01-15 21:37:39,792 - Agent - INFO - Total number of trainable parameters are: 22487018
2026-01-15 21:39:03,298 - Agent - INFO - [37mVal Epoch 112 step 112 with [31mce_loss_combined : 1.580138 [31mce_loss_c : 1.667602 [31mce_loss_g : 1.541505 [31mce_mask0 : 1.582862 [31mce_mask1 : 1.584655 [31mkl_synergy_1 : 0.360052 [31mkl_synergy_2 : 0.329439 [31mtotal : 5.437146 [94mAcc_combined: 55.47 [94mAcc_c: 48.06 [94mAcc_g: 43.96 [97mS:[93m38.3%[97m([91m11.4c[97m-[94mF1:31.3%) [97mU1:[93m66.0%[97m([91m15.7c[97m) [97mU2:[93m38.5%[97m([91m7.6c[97m) [97mR:[93m77.8%[97m([91m20.7c[97m) [97mS-L: [92m1:[96m35% [92m2:[96m30% [92m3:[96m35% [92m4:[96m27% [92m5:[96m45% [92m6:[96m46%[39m [34mF1_perclass: 54.9-66.2-49.5-56.1-56.0-71.5-37.2 [39m[39m
2026-01-15 21:39:03,330 - Agent - INFO - [37mTest Epoch 112 step 112 with [31mce_loss_combined : 1.633824 [31mce_loss_c : 1.693165 [31mce_loss_g : 1.568383 [31mce_mask0 : 1.629943 [31mce_mask1 : 1.641028 [31mkl_synergy_1 : 0.346809 [31mkl_synergy_2 : 0.309467 [31mtotal : 5.561071 [94mAcc_combined: 48.50 [94mAcc_c: 42.49 [94mAcc_g: 43.94 [97mS:[93m28.0%[97m([91m8.0c[97m-[94mF1:17.6%) [97mU1:[93m57.3%[97m([91m13.9c[97m) [97mU2:[93m39.7%[97m([91m9.7c[97m) [97mR:[93m74.1%[97m([91m16.9c[97m) [97mS-L: [92m1:[96m25% [92m2:[96m11% [92m3:[96m25% [92m4:[96m12% [92m5:[96m19% [92m6:[96m42%[39m [34mF1_perclass: 43.5-56.8-41.5-48.6-45.4-64.0-35.9 [39m[39m
2026-01-15 21:39:03,331 - Agent - INFO - Total number of trainable parameters are: 22487018
2026-01-15 21:39:07,892 - Agent - INFO - We are in the final state.
2026-01-15 21:39:08,232 - root - INFO - Loaded best model from /esat/smcdata/users/kkontras/Image_Dataset/no_backup/data/2025_data/synergy/CremadPlus/v2/SynIB_RMask_fold0_l1_vldsyn_accuracy_fillema_lsparse5_lr0.0001_wd0.0001_clsmlp_bs64.pth.tar
2026-01-15 21:39:17,012 - Agent - INFO - [37mVal Epoch 112 step 0 with [31mce_loss_combined : 1.533414 [31mce_loss_c : 1.583885 [31mce_loss_g : 1.573515 [31mce_mask0 : 1.542125 [31mce_mask1 : 1.544088 [31mkl_synergy_1 : 0.398750 [31mkl_synergy_2 : 0.351985 [31mtotal : 5.370361 [94mAcc_combined: 57.86 [94mAcc_c: 49.32 [94mAcc_g: 42.94 [97mS:[93m44.4%[97m([91m13.2c[97m-[94mF1:32.6%) [97mU1:[93m69.4%[97m([91m16.5c[97m) [97mU2:[93m34.5%[97m([91m6.8c[97m) [97mR:[93m79.9%[97m([91m21.3c[97m) [97mS-L: [92m1:[96m65% [92m2:[96m32% [92m3:[96m13% [92m4:[96m13% [92m5:[96m35% [92m6:[96m64%[39m [34mF1_perclass: 62.0-73.5-57.3-41.2-56.4-73.4-41.7 [39m[39m
2026-01-15 21:39:31,395 - Agent - INFO - [37mTest Epoch 112 step 0 with [31mce_loss_combined : 1.634095 [31mce_loss_c : 1.600425 [31mce_loss_g : 1.640962 [31mce_mask0 : 1.636933 [31mce_mask1 : 1.634886 [31mkl_synergy_1 : 0.370494 [31mkl_synergy_2 : 0.321865 [31mtotal : 5.598272 [94mAcc_combined: 51.39 [94mAcc_c: 44.27 [94mAcc_g: 42.05 [97mS:[93m31.9%[97m([91m9.1c[97m-[94mF1:14.5%) [97mU1:[93m59.6%[97m([91m14.5c[97m) [97mU2:[93m37.9%[97m([91m9.2c[97m) [97mR:[93m81.5%[97m([91m18.6c[97m) [97mS-L: [92m1:[96m38% [92m2:[96m11% [92m5:[96m24% [92m6:[96m59%[39m [34mF1_perclass: 59.6-65.4-44.1-33.7-47.7-65.8-37.9 [39m[39m
2026-01-15 21:39:32,615 - Agent - INFO - [37mModel saved successfully at: /esat/smcdata/users/kkontras/Image_Dataset/no_backup/data/2025_data/synergy/CremadPlus/v2/SynIB_RMask_fold0_l1_vldsyn_accuracy_fillema_lsparse5_lr0.0001_wd0.0001_clsmlp_bs64.pth.tar[39m
Job finished
